"date","away_stats","home_stats","home_fifa","league","away_team","league_profile_id","away_fifa","away_sofascore","real_results","home_sofascore","home_team","results","status","id","created_date","updated_date","created_by_id","created_by","is_sample"
"2026-08-03","{""goals"":{""t"":1.1,""c"":1.05},""corners"":{""t"":4.25,""c"":3.5},""cards"":{""t"":2.6,""c"":2.6},""crosses"":{""t"":4.3,""c"":3.75},""big_chance_created"":{""t"":2,""c"":1.4},""big_chance_missed"":{""t"":1.1,""c"":0.7},""big_chance_scored"":{""t"":0.9,""c"":0.7},""xg"":{""t"":0.15,""c"":0.09},""shots_on_target"":{""t"":3.45,""c"":3.15},""shots_in_box"":{""t"":6.5,""c"":6.4},""total_shots"":{""t"":11.2,""c"":10.55},""shots_outside_box"":{""t"":4.7,""c"":4.15},""clearances"":{""t"":22.3,""c"":23.15},""dispossessed"":{""t"":7.15,""c"":8.85},""errors_goal"":{""t"":0.05,""c"":0.1},""errors_shot"":{""t"":0.2,""c"":0.2},""fouls"":{""t"":12.5,""c"":11.15},""gk_saves"":{""t"":2.1,""c"":2.55},""interceptions"":{""t"":9.6,""c"":8.65},""tackles"":{""t"":18.2,""c"":15.8},""free_kicks"":{""t"":11.95,""c"":14.35},""goal_kicks"":{""t"":8.15,""c"":8.25},""throw_ins"":{""t"":21.5,""c"":20.7},""possession"":{""t"":42.95,""c"":52.05},""offsides"":{""t"":2,""c"":1.05},""passes"":{""t"":290.15,""c"":366.65},""touches_opp_box"":{""t"":14.6,""c"":16.8},""red_cards"":{""t"":0.15,""c"":0.05},""yellow_cards"":{""t"":2.45,""c"":2.55}}","{""goals"":{""t"":1.1,""c"":0.85},""corners"":{""t"":3.9,""c"":4.9},""cards"":{""t"":3.25,""c"":2.5},""crosses"":{""t"":3.25,""c"":4.7},""big_chance_created"":{""t"":1.35,""c"":1.65},""big_chance_missed"":{""t"":0.8,""c"":1.1},""big_chance_scored"":{""t"":0.55,""c"":0.55},""xg"":{""t"":0.38,""c"":0.46},""shots_on_target"":{""t"":4,""c"":3.3},""shots_in_box"":{""t"":5.95,""c"":6.7},""total_shots"":{""t"":10.85,""c"":11.75},""shots_outside_box"":{""t"":4.9,""c"":5.05},""clearances"":{""t"":27.85,""c"":29.25},""dispossessed"":{""t"":6,""c"":6.65},""errors_goal"":{""t"":0.05,""c"":0.15},""errors_shot"":{""t"":0.1,""c"":0.15},""fouls"":{""t"":12.6,""c"":12.65},""gk_saves"":{""t"":2.55,""c"":3},""interceptions"":{""t"":8.45,""c"":9.55},""tackles"":{""t"":15.45,""c"":14.8},""free_kicks"":{""t"":14.3,""c"":14},""goal_kicks"":{""t"":8.75,""c"":7.55},""throw_ins"":{""t"":22.05,""c"":20.9},""possession"":{""t"":48.65,""c"":46.35},""offsides"":{""t"":1.6,""c"":1.9},""passes"":{""t"":363.25,""c"":349.8},""touches_opp_box"":{""t"":15.7,""c"":16.25},""red_cards"":{""t"":0.3,""c"":0.05},""yellow_cards"":{""t"":2.95,""c"":2.45}}","","","Tucuman","","","","","","Huracan","{""xc_casa"":4.34,""xc_fora"":4.78,""xc_total"":9.12,""dc"":{""base"":3.7,""indice_ofensivo"":1.0168,""indice_defensivo"":1.0253,""indice_composto"":1.0202,""detalhes_of"":{""shots_on_target"":[0.27,1.119],""shots_in_box"":[0.22,0.964],""big_chance_missed"":[0.13,1.067],""crosses"":[0.13,0.929],""touches_opp_box"":[0.13,0.966],""total_shots"":[0.1,1.014],""possession"":[0.08,0.966]},""detalhes_def"":{""gk_saves"":[0.5,0.787],""clearances"":[0.25,1.642],""shots_ced"":[0.25,0.884]}},""df"":{""base"":4.575,""indice_ofensivo"":0.9854,""indice_defensivo"":1.1316,""indice_composto"":1.0439,""detalhes_of"":{""shots_on_target"":[0.27,1.022],""shots_in_box"":[0.22,0.985],""big_chance_missed"":[0.13,1],""crosses"":[0.13,0.956],""touches_opp_box"":[0.13,0.947],""total_shots"":[0.1,0.976],""possession"":[0.08,0.962]},""detalhes_def"":{""gk_saves"":[0.5,0.929],""clearances"":[0.25,1.692],""shots_ced"":[0.25,0.977]}},""xg_casa"":1.2,""xg_fora"":0.87,""xg_total"":2.07,""xs_casa"":3.71,""xs_fora"":3.69,""xs_total"":7.4,""p_btts"":0.3167,""db"":{""xg_casa"":1.2,""xg_fora"":0.87,""p_casa_marca"":0.6988,""p_fora_marca"":0.581},""xcard_casa"":2.7,""xcard_fora"":2.65,""xcard_total"":5.35,""xfouls_casa"":15.02,""xfouls_fora"":16.48,""xfouls_total"":31.5,""xsaves_casa"":2.44,""xsaves_fora"":2.82,""xsaves_total"":5.26,""xtotalshots_casa"":10.32,""xtotalshots_fora"":11.39,""xtotalshots_total"":21.71,""p_casa_vence"":0.4365,""p_empate"":0.2966,""p_fora_vence"":0.267,""placares_top5"":[{""placar"":""1×0"",""prob"":0.1514},{""placar"":""1×1"",""prob"":0.1317},{""placar"":""0×0"",""prob"":0.1262},{""placar"":""0×1"",""prob"":0.1098},{""placar"":""2×0"",""prob"":0.0909}]}","pending","6a70d6b42db7ac3474268e4d","2026-08-03T17:58:12.274000","2026-08-03T17:58:12.274000","6a397687c9763709d6ee2143","lauremank622@gmail.com","false"
"2026-08-03","{""goals"":{""t"":1.45,""c"":1.35},""corners"":{""t"":4.65,""c"":3.9},""cards"":{""t"":2.2,""c"":2.8},""crosses"":{""t"":5.55,""c"":4.35},""big_chance_created"":{""t"":1.9,""c"":1.45},""big_chance_missed"":{""t"":1.4,""c"":0.9},""big_chance_scored"":{""t"":0.5,""c"":0.6},""xg"":{""t"":0.58,""c"":0.45},""shots_on_target"":{""t"":4.35,""c"":4.35},""shots_in_box"":{""t"":7.15,""c"":8.2},""total_shots"":{""t"":12.75,""c"":12.55},""shots_outside_box"":{""t"":5.6,""c"":4.35},""clearances"":{""t"":22.4,""c"":24.6},""dispossessed"":{""t"":8.7,""c"":7.05},""errors_goal"":{""t"":0,""c"":0.05},""errors_shot"":{""t"":0.2,""c"":0.2},""fouls"":{""t"":11.5,""c"":12.85},""gk_saves"":{""t"":3.4,""c"":3.5},""interceptions"":{""t"":9.1,""c"":8.95},""tackles"":{""t"":16.7,""c"":18.5},""free_kicks"":{""t"":14.5,""c"":12.35},""goal_kicks"":{""t"":8.35,""c"":7.65},""throw_ins"":{""t"":21.9,""c"":19.35},""possession"":{""t"":49.85,""c"":45.15},""offsides"":{""t"":0.95,""c"":1.7},""passes"":{""t"":374.1,""c"":349},""touches_opp_box"":{""t"":16.8,""c"":18.5},""red_cards"":{""t"":0.15,""c"":0.05},""yellow_cards"":{""t"":2.05,""c"":2.75}}","{""goals"":{""t"":0.85,""c"":1.6},""corners"":{""t"":3.65,""c"":4.25},""cards"":{""t"":2.65,""c"":1.8},""crosses"":{""t"":3.15,""c"":5.7},""big_chance_created"":{""t"":0.85,""c"":1.85},""big_chance_missed"":{""t"":0.55,""c"":0.95},""big_chance_scored"":{""t"":0.25,""c"":0.9},""xg"":{""t"":0.23,""c"":0.23},""shots_on_target"":{""t"":2.3,""c"":4.85},""shots_in_box"":{""t"":4.9,""c"":9.1},""total_shots"":{""t"":8.45,""c"":14.4},""shots_outside_box"":{""t"":3.55,""c"":5.3},""clearances"":{""t"":28.1,""c"":24.4},""dispossessed"":{""t"":7.1,""c"":7.85},""errors_goal"":{""t"":0.05,""c"":0.05},""errors_shot"":{""t"":0.05,""c"":0.3},""fouls"":{""t"":12.4,""c"":10.75},""gk_saves"":{""t"":3.55,""c"":1.75},""interceptions"":{""t"":9.75,""c"":9.1},""tackles"":{""t"":17.05,""c"":15.05},""free_kicks"":{""t"":11.75,""c"":14},""goal_kicks"":{""t"":8.9,""c"":5.6},""throw_ins"":{""t"":17.15,""c"":20.75},""possession"":{""t"":41.6,""c"":53.4},""offsides"":{""t"":1.7,""c"":1.05},""passes"":{""t"":313.1,""c"":404.25},""touches_opp_box"":{""t"":12.65,""c"":21.5},""red_cards"":{""t"":0.05,""c"":0.05},""yellow_cards"":{""t"":2.6,""c"":1.75}}","","","San Lorenzo","","","","","","Córdoba","{""xc_casa"":4.52,""xc_fora"":4.25,""xc_total"":8.77,""dc"":{""base"":3.775,""indice_ofensivo"":0.7754,""indice_defensivo"":1.4378,""indice_composto"":1.0404,""detalhes_of"":{""shots_on_target"":[0.27,0.692],""shots_in_box"":[0.22,0.748],""big_chance_missed"":[0.13,0.759],""crosses"":[0.13,0.84],""touches_opp_box"":[0.13,0.812],""total_shots"":[0.1,0.805],""possession"":[0.08,0.959]},""detalhes_def"":{""gk_saves"":[0.5,1.26],""clearances"":[0.25,1.827],""shots_ced"":[0.25,1.405]}},""df"":{""base"":4.45,""indice_ofensivo"":0.9597,""indice_defensivo"":0.9504,""indice_composto"":0.956,""detalhes_of"":{""shots_on_target"":[0.27,0.946],""shots_in_box"":[0.22,0.88],""big_chance_missed"":[0.13,1.191],""crosses"":[0.13,0.987],""touches_opp_box"":[0.13,0.877],""total_shots"":[0.1,0.939],""possession"":[0.08,0.966]},""detalhes_def"":{""gk_saves"":[0.5,0.603],""clearances"":[0.25,1.542],""shots_ced"":[0.25,1.053]}},""xg_casa"":1.17,""xg_fora"":1.35,""xg_total"":2.52,""xs_casa"":3.54,""xs_fora"":4.37,""xs_total"":7.91,""p_btts"":0.3985,""db"":{""xg_casa"":1.17,""xg_fora"":1.35,""p_casa_marca"":0.6896,""p_fora_marca"":0.7408},""xcard_casa"":2.53,""xcard_fora"":2.06,""xcard_total"":4.59,""xfouls_casa"":15.8,""xfouls_fora"":14.6,""xfouls_total"":30.4,""xsaves_casa"":3.53,""xsaves_fora"":1.87,""xsaves_total"":5.4,""xtotalshots_casa"":8.42,""xtotalshots_fora"":12.67,""xtotalshots_total"":21.09,""p_casa_vence"":0.3236,""p_empate"":0.2675,""p_fora_vence"":0.4089,""placares_top5"":[{""placar"":""1×1"",""prob"":0.1271},{""placar"":""0×1"",""prob"":0.1086},{""placar"":""1×0"",""prob"":0.0941},{""placar"":""1×2"",""prob"":0.0858},{""placar"":""0×0"",""prob"":0.0805}]}","pending","6a70d6989047e577c1d33685","2026-08-03T17:57:44.833000","2026-08-03T17:57:44.833000","6a397687c9763709d6ee2143","lauremank622@gmail.com","false"
"2026-08-03","{""goals"":{""t"":1.6,""c"":1.25},""corners"":{""t"":5.3,""c"":3.7},""cards"":{""t"":2.55,""c"":2.2},""crosses"":{""t"":4.2,""c"":4.35},""big_chance_created"":{""t"":1.5,""c"":2},""big_chance_missed"":{""t"":0.7,""c"":1.15},""big_chance_scored"":{""t"":0.8,""c"":0.85},""xg"":{""t"":0.28,""c"":0.22},""shots_on_target"":{""t"":3.85,""c"":3.25},""shots_in_box"":{""t"":7.75,""c"":6.95},""total_shots"":{""t"":12.1,""c"":10},""shots_outside_box"":{""t"":4.35,""c"":3.05},""clearances"":{""t"":23.35,""c"":32.6},""dispossessed"":{""t"":8.4,""c"":8.05},""errors_goal"":{""t"":0.15,""c"":0.15},""errors_shot"":{""t"":0,""c"":0},""fouls"":{""t"":11.25,""c"":12.15},""gk_saves"":{""t"":2.15,""c"":2.5},""interceptions"":{""t"":8.1,""c"":10.95},""tackles"":{""t"":15.9,""c"":18.7},""free_kicks"":{""t"":14.15,""c"":12.95},""goal_kicks"":{""t"":6.15,""c"":7.35},""throw_ins"":{""t"":21.85,""c"":19.45},""possession"":{""t"":49.15,""c"":45.85},""offsides"":{""t"":1.95,""c"":2.1},""passes"":{""t"":337.7,""c"":322.45},""touches_opp_box"":{""t"":21.5,""c"":17.85},""red_cards"":{""t"":0.2,""c"":0.05},""yellow_cards"":{""t"":2.35,""c"":2.15}}","{""goals"":{""t"":1.35,""c"":0.75},""corners"":{""t"":4.3,""c"":4.3},""cards"":{""t"":2.05,""c"":2.9},""crosses"":{""t"":4.45,""c"":4.55},""big_chance_created"":{""t"":2.15,""c"":1.15},""big_chance_missed"":{""t"":1.4,""c"":0.85},""big_chance_scored"":{""t"":0.75,""c"":0.3},""xg"":{""t"":0.26,""c"":0.36},""shots_on_target"":{""t"":4.1,""c"":4.2},""shots_in_box"":{""t"":7.25,""c"":6.6},""total_shots"":{""t"":11.85,""c"":12.4},""shots_outside_box"":{""t"":4.6,""c"":5.8},""clearances"":{""t"":25.65,""c"":26},""dispossessed"":{""t"":7.75,""c"":9.65},""errors_goal"":{""t"":0,""c"":0.05},""errors_shot"":{""t"":0.2,""c"":0.45},""fouls"":{""t"":9.8,""c"":12.5},""gk_saves"":{""t"":3.6,""c"":2.95},""interceptions"":{""t"":8.5,""c"":10.85},""tackles"":{""t"":18.15,""c"":16.8},""free_kicks"":{""t"":14.5,""c"":10.7},""goal_kicks"":{""t"":7.5,""c"":8.05},""throw_ins"":{""t"":19,""c"":18.1},""possession"":{""t"":52.45,""c"":42.55},""offsides"":{""t"":0.95,""c"":2.15},""passes"":{""t"":420.4,""c"":340.45},""touches_opp_box"":{""t"":18.35,""c"":16.7},""red_cards"":{""t"":0.05,""c"":0.05},""yellow_cards"":{""t"":2,""c"":2.85}}","","","Independiente","","","","","","Velez","{""xc_casa"":4.81,""xc_fora"":4.97,""xc_total"":9.78,""dc"":{""base"":4,""indice_ofensivo"":1.062,""indice_defensivo"":1.0229,""indice_composto"":1.0463,""detalhes_of"":{""shots_on_target"":[0.27,1.116],""shots_in_box"":[0.22,1.021],""big_chance_missed"":[0.13,1.098],""crosses"":[0.13,1.011],""touches_opp_box"":[0.13,1.014],""total_shots"":[0.1,1.085],""possession"":[0.08,1.067]},""detalhes_def"":{""gk_saves"":[0.5,0.769],""clearances"":[0.25,1.665],""shots_ced"":[0.25,0.888]}},""df"":{""base"":4.8,""indice_ofensivo"":1.0085,""indice_defensivo"":1.0759,""indice_composto"":1.0354,""detalhes_of"":{""shots_on_target"":[0.27,0.957],""shots_in_box"":[0.22,1.08],""big_chance_missed"":[0.13,0.903],""crosses"":[0.13,0.96],""touches_opp_box"":[0.13,1.126],""total_shots"":[0.1,0.988],""possession"":[0.08,1.072]},""detalhes_def"":{""gk_saves"":[0.5,0.87],""clearances"":[0.25,1.519],""shots_ced"":[0.25,1.044]}},""xg_casa"":1.42,""xg_fora"":1.2,""xg_total"":2.62,""xs_casa"":3.95,""xs_fora"":4.43,""xs_total"":8.38,""p_btts"":0.4133,""db"":{""xg_casa"":1.42,""xg_fora"":1.2,""p_casa_marca"":0.7583,""p_fora_marca"":0.6988},""xcard_casa"":1.82,""xcard_fora"":2.59,""xcard_total"":4.41,""xfouls_casa"":12.94,""xfouls_fora"":14.22,""xfouls_total"":27.16,""xsaves_casa"":3.08,""xsaves_fora"":2.74,""xsaves_total"":5.82,""xtotalshots_casa"":11.22,""xtotalshots_fora"":13.31,""xtotalshots_total"":24.53,""p_casa_vence"":0.4208,""p_empate"":0.2609,""p_fora_vence"":0.3183,""placares_top5"":[{""placar"":""1×1"",""prob"":0.1241},{""placar"":""1×0"",""prob"":0.1034},{""placar"":""2×1"",""prob"":0.0881},{""placar"":""0×1"",""prob"":0.0874},{""placar"":""1×2"",""prob"":0.0744}]}","pending","6a70d67df13b5dcb03a1c630","2026-08-03T17:57:17.380000","2026-08-03T17:57:17.380000","6a397687c9763709d6ee2143","lauremank622@gmail.com","false"
"2026-08-03","{""goals"":{""t"":0.9,""c"":1},""corners"":{""t"":4.35,""c"":4.6},""cards"":{""t"":2.5,""c"":2.45},""crosses"":{""t"":4.7,""c"":4.15},""big_chance_created"":{""t"":0.95,""c"":2},""big_chance_missed"":{""t"":0.5,""c"":1.45},""big_chance_scored"":{""t"":0.45,""c"":0.55},""xg"":{""t"":0.29,""c"":0.18},""shots_on_target"":{""t"":3.95,""c"":3.85},""shots_in_box"":{""t"":6.65,""c"":7.3},""total_shots"":{""t"":11.95,""c"":11.7},""shots_outside_box"":{""t"":5.3,""c"":4.4},""clearances"":{""t"":25.9,""c"":21.55},""dispossessed"":{""t"":6.5,""c"":8.35},""errors_goal"":{""t"":0.1,""c"":0.1},""errors_shot"":{""t"":0.4,""c"":0.2},""fouls"":{""t"":11.15,""c"":10.95},""gk_saves"":{""t"":2.9,""c"":3.15},""interceptions"":{""t"":7.45,""c"":9.1},""tackles"":{""t"":17.05,""c"":17.15},""free_kicks"":{""t"":12.7,""c"":12.35},""goal_kicks"":{""t"":8,""c"":7.4},""throw_ins"":{""t"":18,""c"":19.4},""possession"":{""t"":50.95,""c"":44.05},""offsides"":{""t"":1.3,""c"":1.75},""passes"":{""t"":395.4,""c"":331.75},""touches_opp_box"":{""t"":15.45,""c"":17},""red_cards"":{""t"":0.15,""c"":0.1},""yellow_cards"":{""t"":2.35,""c"":2.35}}","{""goals"":{""t"":1.05,""c"":1.3},""corners"":{""t"":4.4,""c"":3.3},""cards"":{""t"":2.2,""c"":2.9},""crosses"":{""t"":5.55,""c"":3.45},""big_chance_created"":{""t"":1.25,""c"":1.8},""big_chance_missed"":{""t"":0.8,""c"":1.2},""big_chance_scored"":{""t"":0.45,""c"":0.65},""xg"":{""t"":0.35,""c"":0.4},""shots_on_target"":{""t"":4.15,""c"":3.95},""shots_in_box"":{""t"":7.2,""c"":6.35},""total_shots"":{""t"":12,""c"":10.45},""shots_outside_box"":{""t"":4.8,""c"":4.1},""clearances"":{""t"":24.95,""c"":24.7},""dispossessed"":{""t"":7.75,""c"":8.7},""errors_goal"":{""t"":0.15,""c"":0.05},""errors_shot"":{""t"":0.2,""c"":0},""fouls"":{""t"":12.2,""c"":12.6},""gk_saves"":{""t"":2.75,""c"":3.4},""interceptions"":{""t"":11.2,""c"":10.2},""tackles"":{""t"":17.35,""c"":17.15},""free_kicks"":{""t"":14.35,""c"":13.8},""goal_kicks"":{""t"":6.5,""c"":7.75},""throw_ins"":{""t"":21.5,""c"":21.95},""possession"":{""t"":52,""c"":48},""offsides"":{""t"":1.7,""c"":1.85},""passes"":{""t"":373.7,""c"":352.85},""touches_opp_box"":{""t"":17.35,""c"":14.8},""red_cards"":{""t"":0.05,""c"":0.05},""yellow_cards"":{""t"":2.15,""c"":2.85}}","","","Talleres","","","","","","Platense","{""xc_casa"":5.27,""xc_fora"":3.96,""xc_total"":9.23,""dc"":{""base"":4.5,""indice_ofensivo"":0.9991,""indice_defensivo"":1.0452,""indice_composto"":1.0175,""detalhes_of"":{""shots_on_target"":[0.27,1.038],""shots_in_box"":[0.22,0.993],""big_chance_missed"":[0.13,0.711],""crosses"":[0.13,1.144],""touches_opp_box"":[0.13,1.01],""total_shots"":[0.1,1.013],""possession"":[0.08,1.083]},""detalhes_def"":{""gk_saves"":[0.5,0.868],""clearances"":[0.25,1.481],""shots_ced"":[0.25,0.963]}},""df"":{""base"":3.825,""indice_ofensivo"":0.9843,""indice_defensivo"":1.1121,""indice_composto"":1.0354,""detalhes_of"":{""shots_on_target"":[0.27,1],""shots_in_box"":[0.22,1.023],""big_chance_missed"":[0.13,0.588],""crosses"":[0.13,1.153],""touches_opp_box"":[0.13,1.021],""total_shots"":[0.1,1.067],""possession"":[0.08,1.03]},""detalhes_def"":{""gk_saves"":[0.5,0.926],""clearances"":[0.25,1.596],""shots_ced"":[0.25,1]}},""xg_casa"":1.15,""xg_fora"":1.01,""xg_total"":2.16,""xs_casa"":4.08,""xs_fora"":4.15,""xs_total"":8.23,""p_btts"":0.3389,""db"":{""xg_casa"":1.15,""xg_fora"":1.01,""p_casa_marca"":0.6834,""p_fora_marca"":0.6358},""xcard_casa"":2.19,""xcard_fora"":2.54,""xcard_total"":4.73,""xfouls_casa"":15.47,""xfouls_fora"":14.26,""xfouls_total"":29.73,""xsaves_casa"":2.77,""xsaves_fora"":3.18,""xsaves_total"":5.95,""xtotalshots_casa"":11.61,""xtotalshots_fora"":10.83,""xtotalshots_total"":22.44,""p_casa_vence"":0.3887,""p_empate"":0.2936,""p_fora_vence"":0.3177,""placares_top5"":[{""placar"":""1×1"",""prob"":0.134},{""placar"":""1×0"",""prob"":0.1326},{""placar"":""0×1"",""prob"":0.1165},{""placar"":""0×0"",""prob"":0.1153},{""placar"":""2×1"",""prob"":0.077}]}","pending","6a70d65021a4fa182d336cfa","2026-08-03T17:56:32.813000","2026-08-03T17:56:32.813000","6a397687c9763709d6ee2143","lauremank622@gmail.com","false"
"2026-08-03","{""goals"":{""t"":1.9,""c"":0.9},""corners"":{""t"":4.3,""c"":3.85},""cards"":{""t"":2.15,""c"":2.45},""crosses"":{""t"":6.75,""c"":4.3},""big_chance_created"":{""t"":2.25,""c"":1.3},""big_chance_missed"":{""t"":1,""c"":0.9},""big_chance_scored"":{""t"":1.25,""c"":0.4},""xg"":{""t"":0.88,""c"":0.41},""shots_on_target"":{""t"":4.95,""c"":3.8},""shots_in_box"":{""t"":9.05,""c"":6.15},""total_shots"":{""t"":13.45,""c"":11.75},""shots_outside_box"":{""t"":4.4,""c"":5.6},""clearances"":{""t"":22.5,""c"":25.45},""dispossessed"":{""t"":7.9,""c"":6.45},""errors_goal"":{""t"":0.05,""c"":0.3},""errors_shot"":{""t"":0.05,""c"":0.25},""fouls"":{""t"":11.75,""c"":11.55},""gk_saves"":{""t"":2.9,""c"":3.1},""interceptions"":{""t"":8.1,""c"":7.55},""tackles"":{""t"":13.5,""c"":15.65},""free_kicks"":{""t"":12.6,""c"":13.6},""goal_kicks"":{""t"":8.35,""c"":9.15},""throw_ins"":{""t"":18.85,""c"":21.7},""possession"":{""t"":46.7,""c"":53.3},""offsides"":{""t"":1.85,""c"":1.15},""passes"":{""t"":322.2,""c"":385.25},""touches_opp_box"":{""t"":19.85,""c"":14.8},""red_cards"":{""t"":0,""c"":0.25},""yellow_cards"":{""t"":2.15,""c"":2.2}}","{""goals"":{""t"":0.9,""c"":1.35},""corners"":{""t"":3.3,""c"":4.25},""cards"":{""t"":3.05,""c"":2.45},""crosses"":{""t"":3.2,""c"":4.25},""big_chance_created"":{""t"":1.45,""c"":1.85},""big_chance_missed"":{""t"":0.75,""c"":0.95},""big_chance_scored"":{""t"":0.7,""c"":0.9},""xg"":{""t"":0.2,""c"":0.23},""shots_on_target"":{""t"":3.2,""c"":4.7},""shots_in_box"":{""t"":5.5,""c"":7.65},""total_shots"":{""t"":9.2,""c"":13.05},""shots_outside_box"":{""t"":3.7,""c"":5.4},""clearances"":{""t"":25.45,""c"":20},""dispossessed"":{""t"":7.75,""c"":7.45},""errors_goal"":{""t"":0.25,""c"":0.15},""errors_shot"":{""t"":0.2,""c"":0.1},""fouls"":{""t"":11.75,""c"":11.1},""gk_saves"":{""t"":3.4,""c"":2.25},""interceptions"":{""t"":8.65,""c"":8.2},""tackles"":{""t"":14.25,""c"":16.4},""free_kicks"":{""t"":12.25,""c"":13.25},""goal_kicks"":{""t"":9.05,""c"":6.8},""throw_ins"":{""t"":20.45,""c"":18.35},""possession"":{""t"":43.85,""c"":46.15},""offsides"":{""t"":1.6,""c"":1.3},""passes"":{""t"":306.35,""c"":329},""touches_opp_box"":{""t"":13.85,""c"":17.7},""red_cards"":{""t"":0.15,""c"":0.25},""yellow_cards"":{""t"":2.9,""c"":2.2}}","","","Rivadavia","","","","","","Sarmiento","{""xc_casa"":4.23,""xc_fora"":4.28,""xc_total"":8.51,""dc"":{""base"":3.575,""indice_ofensivo"":0.9146,""indice_defensivo"":1.2023,""indice_composto"":1.0297,""detalhes_of"":{""shots_on_target"":[0.27,0.914],""shots_in_box"":[0.22,0.944],""big_chance_missed"":[0.13,0.909],""crosses"":[0.13,0.853],""touches_opp_box"":[0.13,0.967],""total_shots"":[0.1,0.878],""possession"":[0.08,0.903]},""detalhes_def"":{""gk_saves"":[0.5,0.983],""clearances"":[0.25,1.75],""shots_ced"":[0.25,1.093]}},""df"":{""base"":4.275,""indice_ofensivo"":1.0639,""indice_defensivo"":0.9043,""indice_composto"":1.0001,""detalhes_of"":{""shots_on_target"":[0.27,1.026],""shots_in_box"":[0.22,1.084],""big_chance_missed"":[0.13,1.026],""crosses"":[0.13,1.227],""touches_opp_box"":[0.13,1.057],""total_shots"":[0.1,1.015],""possession"":[0.08,1.006]},""detalhes_def"":{""gk_saves"":[0.5,0.661],""clearances"":[0.25,1.319],""shots_ced"":[0.25,0.976]}},""xg_casa"":1,""xg_fora"":1.54,""xg_total"":2.54,""xs_casa"":3.81,""xs_fora"":4.86,""xs_total"":8.67,""p_btts"":0.3874,""db"":{""xg_casa"":1,""xg_fora"":1.54,""p_casa_marca"":0.6321,""p_fora_marca"":0.7856},""xcard_casa"":2.67,""xcard_fora"":2.32,""xcard_total"":4.99,""xfouls_casa"":15.09,""xfouls_fora"":14.94,""xfouls_total"":30.03,""xsaves_casa"":3.63,""xsaves_fora"":2.34,""xsaves_total"":5.97,""xtotalshots_casa"":10.03,""xtotalshots_fora"":14.42,""xtotalshots_total"":24.45,""p_casa_vence"":0.2458,""p_empate"":0.2559,""p_fora_vence"":0.4982,""placares_top5"":[{""placar"":""0×1"",""prob"":0.1215},{""placar"":""1×1"",""prob"":0.1215},{""placar"":""0×2"",""prob"":0.0935},{""placar"":""1×2"",""prob"":0.0935},{""placar"":""0×0"",""prob"":0.0789}]}","pending","6a70d5ccf30d59c14fd9e83f","2026-08-03T17:54:20.087000","2026-08-03T17:54:20.087000","6a397687c9763709d6ee2143","lauremank622@gmail.com","false"
"2026-07-31","{""goals"":{""t"":1.6,""c"":1.25},""corners"":{""t"":5.4,""c"":4.05},""cards"":{""t"":2.35,""c"":2.1},""crosses"":{""t"":5.25,""c"":5.9},""big_chance_created"":{""t"":2.25,""c"":1.85},""big_chance_missed"":{""t"":1.2,""c"":1.2},""big_chance_scored"":{""t"":1.05,""c"":0.65},""xg"":{""t"":1.53,""c"":1.61},""shots_on_target"":{""t"":5.65,""c"":4.25},""shots_in_box"":{""t"":9.45,""c"":9.4},""total_shots"":{""t"":15.05,""c"":14.7},""shots_outside_box"":{""t"":5.6,""c"":5.3},""clearances"":{""t"":25,""c"":29.15},""dispossessed"":{""t"":7.65,""c"":9.3},""errors_goal"":{""t"":0.05,""c"":0.2},""errors_shot"":{""t"":0.85,""c"":0.4},""fouls"":{""t"":13.55,""c"":14.15},""gk_saves"":{""t"":3.1,""c"":4},""interceptions"":{""t"":8,""c"":9.2},""tackles"":{""t"":16.05,""c"":15.35},""free_kicks"":{""t"":14.7,""c"":15},""goal_kicks"":{""t"":7.3,""c"":7.3},""throw_ins"":{""t"":17.45,""c"":16.8},""possession"":{""t"":57.45,""c"":42.55},""offsides"":{""t"":1.65,""c"":0.75},""passes"":{""t"":476.1,""c"":347.45},""touches_opp_box"":{""t"":29.05,""c"":26},""red_cards"":{""t"":0.05,""c"":0.05},""yellow_cards"":{""t"":2.3,""c"":2.05}}","{""goals"":{""t"":1.35,""c"":1.5},""corners"":{""t"":4.65,""c"":5.35},""cards"":{""t"":2.15,""c"":2.05},""crosses"":{""t"":4.4,""c"":7.75},""big_chance_created"":{""t"":2.2,""c"":2.95},""big_chance_missed"":{""t"":1.55,""c"":1.9},""big_chance_scored"":{""t"":0.65,""c"":1.05},""xg"":{""t"":1.23,""c"":1.9},""shots_on_target"":{""t"":3.65,""c"":5.6},""shots_in_box"":{""t"":8.25,""c"":12},""total_shots"":{""t"":11,""c"":17.55},""shots_outside_box"":{""t"":2.75,""c"":5.55},""clearances"":{""t"":28.25,""c"":26.9},""dispossessed"":{""t"":9.4,""c"":7.35},""errors_goal"":{""t"":0.2,""c"":0.05},""errors_shot"":{""t"":0.7,""c"":0.5},""fouls"":{""t"":13.55,""c"":12.4},""gk_saves"":{""t"":3.85,""c"":2.4},""interceptions"":{""t"":7.4,""c"":8.55},""tackles"":{""t"":17.4,""c"":17.05},""free_kicks"":{""t"":13.7,""c"":15.05},""goal_kicks"":{""t"":9.5,""c"":7.55},""throw_ins"":{""t"":18.4,""c"":19},""possession"":{""t"":51.3,""c"":48.7},""offsides"":{""t"":1.7,""c"":1.45},""passes"":{""t"":390.6,""c"":368},""touches_opp_box"":{""t"":23.75,""c"":33.4},""red_cards"":{""t"":0.05,""c"":0.05},""yellow_cards"":{""t"":2.1,""c"":2}}","","","Jagiellona","","","","","","Motor","{""xc_casa"":5.21,""xc_fora"":4.95,""xc_total"":10.16,""dc"":{""base"":4.35,""indice_ofensivo"":0.9528,""indice_defensivo"":1.1761,""indice_composto"":1.0421,""detalhes_of"":{""shots_on_target"":[0.27,0.924],""shots_in_box"":[0.22,0.935],""big_chance_missed"":[0.13,1.127],""crosses"":[0.13,0.854],""touches_opp_box"":[0.13,0.955],""total_shots"":[0.1,0.856],""possession"":[0.08,1.093]},""detalhes_def"":{""gk_saves"":[0.5,1.047],""clearances"":[0.25,1.531],""shots_ced"":[0.25,1.079]}},""df"":{""base"":5.375,""indice_ofensivo"":0.9156,""indice_defensivo"":0.9266,""indice_composto"":0.92,""detalhes_of"":{""shots_on_target"":[0.27,1.004],""shots_in_box"":[0.22,0.881],""big_chance_missed"":[0.13,0.774],""crosses"":[0.13,0.808],""touches_opp_box"":[0.13,0.93],""total_shots"":[0.1,0.923],""possession"":[0.08,1.082]},""detalhes_def"":{""gk_saves"":[0.5,0.646],""clearances"":[0.25,1.418],""shots_ced"":[0.25,0.996]}},""xg_casa"":1.45,""xg_fora"":1.32,""xg_total"":2.77,""xs_casa"":4.27,""xs_fora"":5.23,""xs_total"":9.5,""p_btts"":0.4375,""db"":{""xg_casa"":1.45,""xg_fora"":1.32,""p_casa_marca"":0.7654,""p_fora_marca"":0.7329},""xcard_casa"":1.99,""xcard_fora"":2.24,""xcard_total"":4.23,""xfouls_casa"":17.61,""xfouls_fora"":16.4,""xfouls_total"":34.01,""xsaves_casa"":3.64,""xsaves_fora"":2.58,""xsaves_total"":6.22,""xtotalshots_casa"":12.64,""xtotalshots_fora"":14.79,""xtotalshots_total"":27.43,""p_casa_vence"":0.4027,""p_empate"":0.2538,""p_fora_vence"":0.3435,""placares_top5"":[{""placar"":""1×1"",""prob"":0.1199},{""placar"":""1×0"",""prob"":0.0909},{""placar"":""2×1"",""prob"":0.087},{""placar"":""0×1"",""prob"":0.0827},{""placar"":""1×2"",""prob"":0.0792}]}","pending","6a6ccc9def56357db4b7eaf2","2026-07-31T16:26:05.968000","2026-07-31T16:26:05.968000","6a397687c9763709d6ee2143","lauremank622@gmail.com","false"
"2026-07-31","{""goals"":{""t"":1.3,""c"":1.25},""corners"":{""t"":5.25,""c"":3.5},""cards"":{""t"":2.8,""c"":2.75},""crosses"":{""t"":5.05,""c"":2.9},""big_chance_created"":{""t"":2.8,""c"":1.7},""big_chance_missed"":{""t"":1.8,""c"":0.95},""big_chance_scored"":{""t"":1,""c"":0.75},""xg"":{""t"":1.58,""c"":1.02},""shots_on_target"":{""t"":4.75,""c"":3.9},""shots_in_box"":{""t"":10.3,""c"":6.15},""total_shots"":{""t"":15.15,""c"":10.55},""shots_outside_box"":{""t"":4.85,""c"":4.4},""clearances"":{""t"":21.85,""c"":30.6},""dispossessed"":{""t"":8.15,""c"":8.6},""errors_goal"":{""t"":0.1,""c"":0.1},""errors_shot"":{""t"":0.45,""c"":0.75},""fouls"":{""t"":10.9,""c"":12.3},""gk_saves"":{""t"":2.65,""c"":3.15},""interceptions"":{""t"":9,""c"":8.25},""tackles"":{""t"":15.2,""c"":16.1},""free_kicks"":{""t"":13.15,""c"":12.75},""goal_kicks"":{""t"":7.15,""c"":8.65},""throw_ins"":{""t"":23,""c"":22.5},""possession"":{""t"":59,""c"":41},""offsides"":{""t"":2,""c"":1},""passes"":{""t"":490.8,""c"":341.6},""touches_opp_box"":{""t"":24.75,""c"":16.25},""red_cards"":{""t"":0.05,""c"":0.1},""yellow_cards"":{""t"":2.75,""c"":2.65}}","{""goals"":{""t"":1.4,""c"":1.6},""corners"":{""t"":4,""c"":4.8},""cards"":{""t"":2.3,""c"":2.3},""crosses"":{""t"":4.4,""c"":4.4},""big_chance_created"":{""t"":1.9,""c"":2.05},""big_chance_missed"":{""t"":1,""c"":1.1},""big_chance_scored"":{""t"":0.85,""c"":0.95},""xg"":{""t"":1.41,""c"":1.36},""shots_on_target"":{""t"":4.05,""c"":4.85},""shots_in_box"":{""t"":7.3,""c"":7.9},""total_shots"":{""t"":12.75,""c"":13.9},""shots_outside_box"":{""t"":5.5,""c"":6},""clearances"":{""t"":25.85,""c"":29.4},""dispossessed"":{""t"":8.1,""c"":10.35},""errors_goal"":{""t"":0.1,""c"":0.3},""errors_shot"":{""t"":0.75,""c"":0.15},""fouls"":{""t"":13.75,""c"":13.3},""gk_saves"":{""t"":3.25,""c"":2.55},""interceptions"":{""t"":8.35,""c"":7.9},""tackles"":{""t"":17.75,""c"":15.45},""free_kicks"":{""t"":14.45,""c"":15.75},""goal_kicks"":{""t"":8,""c"":8.15},""throw_ins"":{""t"":21.45,""c"":22.25},""possession"":{""t"":52.6,""c"":47.4},""offsides"":{""t"":2.1,""c"":1.5},""passes"":{""t"":397.8,""c"":356.85},""touches_opp_box"":{""t"":18.7,""c"":20.55},""red_cards"":{""t"":0.25,""c"":0.2},""yellow_cards"":{""t"":2.05,""c"":2.1}}","","","Dinamo","","","","","","Otelul","{""xc_casa"":4.67,""xc_fora"":5.22,""xc_total"":9.89,""dc"":{""base"":3.75,""indice_ofensivo"":1.0778,""indice_defensivo"":1.0927,""indice_composto"":1.0837,""detalhes_of"":{""shots_on_target"":[0.27,1.019],""shots_in_box"":[0.22,1.086],""big_chance_missed"":[0.13,1.026],""crosses"":[0.13,1.205],""touches_opp_box"":[0.13,1.07],""total_shots"":[0.1,1.094],""possession"":[0.08,1.124]},""detalhes_def"":{""gk_saves"":[0.5,0.879],""clearances"":[0.25,1.632],""shots_ced"":[0.25,0.981]}},""df"":{""base"":5.025,""indice_ofensivo"":1.0864,""indice_defensivo"":0.9666,""indice_composto"":1.0385,""detalhes_of"":{""shots_on_target"":[0.27,0.99],""shots_in_box"":[0.22,1.132],""big_chance_missed"":[0.13,1.241],""crosses"":[0.13,1.069],""touches_opp_box"":[0.13,1.093],""total_shots"":[0.1,1.043],""possession"":[0.08,1.109]},""detalhes_def"":{""gk_saves"":[0.5,0.724],""clearances"":[0.25,1.408],""shots_ced"":[0.25,1.01]}},""xg_casa"":1.52,""xg_fora"":1.31,""xg_total"":2.83,""xs_casa"":4.46,""xs_fora"":5.12,""xs_total"":9.58,""p_btts"":0.445,""db"":{""xg_casa"":1.52,""xg_fora"":1.31,""p_casa_marca"":0.7813,""p_fora_marca"":0.7302},""xcard_casa"":2.41,""xcard_fora"":2.56,""xcard_total"":4.97,""xfouls_casa"":17.71,""xfouls_fora"":15.12,""xfouls_total"":32.83,""xsaves_casa"":3.42,""xsaves_fora"":2.77,""xsaves_total"":6.19,""xtotalshots_casa"":12.76,""xtotalshots_fora"":16.2,""xtotalshots_total"":28.96,""p_casa_vence"":0.4224,""p_empate"":0.2497,""p_fora_vence"":0.3278,""placares_top5"":[{""placar"":""1×1"",""prob"":0.1175},{""placar"":""1×0"",""prob"":0.0897},{""placar"":""2×1"",""prob"":0.0893},{""placar"":""0×1"",""prob"":0.0773},{""placar"":""1×2"",""prob"":0.077}]}","pending","6a6ccc5f3756cc7dff660bba","2026-07-31T16:25:03.600000","2026-07-31T16:25:03.600000","6a397687c9763709d6ee2143","lauremank622@gmail.com","false"
"2026-07-31","{""goals"":{""t"":0.95,""c"":1.7},""corners"":{""t"":4.1,""c"":7.55},""cards"":{""t"":1.95,""c"":2.25},""crosses"":{""t"":5.45,""c"":7.1},""big_chance_created"":{""t"":1.6,""c"":2.95},""big_chance_missed"":{""t"":0.9,""c"":2},""big_chance_scored"":{""t"":0.7,""c"":0.95},""xg"":{""t"":1.23,""c"":1.76},""shots_on_target"":{""t"":3,""c"":5.4},""shots_in_box"":{""t"":6.3,""c"":12.9},""total_shots"":{""t"":9.95,""c"":19.35},""shots_outside_box"":{""t"":3.65,""c"":6.45},""clearances"":{""t"":33.7,""c"":27.15},""dispossessed"":{""t"":8.7,""c"":8.3},""errors_goal"":{""t"":0.3,""c"":0.15},""errors_shot"":{""t"":0.3,""c"":0.1},""fouls"":{""t"":9.45,""c"":9.55},""gk_saves"":{""t"":3.65,""c"":2.05},""interceptions"":{""t"":8.4,""c"":8.95},""tackles"":{""t"":15.6,""c"":15.1},""free_kicks"":{""t"":10.5,""c"":11.15},""goal_kicks"":{""t"":10.2,""c"":7.8},""throw_ins"":{""t"":22.25,""c"":24.9},""possession"":{""t"":46.25,""c"":53.75},""offsides"":{""t"":1.75,""c"":1.05},""passes"":{""t"":367.5,""c"":442.95},""touches_opp_box"":{""t"":15.3,""c"":32.3},""red_cards"":{""t"":0.2,""c"":0.15},""yellow_cards"":{""t"":1.75,""c"":2.1}}","{""goals"":{""t"":1.65,""c"":1.35},""corners"":{""t"":6,""c"":4.85},""cards"":{""t"":2.65,""c"":2.85},""crosses"":{""t"":5.55,""c"":5.65},""big_chance_created"":{""t"":2.7,""c"":2},""big_chance_missed"":{""t"":1.65,""c"":1.05},""big_chance_scored"":{""t"":1.05,""c"":0.95},""xg"":{""t"":1.67,""c"":1.28},""shots_on_target"":{""t"":5.8,""c"":4.25},""shots_in_box"":{""t"":9.9,""c"":9.05},""total_shots"":{""t"":16.5,""c"":14},""shots_outside_box"":{""t"":6.6,""c"":4.95},""clearances"":{""t"":36.3,""c"":37.35},""dispossessed"":{""t"":10.35,""c"":9.5},""errors_goal"":{""t"":0.1,""c"":0.1},""errors_shot"":{""t"":0.1,""c"":0.3},""fouls"":{""t"":11.3,""c"":11.6},""gk_saves"":{""t"":2.8,""c"":4.1},""interceptions"":{""t"":9.3,""c"":7.75},""tackles"":{""t"":16.5,""c"":17.65},""free_kicks"":{""t"":13.6,""c"":12.45},""goal_kicks"":{""t"":8.3,""c"":10.25},""throw_ins"":{""t"":23.65,""c"":24},""possession"":{""t"":51.55,""c"":48.45},""offsides"":{""t"":1.25,""c"":2.15},""passes"":{""t"":375.4,""c"":367.6},""touches_opp_box"":{""t"":27.85,""c"":23.95},""red_cards"":{""t"":0.25,""c"":0.05},""yellow_cards"":{""t"":2.4,""c"":2.8}}","","","Sligo","","","","","","Dundalk","{""xc_casa"":7.13,""xc_fora"":4.72,""xc_total"":11.85,""dc"":{""base"":6.775,""indice_ofensivo"":0.9369,""indice_defensivo"":0.8823,""indice_composto"":0.915,""detalhes_of"":{""shots_on_target"":[0.27,1.036],""shots_in_box"":[0.22,0.868],""big_chance_missed"":[0.13,0.904],""crosses"":[0.13,0.877],""touches_opp_box"":[0.13,0.926],""total_shots"":[0.1,0.921],""possession"":[0.08,0.979]},""detalhes_def"":{""gk_saves"":[0.5,0.582],""clearances"":[0.25,1.397],""shots_ced"":[0.25,0.968]}},""df"":{""base"":4.475,""indice_ofensivo"":0.8625,""indice_defensivo"":1.3453,""indice_composto"":1.0556,""detalhes_of"":{""shots_on_target"":[0.27,0.828],""shots_in_box"":[0.22,0.821],""big_chance_missed"":[0.13,0.923],""crosses"":[0.13,0.982],""touches_opp_box"":[0.13,0.78],""total_shots"":[0.1,0.831],""possession"":[0.08,0.977]},""detalhes_def"":{""gk_saves"":[0.5,1.175],""clearances"":[0.25,1.834],""shots_ced"":[0.25,1.196]}},""xg_casa"":1.66,""xg_fora"":1.14,""xg_total"":2.8,""xs_casa"":5.11,""xs_fora"":3.93,""xs_total"":9.04,""p_btts"":0.4297,""db"":{""xg_casa"":1.66,""xg_fora"":1.14,""p_casa_marca"":0.8099,""p_fora_marca"":0.6802},""xcard_casa"":2.38,""xcard_fora"":2.36,""xcard_total"":4.74,""xfouls_casa"":13.97,""xfouls_fora"":12.79,""xfouls_total"":26.76,""xsaves_casa"":2.08,""xsaves_fora"":3.73,""xsaves_total"":5.81,""xtotalshots_casa"":16.46,""xtotalshots_fora"":10.37,""xtotalshots_total"":26.83,""p_casa_vence"":0.495,""p_empate"":0.2432,""p_fora_vence"":0.2617,""placares_top5"":[{""placar"":""1×1"",""prob"":0.1151},{""placar"":""1×0"",""prob"":0.1009},{""placar"":""2×1"",""prob"":0.0955},{""placar"":""2×0"",""prob"":0.0838},{""placar"":""0×1"",""prob"":0.0693}]}","pending","6a6ccc41ab0bf0c920b155e2","2026-07-31T16:24:33.713000","2026-07-31T16:24:33.713000","6a397687c9763709d6ee2143","lauremank622@gmail.com","false"
"2026-07-31","{""goals"":{""t"":1.15,""c"":1.3},""corners"":{""t"":1.9,""c"":2.25},""cards"":{""t"":2.05,""c"":2},""crosses"":{""t"":1.95,""c"":1.6},""big_chance_created"":{""t"":0,""c"":0},""big_chance_missed"":{""t"":0,""c"":0},""big_chance_scored"":{""t"":0,""c"":0},""xg"":{""t"":0.55,""c"":0.53},""shots_on_target"":{""t"":1.9,""c"":1.6},""shots_in_box"":{""t"":2.4,""c"":2.5},""total_shots"":{""t"":3.75,""c"":4.3},""shots_outside_box"":{""t"":1.35,""c"":1.8},""clearances"":{""t"":6.8,""c"":8.55},""dispossessed"":{""t"":2.55,""c"":3.2},""errors_goal"":{""t"":0,""c"":0},""errors_shot"":{""t"":0,""c"":0},""fouls"":{""t"":5.25,""c"":5.25},""gk_saves"":{""t"":1.1,""c"":1.5},""interceptions"":{""t"":7.65,""c"":6.55},""tackles"":{""t"":1.05,""c"":1.1},""free_kicks"":{""t"":2.75,""c"":3},""goal_kicks"":{""t"":4.55,""c"":3.35},""throw_ins"":{""t"":12.8,""c"":10.75},""possession"":{""t"":19.65,""c"":25.35},""offsides"":{""t"":0.9,""c"":0.75},""passes"":{""t"":154.25,""c"":180.25},""touches_opp_box"":{""t"":0,""c"":0},""red_cards"":{""t"":0.15,""c"":0},""yellow_cards"":{""t"":1.9,""c"":2}}","{""goals"":{""t"":1.05,""c"":1.35},""corners"":{""t"":1.45,""c"":1.85},""cards"":{""t"":2,""c"":2.1},""crosses"":{""t"":1.55,""c"":1.9},""big_chance_created"":{""t"":0,""c"":0},""big_chance_missed"":{""t"":0,""c"":0},""big_chance_scored"":{""t"":0,""c"":0},""xg"":{""t"":0.41,""c"":0.56},""shots_on_target"":{""t"":1.55,""c"":1.75},""shots_in_box"":{""t"":1.95,""c"":2.5},""total_shots"":{""t"":3.9,""c"":3.85},""shots_outside_box"":{""t"":1.95,""c"":1.35},""clearances"":{""t"":7.8,""c"":6.85},""dispossessed"":{""t"":3,""c"":2},""errors_goal"":{""t"":0,""c"":0},""errors_shot"":{""t"":0,""c"":0},""fouls"":{""t"":4.25,""c"":4.2},""gk_saves"":{""t"":1.35,""c"":1.3},""interceptions"":{""t"":7.65,""c"":5.2},""tackles"":{""t"":0.75,""c"":1.4},""free_kicks"":{""t"":2.3,""c"":1.3},""goal_kicks"":{""t"":2.9,""c"":3.05},""throw_ins"":{""t"":8.2,""c"":8.35},""possession"":{""t"":17.05,""c"":17.95},""offsides"":{""t"":0.35,""c"":1.1},""passes"":{""t"":126.2,""c"":139.75},""touches_opp_box"":{""t"":0,""c"":0},""red_cards"":{""t"":0.05,""c"":0.15},""yellow_cards"":{""t"":1.95,""c"":1.95}}","","","Longford","","","","","","Treaty","{""xc_casa"":2.27,""xc_fora"":1.92,""xc_total"":4.19,""dc"":{""base"":1.85,""indice_ofensivo"":0.949,""indice_defensivo"":1.2446,""indice_composto"":1.0672,""detalhes_of"":{""shots_on_target"":[0.27,0.984],""shots_in_box"":[0.22,0.876],""big_chance_missed"":[0.13,1],""crosses"":[0.13,0.984],""touches_opp_box"":[0.13,1],""total_shots"":[0.1,0.951],""possession"":[0.08,0.804]},""detalhes_def"":{""gk_saves"":[0.5,0.979],""clearances"":[0.25,2],""shots_ced"":[0.25,1.021]}},""df"":{""base"":1.875,""indice_ofensivo"":1.01,""indice_defensivo"":1.0496,""indice_composto"":1.0258,""detalhes_of"":{""shots_on_target"":[0.27,1.041],""shots_in_box"":[0.22,0.98],""big_chance_missed"":[0.13,1],""crosses"":[0.13,1.013],""touches_opp_box"":[0.13,1],""total_shots"":[0.1,0.987],""possession"":[0.08,1.045]},""detalhes_def"":{""gk_saves"":[0.5,0.782],""clearances"":[0.25,1.684],""shots_ced"":[0.25,0.95]}},""xg_casa"":1.34,""xg_fora"":1.16,""xg_total"":2.5,""xs_casa"":1.75,""xs_fora"":1.92,""xs_total"":3.67,""p_btts"":0.3953,""db"":{""xg_casa"":1.34,""xg_fora"":1.16,""p_casa_marca"":0.7382,""p_fora_marca"":0.6865},""xcard_casa"":1.72,""xcard_fora"":2.14,""xcard_total"":3.86,""xfouls_casa"":5.57,""xfouls_fora"":6.35,""xfouls_total"":11.92,""xsaves_casa"":1.44,""xsaves_fora"":1.13,""xsaves_total"":2.57,""xtotalshots_casa"":3.86,""xtotalshots_fora"":3.81,""xtotalshots_total"":7.67,""p_casa_vence"":0.4085,""p_empate"":0.2687,""p_fora_vence"":0.3228,""placares_top5"":[{""placar"":""1×1"",""prob"":0.1276},{""placar"":""1×0"",""prob"":0.11},{""placar"":""0×1"",""prob"":0.0952},{""placar"":""2×1"",""prob"":0.0855},{""placar"":""0×0"",""prob"":0.0821}]}","pending","6a6ccc21174e4a677fa9053d","2026-07-31T16:24:01.691000","2026-07-31T16:24:01.691000","6a397687c9763709d6ee2143","lauremank622@gmail.com","false"
"2026-07-31","{""goals"":{""t"":1.9,""c"":0.9},""corners"":{""t"":3.3,""c"":1.05},""cards"":{""t"":1.9,""c"":2.55},""crosses"":{""t"":2.05,""c"":0.85},""big_chance_created"":{""t"":0,""c"":0},""big_chance_missed"":{""t"":0,""c"":0},""big_chance_scored"":{""t"":0,""c"":0},""xg"":{""t"":0.73,""c"":0.34},""shots_on_target"":{""t"":2.45,""c"":1.05},""shots_in_box"":{""t"":3.9,""c"":1.55},""total_shots"":{""t"":6.3,""c"":3},""shots_outside_box"":{""t"":2.4,""c"":1.45},""clearances"":{""t"":6.5,""c"":9},""dispossessed"":{""t"":3.75,""c"":3},""errors_goal"":{""t"":0,""c"":0},""errors_shot"":{""t"":0,""c"":0},""fouls"":{""t"":5.15,""c"":4.8},""gk_saves"":{""t"":0.75,""c"":1.75},""interceptions"":{""t"":6.35,""c"":7.3},""tackles"":{""t"":0.8,""c"":0.8},""free_kicks"":{""t"":2.05,""c"":3.1},""goal_kicks"":{""t"":2.2,""c"":4.05},""throw_ins"":{""t"":12,""c"":11.2},""possession"":{""t"":23.6,""c"":16.4},""offsides"":{""t"":1.5,""c"":0.85},""passes"":{""t"":162.55,""c"":120.6},""touches_opp_box"":{""t"":0,""c"":0},""red_cards"":{""t"":0,""c"":0.15},""yellow_cards"":{""t"":1.9,""c"":2.4}}","{""goals"":{""t"":0.7,""c"":1.65},""corners"":{""t"":1.95,""c"":2.95},""cards"":{""t"":3.25,""c"":2},""crosses"":{""t"":2.3,""c"":2.95},""big_chance_created"":{""t"":0,""c"":0},""big_chance_missed"":{""t"":0,""c"":0},""big_chance_scored"":{""t"":0,""c"":0},""xg"":{""t"":0.7,""c"":0.74},""shots_on_target"":{""t"":1.8,""c"":2.9},""shots_in_box"":{""t"":3.3,""c"":4.5},""total_shots"":{""t"":5.35,""c"":8.2},""shots_outside_box"":{""t"":2.05,""c"":3.7},""clearances"":{""t"":15.45,""c"":14.55},""dispossessed"":{""t"":4.05,""c"":5.45},""errors_goal"":{""t"":0,""c"":0},""errors_shot"":{""t"":0,""c"":0},""fouls"":{""t"":6.1,""c"":5.5},""gk_saves"":{""t"":2.2,""c"":1.4},""interceptions"":{""t"":8.95,""c"":7.45},""tackles"":{""t"":1.55,""c"":1.25},""free_kicks"":{""t"":3.1,""c"":2.1},""goal_kicks"":{""t"":5.6,""c"":3.35},""throw_ins"":{""t"":13.8,""c"":15.5},""possession"":{""t"":21.25,""c"":28.75},""offsides"":{""t"":0.75,""c"":0.7},""passes"":{""t"":128.35,""c"":183.35},""touches_opp_box"":{""t"":0,""c"":0},""red_cards"":{""t"":0.1,""c"":0.1},""yellow_cards"":{""t"":3.15,""c"":1.9}}","","","Cork","","","","","","Finn Harps","{""xc_casa"":2.01,""xc_fora"":3.05,""xc_total"":5.06,""dc"":{""base"":1.5,""indice_ofensivo"":1.2346,""indice_defensivo"":1.0602,""indice_composto"":1.1649,""detalhes_of"":{""shots_on_target"":[0.27,1.263],""shots_in_box"":[0.22,1.361],""big_chance_missed"":[0.13,1],""crosses"":[0.13,1.46],""touches_opp_box"":[0.13,1],""total_shots"":[0.1,1.281],""possession"":[0.08,1.129]},""detalhes_def"":{""gk_saves"":[0.5,0.982],""clearances"":[0.25,1.579],""shots_ced"":[0.25,0.697]}},""df"":{""base"":3.125,""indice_ofensivo"":0.9219,""indice_defensivo"":1.0599,""indice_composto"":0.9771,""detalhes_of"":{""shots_on_target"":[0.27,0.916],""shots_in_box"":[0.22,0.929],""big_chance_missed"":[0.13,1],""crosses"":[0.13,0.82],""touches_opp_box"":[0.13,1],""total_shots"":[0.1,0.869],""possession"":[0.08,0.902]},""detalhes_def"":{""gk_saves"":[0.5,0.707],""clearances"":[0.25,1.727],""shots_ced"":[0.25,1.099]}},""xg_casa"":0.95,""xg_fora"":1.62,""xg_total"":2.57,""xs_casa"":1.72,""xs_fora"":2.7,""xs_total"":4.42,""p_btts"":0.3837,""db"":{""xg_casa"":0.95,""xg_fora"":1.62,""p_casa_marca"":0.6133,""p_fora_marca"":0.8021},""xcard_casa"":3.03,""xcard_fora"":1.86,""xcard_total"":4.89,""xfouls_casa"":8.3,""xfouls_fora"":6.13,""xfouls_total"":14.43,""xsaves_casa"":1.85,""xsaves_fora"":1.34,""xsaves_total"":3.19,""xtotalshots_casa"":4.89,""xtotalshots_fora"":6.85,""xtotalshots_total"":11.74,""p_casa_vence"":0.2211,""p_empate"":0.2482,""p_fora_vence"":0.5306,""placares_top5"":[{""placar"":""0×1"",""prob"":0.124},{""placar"":""1×1"",""prob"":0.1178},{""placar"":""0×2"",""prob"":0.1004},{""placar"":""1×2"",""prob"":0.0954},{""placar"":""0×0"",""prob"":0.0765}]}","pending","6a6ccc00791a8e522e0ca75e","2026-07-31T16:23:28.668000","2026-07-31T16:23:28.668000","6a397687c9763709d6ee2143","lauremank622@gmail.com","false"
"2026-07-31","{""goals"":{""t"":1,""c"":1.25},""corners"":{""t"":1.55,""c"":1.65},""cards"":{""t"":2.4,""c"":2.65},""crosses"":{""t"":1.95,""c"":2.2},""big_chance_created"":{""t"":0,""c"":0},""big_chance_missed"":{""t"":0,""c"":0},""big_chance_scored"":{""t"":0,""c"":0},""xg"":{""t"":0.61,""c"":0.55},""shots_on_target"":{""t"":2.25,""c"":1.65},""shots_in_box"":{""t"":3.2,""c"":2.7},""total_shots"":{""t"":5.25,""c"":4.65},""shots_outside_box"":{""t"":2.05,""c"":1.95},""clearances"":{""t"":8.15,""c"":8},""dispossessed"":{""t"":3.25,""c"":4.6},""errors_goal"":{""t"":0,""c"":0},""errors_shot"":{""t"":0,""c"":0},""fouls"":{""t"":6.6,""c"":5.95},""gk_saves"":{""t"":1.25,""c"":1.75},""interceptions"":{""t"":6.5,""c"":8.8},""tackles"":{""t"":1.25,""c"":1.75},""free_kicks"":{""t"":2.15,""c"":2.6},""goal_kicks"":{""t"":3.15,""c"":3.9},""throw_ins"":{""t"":11.2,""c"":11.15},""possession"":{""t"":22.15,""c"":22.85},""offsides"":{""t"":0.55,""c"":0.6},""passes"":{""t"":181.1,""c"":178},""touches_opp_box"":{""t"":0,""c"":0},""red_cards"":{""t"":0.05,""c"":0.05},""yellow_cards"":{""t"":2.35,""c"":2.6}}","{""goals"":{""t"":1,""c"":1.35},""corners"":{""t"":3.35,""c"":3.15},""cards"":{""t"":2.2,""c"":2.45},""crosses"":{""t"":2.5,""c"":2.4},""big_chance_created"":{""t"":0,""c"":0},""big_chance_missed"":{""t"":0,""c"":0},""big_chance_scored"":{""t"":0,""c"":0},""xg"":{""t"":1.02,""c"":1.27},""shots_on_target"":{""t"":2.95,""c"":3.8},""shots_in_box"":{""t"":4.45,""c"":6.1},""total_shots"":{""t"":7.45,""c"":8.65},""shots_outside_box"":{""t"":3,""c"":2.55},""clearances"":{""t"":18.05,""c"":17.55},""dispossessed"":{""t"":5,""c"":4.95},""errors_goal"":{""t"":0,""c"":0},""errors_shot"":{""t"":0,""c"":0},""fouls"":{""t"":7.6,""c"":10.1},""gk_saves"":{""t"":3.05,""c"":2.35},""interceptions"":{""t"":10.5,""c"":11.25},""tackles"":{""t"":1.6,""c"":1.2},""free_kicks"":{""t"":3.5,""c"":3.75},""goal_kicks"":{""t"":5.45,""c"":6.25},""throw_ins"":{""t"":17.85,""c"":17.4},""possession"":{""t"":37,""c"":33},""offsides"":{""t"":1.2,""c"":1.25},""passes"":{""t"":273.35,""c"":259.2},""touches_opp_box"":{""t"":0,""c"":0},""red_cards"":{""t"":0,""c"":0.05},""yellow_cards"":{""t"":2.2,""c"":2.4}}","","","Wexford","","","","","","Cobh","{""xc_casa"":3.02,""xc_fora"":2.42,""xc_total"":5.44,""dc"":{""base"":2.5,""indice_ofensivo"":1.1703,""indice_defensivo"":0.8695,""indice_composto"":1.05,""detalhes_of"":{""shots_on_target"":[0.27,1.283],""shots_in_box"":[0.22,1.245],""big_chance_missed"":[0.13,1],""crosses"":[0.13,1.064],""touches_opp_box"":[0.13,1],""total_shots"":[0.1,1.231],""possession"":[0.08,1.236]},""detalhes_def"":{""gk_saves"":[0.5,0.736],""clearances"":[0.25,1.296],""shots_ced"":[0.25,0.709]}},""df"":{""base"":2.35,""indice_ofensivo"":0.8194,""indice_defensivo"":1.3456,""indice_composto"":1.0299,""detalhes_of"":{""shots_on_target"":[0.27,0.744],""shots_in_box"":[0.22,0.688],""big_chance_missed"":[0.13,1],""crosses"":[0.13,0.897],""touches_opp_box"":[0.13,1],""total_shots"":[0.1,0.755],""possession"":[0.08,0.803]},""detalhes_def"":{""gk_saves"":[0.5,1.026],""clearances"":[0.25,2],""shots_ced"":[0.25,1.331]}},""xg_casa"":1.23,""xg_fora"":1.13,""xg_total"":2.36,""xs_casa"":2.48,""xs_fora"":3.21,""xs_total"":5.69,""p_btts"":0.3737,""db"":{""xg_casa"":1.23,""xg_fora"":1.13,""p_casa_marca"":0.7077,""p_fora_marca"":0.677},""xcard_casa"":2.32,""xcard_fora"":2.15,""xcard_total"":4.47,""xfouls_casa"":9.29,""xfouls_fora"":8.9,""xfouls_total"":18.19,""xsaves_casa"":1.84,""xsaves_fora"":2.19,""xsaves_total"":4.03,""xtotalshots_casa"":6.67,""xtotalshots_fora"":6.12,""xtotalshots_total"":12.79,""p_casa_vence"":0.3849,""p_empate"":0.2789,""p_fora_vence"":0.3361,""placares_top5"":[{""placar"":""1×1"",""prob"":0.1312},{""placar"":""1×0"",""prob"":0.1161},{""placar"":""0×1"",""prob"":0.1067},{""placar"":""0×0"",""prob"":0.0944},{""placar"":""2×1"",""prob"":0.0807}]}","pending","6a6ccbdbb8ec01d03c7d109e","2026-07-31T16:22:51.142000","2026-07-31T16:22:51.142000","6a397687c9763709d6ee2143","lauremank622@gmail.com","false"
"2026-07-31","{""goals"":{""t"":1,""c"":1.1},""corners"":{""t"":1.8,""c"":3.2},""cards"":{""t"":2.35,""c"":2.1},""crosses"":{""t"":2.15,""c"":2.45},""big_chance_created"":{""t"":0,""c"":0},""big_chance_missed"":{""t"":0,""c"":0},""big_chance_scored"":{""t"":0,""c"":0},""xg"":{""t"":0.48,""c"":0.77},""shots_on_target"":{""t"":1.6,""c"":2.85},""shots_in_box"":{""t"":2.8,""c"":3.9},""total_shots"":{""t"":4.25,""c"":6.6},""shots_outside_box"":{""t"":1.45,""c"":2.7},""clearances"":{""t"":10.45,""c"":11},""dispossessed"":{""t"":2.75,""c"":3.1},""errors_goal"":{""t"":0,""c"":0},""errors_shot"":{""t"":0,""c"":0},""fouls"":{""t"":7.5,""c"":5},""gk_saves"":{""t"":1.9,""c"":1.1},""interceptions"":{""t"":6.7,""c"":6.15},""tackles"":{""t"":1.25,""c"":0.95},""free_kicks"":{""t"":2.7,""c"":3.05},""goal_kicks"":{""t"":4.65,""c"":3.8},""throw_ins"":{""t"":12.1,""c"":12.65},""possession"":{""t"":19.7,""c"":25.3},""offsides"":{""t"":0.75,""c"":0.65},""passes"":{""t"":142.5,""c"":179.2},""touches_opp_box"":{""t"":0,""c"":0},""red_cards"":{""t"":0.2,""c"":0},""yellow_cards"":{""t"":2.15,""c"":2.1}}","{""goals"":{""t"":2.1,""c"":1.3},""corners"":{""t"":2.55,""c"":2.15},""cards"":{""t"":2.45,""c"":2.9},""crosses"":{""t"":2.65,""c"":1.55},""big_chance_created"":{""t"":0,""c"":0},""big_chance_missed"":{""t"":0,""c"":0},""big_chance_scored"":{""t"":0,""c"":0},""xg"":{""t"":0.78,""c"":0.56},""shots_on_target"":{""t"":2.1,""c"":1.55},""shots_in_box"":{""t"":4.2,""c"":2.75},""total_shots"":{""t"":6.25,""c"":4.3},""shots_outside_box"":{""t"":2.05,""c"":1.55},""clearances"":{""t"":10.05,""c"":8.7},""dispossessed"":{""t"":5.35,""c"":3.9},""errors_goal"":{""t"":0,""c"":0},""errors_shot"":{""t"":0,""c"":0},""fouls"":{""t"":6.65,""c"":5.95},""gk_saves"":{""t"":1.05,""c"":1.55},""interceptions"":{""t"":8,""c"":7.1},""tackles"":{""t"":0.75,""c"":1.1},""free_kicks"":{""t"":1.95,""c"":3},""goal_kicks"":{""t"":3.3,""c"":4.45},""throw_ins"":{""t"":12.85,""c"":11.05},""possession"":{""t"":24.75,""c"":20.25},""offsides"":{""t"":0.95,""c"":0.55},""passes"":{""t"":193.65,""c"":156.85},""touches_opp_box"":{""t"":0,""c"":0},""red_cards"":{""t"":0.05,""c"":0.1},""yellow_cards"":{""t"":2.4,""c"":2.8}}","","","Kerry","","","","","","Bray Wanderers","{""xc_casa"":3.25,""xc_fora"":2.13,""xc_total"":5.38,""dc"":{""base"":2.875,""indice_ofensivo"":0.9705,""indice_defensivo"":1.0026,""indice_composto"":0.9833,""detalhes_of"":{""shots_on_target"":[0.27,0.848],""shots_in_box"":[0.22,1.037],""big_chance_missed"":[0.13,1],""crosses"":[0.13,1.039],""touches_opp_box"":[0.13,1],""total_shots"":[0.1,0.973],""possession"":[0.08,0.989]},""detalhes_def"":{""gk_saves"":[0.5,0.656],""clearances"":[0.25,1.507],""shots_ced"":[0.25,1.192]}},""df"":{""base"":1.975,""indice_ofensivo"":1.0242,""indice_defensivo"":1.1602,""indice_composto"":1.0786,""detalhes_of"":{""shots_on_target"":[0.27,1.016],""shots_in_box"":[0.22,1.009],""big_chance_missed"":[0.13,1],""crosses"":[0.13,1.162],""touches_opp_box"":[0.13,1],""total_shots"":[0.1,0.994],""possession"":[0.08,0.986]},""detalhes_def"":{""gk_saves"":[0.5,0.98],""clearances"":[0.25,1.702],""shots_ced"":[0.25,0.98]}},""xg_casa"":1.69,""xg_fora"":1.11,""xg_total"":2.8,""xs_casa"":2.48,""xs_fora"":1.74,""xs_total"":4.22,""p_btts"":0.4265,""db"":{""xg_casa"":1.69,""xg_fora"":1.11,""p_casa_marca"":0.8155,""p_fora_marca"":0.6704},""xcard_casa"":2.34,""xcard_fora"":2.64,""xcard_total"":4.98,""xfouls_casa"":8.15,""xfouls_fora"":8.96,""xfouls_total"":17.11,""xsaves_casa"":1.07,""xsaves_fora"":1.64,""xsaves_total"":2.71,""xtotalshots_casa"":6.51,""xtotalshots_fora"":4.37,""xtotalshots_total"":10.88,""p_casa_vence"":0.5092,""p_empate"":0.2409,""p_fora_vence"":0.2498,""placares_top5"":[{""placar"":""1×1"",""prob"":0.1141},{""placar"":""1×0"",""prob"":0.1028},{""placar"":""2×1"",""prob"":0.0964},{""placar"":""2×0"",""prob"":0.0868},{""placar"":""0×1"",""prob"":0.0675}]}","pending","6a6ccbb5256aa9c8f5164b82","2026-07-31T16:22:13.194000","2026-07-31T16:22:13.194000","6a397687c9763709d6ee2143","lauremank622@gmail.com","false"
"2026-07-31","{""goals"":{""t"":1.75,""c"":1.2},""corners"":{""t"":2.4,""c"":2.35},""cards"":{""t"":1.7,""c"":2.35},""crosses"":{""t"":1.65,""c"":2.3},""big_chance_created"":{""t"":0,""c"":0},""big_chance_missed"":{""t"":0,""c"":0},""big_chance_scored"":{""t"":0,""c"":0},""xg"":{""t"":0.48,""c"":0.31},""shots_on_target"":{""t"":1.7,""c"":1.45},""shots_in_box"":{""t"":2.85,""c"":2},""total_shots"":{""t"":4.55,""c"":3.45},""shots_outside_box"":{""t"":1.7,""c"":1.45},""clearances"":{""t"":5.9,""c"":6},""dispossessed"":{""t"":3.7,""c"":2.6},""errors_goal"":{""t"":0,""c"":0},""errors_shot"":{""t"":0,""c"":0},""fouls"":{""t"":3.05,""c"":6.1},""gk_saves"":{""t"":1.15,""c"":1},""interceptions"":{""t"":4.1,""c"":5.95},""tackles"":{""t"":0.6,""c"":0.65},""free_kicks"":{""t"":2.4,""c"":1.7},""goal_kicks"":{""t"":3.1,""c"":3.2},""throw_ins"":{""t"":8.65,""c"":9},""possession"":{""t"":23.7,""c"":16.3},""offsides"":{""t"":0.45,""c"":0.4},""passes"":{""t"":168.85,""c"":112.9},""touches_opp_box"":{""t"":0,""c"":0},""red_cards"":{""t"":0.05,""c"":0.05},""yellow_cards"":{""t"":1.65,""c"":2.3}}","{""goals"":{""t"":0.8,""c"":1.05},""corners"":{""t"":2.5,""c"":2.15},""cards"":{""t"":2.55,""c"":1.75},""crosses"":{""t"":1.95,""c"":2.5},""big_chance_created"":{""t"":0,""c"":0},""big_chance_missed"":{""t"":0,""c"":0},""big_chance_scored"":{""t"":0,""c"":0},""xg"":{""t"":0.57,""c"":0.67},""shots_on_target"":{""t"":2.4,""c"":2.1},""shots_in_box"":{""t"":2.5,""c"":3.05},""total_shots"":{""t"":5,""c"":5.05},""shots_outside_box"":{""t"":2.5,""c"":2},""clearances"":{""t"":9.3,""c"":8.25},""dispossessed"":{""t"":3,""c"":3.6},""errors_goal"":{""t"":0,""c"":0},""errors_shot"":{""t"":0,""c"":0},""fouls"":{""t"":7.15,""c"":6.45},""gk_saves"":{""t"":1.5,""c"":1.6},""interceptions"":{""t"":6.85,""c"":7.5},""tackles"":{""t"":1.4,""c"":0.8},""free_kicks"":{""t"":3.25,""c"":2.55},""goal_kicks"":{""t"":4.25,""c"":3.75},""throw_ins"":{""t"":13.4,""c"":15.8},""possession"":{""t"":21.15,""c"":23.85},""offsides"":{""t"":0.55,""c"":1.1},""passes"":{""t"":159.2,""c"":179.9},""touches_opp_box"":{""t"":0,""c"":0},""red_cards"":{""t"":0.1,""c"":0.1},""yellow_cards"":{""t"":2.45,""c"":1.65}}","","","Dublin","","","","","","Athlone","{""xc_casa"":2.8,""xc_fora"":2.35,""xc_total"":5.15,""dc"":{""base"":2.425,""indice_ofensivo"":1.1029,""indice_defensivo"":0.8546,""indice_composto"":1.0036,""detalhes_of"":{""shots_on_target"":[0.27,1.247],""shots_in_box"":[0.22,1.111],""big_chance_missed"":[0.13,1],""crosses"":[0.13,0.918],""touches_opp_box"":[0.13,1],""total_shots"":[0.1,1.183],""possession"":[0.08,1.13]},""detalhes_def"":{""gk_saves"":[0.5,0.566],""clearances"":[0.25,1.553],""shots_ced"":[0.25,0.732]}},""df"":{""base"":2.275,""indice_ofensivo"":0.9359,""indice_defensivo"":1.1783,""indice_composto"":1.0329,""detalhes_of"":{""shots_on_target"":[0.27,0.895],""shots_in_box"":[0.22,0.966],""big_chance_missed"":[0.13,1],""crosses"":[0.13,0.795],""touches_opp_box"":[0.13,1],""total_shots"":[0.1,0.948],""possession"":[0.08,0.997]},""detalhes_def"":{""gk_saves"":[0.5,0.962],""clearances"":[0.25,1.65],""shots_ced"":[0.25,1.139]}},""xg_casa"":1.06,""xg_fora"":1.33,""xg_total"":2.39,""xs_casa"":1.99,""xs_fora"":2.06,""xs_total"":4.05,""p_btts"":0.3749,""db"":{""xg_casa"":1.06,""xg_fora"":1.33,""p_casa_marca"":0.6535,""p_fora_marca"":0.7355},""xcard_casa"":2.51,""xcard_fora"":1.44,""xcard_total"":3.95,""xfouls_casa"":9.56,""xfouls_fora"":4.68,""xfouls_total"":14.24,""xsaves_casa"":1.16,""xsaves_fora"":1.61,""xsaves_total"":2.77,""xtotalshots_casa"":4.37,""xtotalshots_fora"":4.63,""xtotalshots_total"":9,""p_casa_vence"":0.2975,""p_empate"":0.2741,""p_fora_vence"":0.4283,""placares_top5"":[{""placar"":""1×1"",""prob"":0.1292},{""placar"":""0×1"",""prob"":0.1219},{""placar"":""1×0"",""prob"":0.0971},{""placar"":""0×0"",""prob"":0.0916},{""placar"":""1×2"",""prob"":0.0859}]}","pending","6a6ccb85966afb6124a20158","2026-07-31T16:21:25.542000","2026-07-31T16:21:25.542000","6a397687c9763709d6ee2143","lauremank622@gmail.com","false"
"2026-07-30","{""goals"":{""t"":0.9,""c"":1.5},""corners"":{""t"":3.25,""c"":5.15},""cards"":{""t"":2.6,""c"":2.7},""crosses"":{""t"":4,""c"":5.45},""big_chance_created"":{""t"":1.4,""c"":2.05},""big_chance_missed"":{""t"":0.7,""c"":0.95},""big_chance_scored"":{""t"":0.75,""c"":1.1},""xg"":{""t"":0.23,""c"":0.17},""shots_on_target"":{""t"":3.25,""c"":4.65},""shots_in_box"":{""t"":6.2,""c"":8},""total_shots"":{""t"":9.7,""c"":11.85},""shots_outside_box"":{""t"":3.5,""c"":3.85},""clearances"":{""t"":31.25,""c"":24.9},""dispossessed"":{""t"":7.35,""c"":7.65},""errors_goal"":{""t"":0.1,""c"":0.15},""errors_shot"":{""t"":0.15,""c"":0.3},""fouls"":{""t"":13.05,""c"":12.8},""gk_saves"":{""t"":3.15,""c"":2.4},""interceptions"":{""t"":7.85,""c"":7.2},""tackles"":{""t"":16.9,""c"":16.6},""free_kicks"":{""t"":13.85,""c"":14.8},""goal_kicks"":{""t"":6.9,""c"":7.55},""throw_ins"":{""t"":17.3,""c"":20.3},""possession"":{""t"":39.95,""c"":55.05},""offsides"":{""t"":1.85,""c"":1.15},""passes"":{""t"":269.05,""c"":384.7},""touches_opp_box"":{""t"":17.05,""c"":20.25},""red_cards"":{""t"":0.1,""c"":0.1},""yellow_cards"":{""t"":2.5,""c"":2.6}}","{""goals"":{""t"":1.6,""c"":1.25},""corners"":{""t"":5.15,""c"":3.7},""cards"":{""t"":2.65,""c"":2.15},""crosses"":{""t"":4.05,""c"":4.55},""big_chance_created"":{""t"":1.5,""c"":2.05},""big_chance_missed"":{""t"":0.65,""c"":1.2},""big_chance_scored"":{""t"":0.85,""c"":0.85},""xg"":{""t"":0.28,""c"":0.27},""shots_on_target"":{""t"":3.85,""c"":3.45},""shots_in_box"":{""t"":7.65,""c"":7.25},""total_shots"":{""t"":12.25,""c"":10.35},""shots_outside_box"":{""t"":4.6,""c"":3.1},""clearances"":{""t"":23.15,""c"":32.75},""dispossessed"":{""t"":7.85,""c"":7.95},""errors_goal"":{""t"":0.15,""c"":0.15},""errors_shot"":{""t"":0,""c"":0},""fouls"":{""t"":11.15,""c"":12.5},""gk_saves"":{""t"":2.35,""c"":2.5},""interceptions"":{""t"":8.2,""c"":11.05},""tackles"":{""t"":14.95,""c"":17.9},""free_kicks"":{""t"":14.45,""c"":12.95},""goal_kicks"":{""t"":6.4,""c"":7.25},""throw_ins"":{""t"":21.6,""c"":18.8},""possession"":{""t"":48.85,""c"":46.15},""offsides"":{""t"":2.05,""c"":2.05},""passes"":{""t"":332.45,""c"":321.3},""touches_opp_box"":{""t"":21.3,""c"":18.4},""red_cards"":{""t"":0.2,""c"":0.05},""yellow_cards"":{""t"":2.45,""c"":2.1}}","","","Newells","","","","{""corners_home"":7,""corners_away"":2,""goals_home"":1,""goals_away"":0,""cards_home"":2,""cards_away"":3,""fouls_home"":12,""fouls_away"":7,""saves_home"":1,""saves_away"":3,""totalshots_home"":12,""totalshots_away"":2,""shots_home"":4,""shots_away"":1,""btts"":0}","","Independiente","{""xc_casa"":5.77,""xc_fora"":3.5,""xc_total"":9.27,""dc"":{""base"":5.15,""indice_ofensivo"":0.9305,""indice_defensivo"":1.0388,""indice_composto"":0.9738,""detalhes_of"":{""shots_on_target"":[0.27,0.906],""shots_in_box"":[0.22,0.978],""big_chance_missed"":[0.13,0.813],""crosses"":[0.13,0.853],""touches_opp_box"":[0.13,1.025],""total_shots"":[0.1,1.017],""possession"":[0.08,0.94]},""detalhes_def"":{""gk_saves"":[0.5,0.775],""clearances"":[0.25,1.508],""shots_ced"":[0.25,1.097]}},""df"":{""base"":3.475,""indice_ofensivo"":0.9229,""indice_defensivo"":1.1365,""indice_composto"":1.0083,""detalhes_of"":{""shots_on_target"":[0.27,0.97],""shots_in_box"":[0.22,0.922],""big_chance_missed"":[0.13,0.737],""crosses"":[0.13,0.936],""touches_opp_box"":[0.13,0.962],""total_shots"":[0.1,0.968],""possession"":[0.08,0.928]},""detalhes_def"":{""gk_saves"":[0.5,0.866],""clearances"":[0.25,1.783],""shots_ced"":[0.25,1.032]}},""xg_casa"":1.67,""xg_fora"":0.97,""xg_total"":2.64,""xs_casa"":4.26,""xs_fora"":3.48,""xs_total"":7.74,""p_btts"":0.3931,""db"":{""xg_casa"":1.67,""xg_fora"":0.97,""p_casa_marca"":0.8118,""p_fora_marca"":0.6209},""xcard_casa"":2.45,""xcard_fora"":2.34,""xcard_total"":4.79,""xfouls_casa"":15.03,""xfouls_fora"":15.61,""xfouls_total"":30.64,""xsaves_casa"":2.2,""xsaves_fora"":2.73,""xsaves_total"":4.93,""xtotalshots_casa"":11.32,""xtotalshots_fora"":9.13,""xtotalshots_total"":20.45,""p_casa_vence"":0.538,""p_empate"":0.2431,""p_fora_vence"":0.2189,""placares_top5"":[{""placar"":""1×0"",""prob"":0.1192},{""placar"":""1×1"",""prob"":0.1156},{""placar"":""2×0"",""prob"":0.0995},{""placar"":""2×1"",""prob"":0.0965},{""placar"":""0×0"",""prob"":0.0714}]}","completed","6a6b7b5dc6e72ded7250c02a","2026-07-30T16:27:09.894000","2026-07-31T11:03:59.282000","6a397687c9763709d6ee2143","lauremank622@gmail.com","false"
"2026-07-30","{""goals"":{""t"":1.05,""c"":1.2},""corners"":{""t"":4.25,""c"":3.35},""cards"":{""t"":2.65,""c"":2.55},""crosses"":{""t"":4.2,""c"":3.75},""big_chance_created"":{""t"":2,""c"":1.65},""big_chance_missed"":{""t"":1.1,""c"":0.85},""big_chance_scored"":{""t"":0.9,""c"":0.8},""xg"":{""t"":0.17,""c"":0.17},""shots_on_target"":{""t"":3.55,""c"":3.5},""shots_in_box"":{""t"":6.85,""c"":6.65},""total_shots"":{""t"":11.7,""c"":10.65},""shots_outside_box"":{""t"":4.85,""c"":4},""clearances"":{""t"":21.6,""c"":23.55},""dispossessed"":{""t"":7.45,""c"":9.05},""errors_goal"":{""t"":0.05,""c"":0.05},""errors_shot"":{""t"":0.2,""c"":0.2},""fouls"":{""t"":12.75,""c"":11},""gk_saves"":{""t"":2.3,""c"":2.7},""interceptions"":{""t"":9.7,""c"":8.8},""tackles"":{""t"":18.55,""c"":16.05},""free_kicks"":{""t"":11.9,""c"":14.5},""goal_kicks"":{""t"":8.05,""c"":8.5},""throw_ins"":{""t"":21.35,""c"":20.6},""possession"":{""t"":42.85,""c"":52.15},""offsides"":{""t"":1.9,""c"":1.15},""passes"":{""t"":289.8,""c"":369.2},""touches_opp_box"":{""t"":15.25,""c"":17.25},""red_cards"":{""t"":0.15,""c"":0.05},""yellow_cards"":{""t"":2.5,""c"":2.5}}","{""goals"":{""t"":0.95,""c"":1.55},""corners"":{""t"":3.65,""c"":4.2},""cards"":{""t"":2.75,""c"":2.1},""crosses"":{""t"":3.15,""c"":5.65},""big_chance_created"":{""t"":0.95,""c"":1.75},""big_chance_missed"":{""t"":0.55,""c"":0.9},""big_chance_scored"":{""t"":0.35,""c"":0.85},""xg"":{""t"":0.29,""c"":0.21},""shots_on_target"":{""t"":2.4,""c"":4.8},""shots_in_box"":{""t"":5,""c"":9.05},""total_shots"":{""t"":8.65,""c"":14.25},""shots_outside_box"":{""t"":3.65,""c"":5.2},""clearances"":{""t"":28.3,""c"":24.75},""dispossessed"":{""t"":7.1,""c"":7.95},""errors_goal"":{""t"":0,""c"":0.05},""errors_shot"":{""t"":0.05,""c"":0.3},""fouls"":{""t"":12.55,""c"":10.65},""gk_saves"":{""t"":3.6,""c"":1.75},""interceptions"":{""t"":9.8,""c"":9.1},""tackles"":{""t"":16.9,""c"":14.9},""free_kicks"":{""t"":11.6,""c"":14.25},""goal_kicks"":{""t"":8.75,""c"":5.8},""throw_ins"":{""t"":17.5,""c"":20.65},""possession"":{""t"":41.4,""c"":53.6},""offsides"":{""t"":1.8,""c"":1.05},""passes"":{""t"":302.7,""c"":398.4},""touches_opp_box"":{""t"":13.2,""c"":21.65},""red_cards"":{""t"":0.05,""c"":0.15},""yellow_cards"":{""t"":2.7,""c"":1.95}}","","","Tucuman","","","","{""corners_home"":4,""corners_away"":3,""goals_home"":0,""goals_away"":2,""cards_home"":1,""cards_away"":1,""fouls_home"":10,""fouls_away"":13,""saves_home"":1,""saves_away"":1,""totalshots_home"":10,""totalshots_away"":8,""shots_home"":1,""shots_away"":3,""btts"":0}","","Cordoba","{""xc_casa"":4.13,""xc_fora"":3.97,""xc_total"":8.1,""dc"":{""base"":3.5,""indice_ofensivo"":0.8514,""indice_defensivo"":1.2884,""indice_composto"":1.0262,""detalhes_of"":{""shots_on_target"":[0.27,0.814],""shots_in_box"":[0.22,0.858],""big_chance_missed"":[0.13,0.786],""crosses"":[0.13,0.913],""touches_opp_box"":[0.13,0.867],""total_shots"":[0.1,0.896],""possession"":[0.08,0.885]},""detalhes_def"":{""gk_saves"":[0.5,1.069],""clearances"":[0.25,1.786],""shots_ced"":[0.25,1.229]}},""df"":{""base"":4.225,""indice_ofensivo"":0.8884,""indice_defensivo"":1.018,""indice_composto"":0.9403,""detalhes_of"":{""shots_on_target"":[0.27,0.85],""shots_in_box"":[0.22,0.862],""big_chance_missed"":[0.13,1.1],""crosses"":[0.13,0.853],""touches_opp_box"":[0.13,0.827],""total_shots"":[0.1,0.902],""possession"":[0.08,0.889]},""detalhes_def"":{""gk_saves"":[0.5,0.668],""clearances"":[0.25,1.577],""shots_ced"":[0.25,1.16]}},""xg_casa"":1.21,""xg_fora"":1.14,""xg_total"":2.35,""xs_casa"":3.09,""xs_fora"":4.01,""xs_total"":7.1,""p_btts"":0.3723,""db"":{""xg_casa"":1.21,""xg_fora"":1.14,""p_casa_marca"":0.7018,""p_fora_marca"":0.6802},""xcard_casa"":2.52,""xcard_fora"":2.58,""xcard_total"":5.1,""xfouls_casa"":15.36,""xfouls_fora"":15.75,""xfouls_total"":31.11,""xsaves_casa"":2.85,""xsaves_fora"":1.77,""xsaves_total"":4.62,""xtotalshots_casa"":8.14,""xtotalshots_fora"":11.68,""xtotalshots_total"":19.82,""p_casa_vence"":0.3772,""p_empate"":0.2799,""p_fora_vence"":0.3429,""placares_top5"":[{""placar"":""1×1"",""prob"":0.1316},{""placar"":""1×0"",""prob"":0.1154},{""placar"":""0×1"",""prob"":0.1087},{""placar"":""0×0"",""prob"":0.0954},{""placar"":""2×1"",""prob"":0.0796}]}","completed","6a6b7b3ec0afc9347622311e","2026-07-30T16:26:38.442000","2026-07-31T11:03:01.068000","6a397687c9763709d6ee2143","lauremank622@gmail.com","false"
"2026-07-30","{""goals"":{""t"":1.1,""c"":0.85},""corners"":{""t"":3.7,""c"":5},""cards"":{""t"":3.3,""c"":2.7},""crosses"":{""t"":3.3,""c"":4.35},""big_chance_created"":{""t"":1.3,""c"":1.65},""big_chance_missed"":{""t"":0.7,""c"":1.05},""big_chance_scored"":{""t"":0.6,""c"":0.6},""xg"":{""t"":0.32,""c"":0.35},""shots_on_target"":{""t"":3.75,""c"":3.25},""shots_in_box"":{""t"":6.1,""c"":6.35},""total_shots"":{""t"":10.6,""c"":11.1},""shots_outside_box"":{""t"":4.5,""c"":4.75},""clearances"":{""t"":27.65,""c"":28.75},""dispossessed"":{""t"":6.1,""c"":6.9},""errors_goal"":{""t"":0.05,""c"":0.15},""errors_shot"":{""t"":0.15,""c"":0.15},""fouls"":{""t"":12.9,""c"":12.75},""gk_saves"":{""t"":2.5,""c"":2.75},""interceptions"":{""t"":8.95,""c"":9.45},""tackles"":{""t"":16.05,""c"":14.9},""free_kicks"":{""t"":14.2,""c"":14.2},""goal_kicks"":{""t"":8.65,""c"":7.75},""throw_ins"":{""t"":21.75,""c"":20.9},""possession"":{""t"":48.5,""c"":46.5},""offsides"":{""t"":1.5,""c"":1.7},""passes"":{""t"":360.15,""c"":350.2},""touches_opp_box"":{""t"":15.85,""c"":15.15},""red_cards"":{""t"":0.25,""c"":0.05},""yellow_cards"":{""t"":3.05,""c"":2.65}}","{""goals"":{""t"":1.95,""c"":0.95},""corners"":{""t"":4.3,""c"":4},""cards"":{""t"":2.25,""c"":2.4},""crosses"":{""t"":6.65,""c"":4.35},""big_chance_created"":{""t"":2.4,""c"":1.25},""big_chance_missed"":{""t"":1.1,""c"":0.8},""big_chance_scored"":{""t"":1.3,""c"":0.45},""xg"":{""t"":0.76,""c"":0.35},""shots_on_target"":{""t"":4.85,""c"":3.7},""shots_in_box"":{""t"":9.05,""c"":6.45},""total_shots"":{""t"":13.3,""c"":11.9},""shots_outside_box"":{""t"":4.25,""c"":5.45},""clearances"":{""t"":22.55,""c"":25.05},""dispossessed"":{""t"":8.1,""c"":6.55},""errors_goal"":{""t"":0.05,""c"":0.3},""errors_shot"":{""t"":0.05,""c"":0.25},""fouls"":{""t"":11.7,""c"":11.45},""gk_saves"":{""t"":2.75,""c"":2.95},""interceptions"":{""t"":8.1,""c"":7.65},""tackles"":{""t"":13.7,""c"":16.05},""free_kicks"":{""t"":12.4,""c"":13.45},""goal_kicks"":{""t"":8.45,""c"":9.4},""throw_ins"":{""t"":19.55,""c"":21.35},""possession"":{""t"":46.8,""c"":53.2},""offsides"":{""t"":1.75,""c"":1.05},""passes"":{""t"":320.7,""c"":380.45},""touches_opp_box"":{""t"":19.8,""c"":15.2},""red_cards"":{""t"":0,""c"":0.2},""yellow_cards"":{""t"":2.25,""c"":2.2}}","","","Huracan","","","","{""corners_home"":3,""corners_away"":6,""goals_home"":2,""goals_away"":1,""cards_home"":0,""cards_away"":1,""fouls_home"":12,""fouls_away"":8,""saves_home"":6,""saves_away"":5,""totalshots_home"":21,""totalshots_away"":14,""shots_home"":7,""shots_away"":7,""btts"":1}","","Rivadavia","{""xc_casa"":5.68,""xc_fora"":3.93,""xc_total"":9.61,""dc"":{""base"":4.65,""indice_ofensivo"":1.1403,""indice_defensivo"":0.9465,""indice_composto"":1.0628,""detalhes_of"":{""shots_on_target"":[0.27,1.198],""shots_in_box"":[0.22,1.175],""big_chance_missed"":[0.13,1.023],""crosses"":[0.13,1.209],""touches_opp_box"":[0.13,1.133],""total_shots"":[0.1,1.09],""possession"":[0.08,1.003]},""detalhes_def"":{""gk_saves"":[0.5,0.748],""clearances"":[0.25,1.47],""shots_ced"":[0.25,0.819]}},""df"":{""base"":3.85,""indice_ofensivo"":0.9645,""indice_defensivo"":1.1049,""indice_composto"":1.0207,""detalhes_of"":{""shots_on_target"":[0.27,1.007],""shots_in_box"":[0.22,0.972],""big_chance_missed"":[0.13,0.933],""crosses"":[0.13,0.863],""touches_opp_box"":[0.13,1.021],""total_shots"":[0.1,0.942],""possession"":[0.08,0.954]},""detalhes_def"":{""gk_saves"":[0.5,0.882],""clearances"":[0.25,1.663],""shots_ced"":[0.25,0.993]}},""xg_casa"":1.62,""xg_fora"":0.93,""xg_total"":2.55,""xs_casa"":4.45,""xs_fora"":3.97,""xs_total"":8.42,""p_btts"":0.3788,""db"":{""xg_casa"":1.62,""xg_fora"":0.93,""p_casa_marca"":0.8021,""p_fora_marca"":0.6054},""xcard_casa"":2.27,""xcard_fora"":3.02,""xcard_total"":5.29,""xfouls_casa"":15.61,""xfouls_fora"":15.92,""xfouls_total"":31.53,""xsaves_casa"":2.71,""xsaves_fora"":3.26,""xsaves_total"":5.97,""xtotalshots_casa"":14.01,""xtotalshots_fora"":11.01,""xtotalshots_total"":25.02,""p_casa_vence"":0.5356,""p_empate"":0.2482,""p_fora_vence"":0.2162,""placares_top5"":[{""placar"":""1×0"",""prob"":0.1265},{""placar"":""1×1"",""prob"":0.1176},{""placar"":""2×0"",""prob"":0.1025},{""placar"":""2×1"",""prob"":0.0953},{""placar"":""0×0"",""prob"":0.0781}]}","completed","6a6b7b20decd6b6ced124c57","2026-07-30T16:26:08.419000","2026-07-31T11:02:13.694000","6a397687c9763709d6ee2143","lauremank622@gmail.com","false"
"2026-07-30","{""goals"":{""t"":1.25,""c"":0.7},""corners"":{""t"":4.15,""c"":4.1},""cards"":{""t"":2.25,""c"":2.95},""crosses"":{""t"":4.25,""c"":4.5},""big_chance_created"":{""t"":2,""c"":1.1},""big_chance_missed"":{""t"":1.35,""c"":0.85},""big_chance_scored"":{""t"":0.65,""c"":0.25},""xg"":{""t"":0.2,""c"":0.27},""shots_on_target"":{""t"":3.95,""c"":4.15},""shots_in_box"":{""t"":6.95,""c"":6.6},""total_shots"":{""t"":11.65,""c"":12.05},""shots_outside_box"":{""t"":4.7,""c"":5.45},""clearances"":{""t"":25.75,""c"":26.95},""dispossessed"":{""t"":7.95,""c"":9.55},""errors_goal"":{""t"":0,""c"":0.05},""errors_shot"":{""t"":0.2,""c"":0.4},""fouls"":{""t"":10.3,""c"":12.5},""gk_saves"":{""t"":3.6,""c"":2.9},""interceptions"":{""t"":8.7,""c"":10.95},""tackles"":{""t"":17.9,""c"":17},""free_kicks"":{""t"":14.55,""c"":11.3},""goal_kicks"":{""t"":7.15,""c"":8.2},""throw_ins"":{""t"":19.05,""c"":18.8},""possession"":{""t"":53.25,""c"":41.75},""offsides"":{""t"":1.05,""c"":2.2},""passes"":{""t"":421.05,""c"":325.4},""touches_opp_box"":{""t"":18.05,""c"":16.2},""red_cards"":{""t"":0.05,""c"":0.05},""yellow_cards"":{""t"":2.2,""c"":2.9}}","{""goals"":{""t"":0.95,""c"":0.9},""corners"":{""t"":4.5,""c"":4.55},""cards"":{""t"":2.45,""c"":2.55},""crosses"":{""t"":4.6,""c"":4.2},""big_chance_created"":{""t"":1.1,""c"":1.9},""big_chance_missed"":{""t"":0.65,""c"":1.4},""big_chance_scored"":{""t"":0.45,""c"":0.5},""xg"":{""t"":0.2,""c"":0.13},""shots_on_target"":{""t"":3.95,""c"":3.7},""shots_in_box"":{""t"":6.7,""c"":7.3},""total_shots"":{""t"":11.8,""c"":11.65},""shots_outside_box"":{""t"":5.1,""c"":4.35},""clearances"":{""t"":26.45,""c"":21.8},""dispossessed"":{""t"":6.6,""c"":8.3},""errors_goal"":{""t"":0.1,""c"":0.1},""errors_shot"":{""t"":0.45,""c"":0.25},""fouls"":{""t"":11.15,""c"":11.15},""gk_saves"":{""t"":2.85,""c"":3.1},""interceptions"":{""t"":7.15,""c"":9.4},""tackles"":{""t"":16.85,""c"":17.25},""free_kicks"":{""t"":13,""c"":12.3},""goal_kicks"":{""t"":8.15,""c"":6.9},""throw_ins"":{""t"":18.3,""c"":19.55},""possession"":{""t"":51.4,""c"":43.6},""offsides"":{""t"":1.25,""c"":1.85},""passes"":{""t"":390.45,""c"":323.1},""touches_opp_box"":{""t"":15.05,""c"":16.9},""red_cards"":{""t"":0.15,""c"":0.15},""yellow_cards"":{""t"":2.3,""c"":2.4}}","","","Velez","","","","{""corners_home"":6,""corners_away"":2,""goals_home"":1,""goals_away"":3,""cards_home"":2,""cards_away"":4,""fouls_home"":12,""fouls_away"":13,""saves_home"":2,""saves_away"":1,""totalshots_home"":13,""totalshots_away"":8,""shots_home"":6,""shots_away"":6,""btts"":1}","","Talleres","{""xc_casa"":5.07,""xc_fora"":4.49,""xc_total"":9.56,""dc"":{""base"":4.3,""indice_ofensivo"":0.9826,""indice_defensivo"":1.0896,""indice_composto"":1.0254,""detalhes_of"":{""shots_on_target"":[0.27,0.975],""shots_in_box"":[0.22,1.008],""big_chance_missed"":[0.13,0.867],""crosses"":[0.13,1.011],""touches_opp_box"":[0.13,0.963],""total_shots"":[0.1,0.99],""possession"":[0.08,1.104]},""detalhes_def"":{""gk_saves"":[0.5,0.851],""clearances"":[0.25,1.632],""shots_ced"":[0.25,1.025]}},""df"":{""base"":4.35,""indice_ofensivo"":1.0133,""indice_defensivo"":1.0601,""indice_composto"":1.032,""detalhes_of"":{""shots_on_target"":[0.27,1.033],""shots_in_box"":[0.22,0.975],""big_chance_missed"":[0.13,0.982],""crosses"":[0.13,1.006],""touches_opp_box"":[0.13,1.033],""total_shots"":[0.1,1],""possession"":[0.08,1.1]},""detalhes_def"":{""gk_saves"":[0.5,0.882],""clearances"":[0.25,1.508],""shots_ced"":[0.25,0.968]}},""xg_casa"":0.94,""xg_fora"":1.05,""xg_total"":1.99,""xs_casa"":4.33,""xs_fora"":4.05,""xs_total"":8.38,""p_btts"":0.2575,""db"":{""xg_casa"":0.94,""xg_fora"":1.05,""p_casa_marca"":0.6094,""p_fora_marca"":0.6501},""xcard_casa"":2.29,""xcard_fora"":2.33,""xcard_total"":4.62,""xfouls_casa"":13.68,""xfouls_fora"":13.3,""xfouls_total"":26.98,""xsaves_casa"":2.98,""xsaves_fora"":3.26,""xsaves_total"":6.24,""xtotalshots_casa"":12.01,""xtotalshots_fora"":11.9,""xtotalshots_total"":23.91,""p_casa_vence"":0.3168,""p_empate"":0.3088,""p_fora_vence"":0.3745,""placares_top5"":[{""placar"":""0×1"",""prob"":0.1435},{""placar"":""0×0"",""prob"":0.1367},{""placar"":""1×1"",""prob"":0.1349},{""placar"":""1×0"",""prob"":0.1285},{""placar"":""0×2"",""prob"":0.0754}]}","completed","6a6b7b00b7e76ede7b82a12e","2026-07-30T16:25:36.655000","2026-07-31T11:01:22.334000","6a397687c9763709d6ee2143","lauremank622@gmail.com","false"
"2026-07-29","{""goals"":{""t"":1.95,""c"":1.3},""corners"":{""t"":7.15,""c"":4.85},""cards"":{""t"":2.6,""c"":2.9},""crosses"":{""t"":4.45,""c"":3.85},""big_chance_created"":{""t"":2.55,""c"":1.55},""big_chance_missed"":{""t"":1.35,""c"":0.8},""big_chance_scored"":{""t"":1.2,""c"":0.75},""xg"":{""t"":1.58,""c"":1.09},""shots_on_target"":{""t"":5.6,""c"":4.1},""shots_in_box"":{""t"":8.75,""c"":7.65},""total_shots"":{""t"":15.25,""c"":11.9},""shots_outside_box"":{""t"":6.5,""c"":4.25},""clearances"":{""t"":16.75,""c"":29.1},""dispossessed"":{""t"":7.85,""c"":8.45},""errors_goal"":{""t"":0.15,""c"":0.2},""errors_shot"":{""t"":0.3,""c"":0.45},""fouls"":{""t"":10.75,""c"":14.9},""gk_saves"":{""t"":2.85,""c"":3.8},""interceptions"":{""t"":9.15,""c"":9.25},""tackles"":{""t"":17,""c"":17.65},""free_kicks"":{""t"":15.95,""c"":12.25},""goal_kicks"":{""t"":6.5,""c"":7.95},""throw_ins"":{""t"":20.6,""c"":17.6},""possession"":{""t"":59.8,""c"":40.2},""offsides"":{""t"":1.55,""c"":1.2},""passes"":{""t"":509.15,""c"":335.05},""touches_opp_box"":{""t"":26.45,""c"":17.8},""red_cards"":{""t"":0.05,""c"":0.1},""yellow_cards"":{""t"":2.55,""c"":2.8}}","{""goals"":{""t"":1.25,""c"":1.25},""corners"":{""t"":5.2,""c"":4.5},""cards"":{""t"":1.1,""c"":2.2},""crosses"":{""t"":4,""c"":4.1},""big_chance_created"":{""t"":1.65,""c"":2.25},""big_chance_missed"":{""t"":1,""c"":1.4},""big_chance_scored"":{""t"":0.65,""c"":0.85},""xg"":{""t"":1.27,""c"":1.23},""shots_on_target"":{""t"":4.05,""c"":3.3},""shots_in_box"":{""t"":7.95,""c"":7.95},""total_shots"":{""t"":14.3,""c"":12.45},""shots_outside_box"":{""t"":6.35,""c"":4.5},""clearances"":{""t"":25.7,""c"":28.3},""dispossessed"":{""t"":7.75,""c"":7.5},""errors_goal"":{""t"":0.15,""c"":0.25},""errors_shot"":{""t"":0.45,""c"":0.5},""fouls"":{""t"":10.15,""c"":13.95},""gk_saves"":{""t"":2.05,""c"":2.95},""interceptions"":{""t"":8.55,""c"":8.1},""tackles"":{""t"":16.45,""c"":15.55},""free_kicks"":{""t"":14.5,""c"":11.4},""goal_kicks"":{""t"":6.75,""c"":8.05},""throw_ins"":{""t"":17.4,""c"":18.4},""possession"":{""t"":52,""c"":48},""offsides"":{""t"":1.4,""c"":0.65},""passes"":{""t"":421.2,""c"":396.8},""touches_opp_box"":{""t"":27.35,""c"":21.8},""red_cards"":{""t"":0.05,""c"":0},""yellow_cards"":{""t"":1.05,""c"":2.2}}","","","FENERBACHE","","","","{""corners_home"":9,""corners_away"":7,""goals_home"":1,""goals_away"":1,""cards_home"":4,""cards_away"":5,""fouls_home"":8,""fouls_away"":15,""saves_home"":1,""saves_away"":5,""totalshots_home"":15,""totalshots_away"":14,""shots_home"":6,""shots_away"":2,""btts"":1}","","GORNIK","{""xc_casa"":6.28,""xc_fora"":6.04,""xc_total"":12.32,""dc"":{""base"":5.025,""indice_ofensivo"":1.0626,""indice_defensivo"":1.1242,""indice_composto"":1.0873,""detalhes_of"":{""shots_on_target"":[0.27,0.994],""shots_in_box"":[0.22,1.019],""big_chance_missed"":[0.13,1.111],""crosses"":[0.13,1.019],""touches_opp_box"":[0.13,1.212],""total_shots"":[0.1,1.092],""possession"":[0.08,1.128]},""detalhes_def"":{""gk_saves"":[0.5,0.969],""clearances"":[0.25,1.553],""shots_ced"":[0.25,1.006]}},""df"":{""base"":5.825,""indice_ofensivo"":1.1082,""indice_defensivo"":0.928,""indice_composto"":1.0361,""detalhes_of"":{""shots_on_target"":[0.27,1.258],""shots_in_box"":[0.22,1.048],""big_chance_missed"":[0.13,0.982],""crosses"":[0.13,1.041],""touches_opp_box"":[0.13,1.096],""total_shots"":[0.1,1.101],""possession"":[0.08,1.109]},""detalhes_def"":{""gk_saves"":[0.5,0.728],""clearances"":[0.25,1.483],""shots_ced"":[0.25,0.773]}},""xg_casa"":1.44,""xg_fora"":1.49,""xg_total"":2.93,""xs_casa"":4.58,""xs_fora"":4.7,""xs_total"":9.28,""p_btts"":0.4611,""db"":{""xg_casa"":1.44,""xg_fora"":1.49,""p_casa_marca"":0.7631,""p_fora_marca"":0.7746},""xcard_casa"":1.79,""xcard_fora"":2.45,""xcard_total"":4.24,""xfouls_casa"":14.87,""xfouls_fora"":15.96,""xfouls_total"":30.83,""xsaves_casa"":3.34,""xsaves_fora"":2.98,""xsaves_total"":6.32,""xtotalshots_casa"":14.23,""xtotalshots_fora"":14.83,""xtotalshots_total"":29.06,""p_casa_vence"":0.3658,""p_empate"":0.2462,""p_fora_vence"":0.388,""placares_top5"":[{""placar"":""1×1"",""prob"":0.1146},{""placar"":""1×2"",""prob"":0.0854},{""placar"":""2×1"",""prob"":0.0825},{""placar"":""0×1"",""prob"":0.0796},{""placar"":""1×0"",""prob"":0.0769}]}","completed","6a6a03b05314ee91a48fd3c4","2026-07-29T13:44:16.604000","2026-07-31T11:00:12.313000","6a397687c9763709d6ee2143","lauremank622@gmail.com","false"
"2026-07-29","{""goals"":{""t"":1.35,""c"":1.9},""corners"":{""t"":0.55,""c"":3.25},""cards"":{""t"":1.15,""c"":0.6},""crosses"":{""t"":0.6,""c"":2.4},""big_chance_created"":{""t"":0.2,""c"":0.8},""big_chance_missed"":{""t"":0.15,""c"":0.4},""big_chance_scored"":{""t"":0.05,""c"":0.4},""xg"":{""t"":0.12,""c"":0.51},""shots_on_target"":{""t"":0.8,""c"":2.05},""shots_in_box"":{""t"":0.9,""c"":3.25},""total_shots"":{""t"":2.25,""c"":5.25},""shots_outside_box"":{""t"":0.7,""c"":1.35},""clearances"":{""t"":9.65,""c"":4.45},""dispossessed"":{""t"":1.9,""c"":2.7},""errors_goal"":{""t"":0.05,""c"":0},""errors_shot"":{""t"":0.1,""c"":0.15},""fouls"":{""t"":4.15,""c"":4.85},""gk_saves"":{""t"":1.35,""c"":0.7},""interceptions"":{""t"":2.3,""c"":2.6},""tackles"":{""t"":6.05,""c"":3.4},""free_kicks"":{""t"":5.1,""c"":4.55},""goal_kicks"":{""t"":3.35,""c"":2},""throw_ins"":{""t"":6.95,""c"":6.75},""possession"":{""t"":11.95,""c"":23.05},""offsides"":{""t"":0.45,""c"":0.3},""passes"":{""t"":87.6,""c"":178},""touches_opp_box"":{""t"":2.55,""c"":9.45},""red_cards"":{""t"":0.15,""c"":0},""yellow_cards"":{""t"":1,""c"":0.6}}","{""goals"":{""t"":2.55,""c"":0.65},""corners"":{""t"":6.65,""c"":2.9},""cards"":{""t"":1.4,""c"":1.8},""crosses"":{""t"":7.2,""c"":2.5},""big_chance_created"":{""t"":4.2,""c"":1.05},""big_chance_missed"":{""t"":2.6,""c"":0.8},""big_chance_scored"":{""t"":1.6,""c"":0.3},""xg"":{""t"":2.32,""c"":0.7},""shots_on_target"":{""t"":7.5,""c"":2.35},""shots_in_box"":{""t"":13.25,""c"":4.05},""total_shots"":{""t"":19.8,""c"":7.65},""shots_outside_box"":{""t"":6.55,""c"":3.6},""clearances"":{""t"":16.15,""c"":30.3},""dispossessed"":{""t"":6,""c"":6.9},""errors_goal"":{""t"":0,""c"":0.05},""errors_shot"":{""t"":0.4,""c"":0.35},""fouls"":{""t"":11.55,""c"":12.2},""gk_saves"":{""t"":1.8,""c"":5.25},""interceptions"":{""t"":9.25,""c"":8.35},""tackles"":{""t"":13.05,""c"":12.4},""free_kicks"":{""t"":13.15,""c"":13.85},""goal_kicks"":{""t"":4.95,""c"":10.2},""throw_ins"":{""t"":17.45,""c"":16.45},""possession"":{""t"":62.75,""c"":32.25},""offsides"":{""t"":2.4,""c"":1.05},""passes"":{""t"":528.75,""c"":271.9},""touches_opp_box"":{""t"":35.95,""c"":11.4},""red_cards"":{""t"":0,""c"":0.1},""yellow_cards"":{""t"":1.4,""c"":1.7}}","","","LARNE","","","","{""corners_home"":5,""corners_away"":1,""goals_home"":5,""goals_away"":0,""shots_home"":13,""shots_away"":0,""cards_home"":0,""cards_away"":0,""fouls_home"":10,""fouls_away"":5,""saves_home"":0,""saves_away"":8,""totalshots_home"":24,""totalshots_away"":1,""btts"":0}","","ESTRELA VERMELHA","{""xc_casa"":6.35,""xc_fora"":1.81,""xc_total"":8.16,""dc"":{""base"":4.95,""indice_ofensivo"":1.5837,""indice_defensivo"":0.4138,""indice_composto"":1.1157,""detalhes_of"":{""shots_on_target"":[0.27,1.571],""shots_in_box"":[0.22,1.606],""big_chance_missed"":[0.13,1.733],""crosses"":[0.13,1.5],""touches_opp_box"":[0.13,1.584],""total_shots"":[0.1,1.581],""possession"":[0.08,1.463]},""detalhes_def"":{""gk_saves"":[0.5,0.248],""clearances"":[0.25,0.638],""shots_ced"":[0.25,0.521]}},""df"":{""base"":1.725,""indice_ofensivo"":0.4196,""indice_defensivo"":2,""indice_composto"":1.0517,""detalhes_of"":{""shots_on_target"":[0.27,0.508],""shots_in_box"":[0.22,0.364],""big_chance_missed"":[0.13,0.316],""crosses"":[0.13,0.387],""touches_opp_box"":[0.13,0.366],""total_shots"":[0.1,0.455],""possession"":[0.08,0.541]},""detalhes_def"":{""gk_saves"":[0.5,2],""clearances"":[0.25,2],""shots_ced"":[0.25,2]}},""xg_casa"":2.57,""xg_fora"":0.94,""xg_total"":3.51,""xs_casa"":5.36,""xs_fora"":1.63,""xs_total"":6.99,""p_btts"":0.4952,""db"":{""xg_casa"":2.57,""xg_fora"":0.94,""p_casa_marca"":0.9235,""p_fora_marca"":0.6094},""xcard_casa"":1.35,""xcard_fora"":0.99,""xcard_total"":2.34,""xfouls_casa"":15.73,""xfouls_fora"":5.31,""xfouls_total"":21.04,""xsaves_casa"":0.51,""xsaves_fora"":5.31,""xsaves_total"":5.82,""xtotalshots_casa"":19.84,""xtotalshots_fora"":1.88,""xtotalshots_total"":21.72,""p_casa_vence"":0.7236,""p_empate"":0.1594,""p_fora_vence"":0.1157,""placares_top5"":[{""placar"":""2×0"",""prob"":0.0987},{""placar"":""2×1"",""prob"":0.0928},{""placar"":""3×0"",""prob"":0.0846},{""placar"":""3×1"",""prob"":0.0795},{""placar"":""1×0"",""prob"":0.0768}]}","completed","6a6a039aecd6e647f6d2a2ae","2026-07-29T13:43:54.379000","2026-07-31T11:09:36.440000","6a397687c9763709d6ee2143","lauremank622@gmail.com","false"
"2026-07-29","{""goals"":{""t"":1.9,""c"":1.15},""corners"":{""t"":1.75,""c"":2.75},""cards"":{""t"":1.3,""c"":1.45},""crosses"":{""t"":1.45,""c"":1.9},""big_chance_created"":{""t"":1.15,""c"":1.35},""big_chance_missed"":{""t"":0.65,""c"":0.9},""big_chance_scored"":{""t"":0.5,""c"":0.45},""xg"":{""t"":0.46,""c"":0.49},""shots_on_target"":{""t"":1.8,""c"":2.6},""shots_in_box"":{""t"":3.6,""c"":4.25},""total_shots"":{""t"":4.75,""c"":6.85},""shots_outside_box"":{""t"":1.15,""c"":2.6},""clearances"":{""t"":17.55,""c"":10.45},""dispossessed"":{""t"":3.7,""c"":4.85},""errors_goal"":{""t"":0.15,""c"":0},""errors_shot"":{""t"":0.3,""c"":0},""fouls"":{""t"":7.8,""c"":6.05},""gk_saves"":{""t"":1.8,""c"":0.95},""interceptions"":{""t"":5.15,""c"":4.65},""tackles"":{""t"":9.55,""c"":7.95},""free_kicks"":{""t"":7.1,""c"":7.95},""goal_kicks"":{""t"":3.75,""c"":3.55},""throw_ins"":{""t"":10.2,""c"":12.6},""possession"":{""t"":24.25,""c"":30.75},""offsides"":{""t"":0.4,""c"":1.15},""passes"":{""t"":210.45,""c"":268.2},""touches_opp_box"":{""t"":10.15,""c"":13.85},""red_cards"":{""t"":0.05,""c"":0.1},""yellow_cards"":{""t"":1.25,""c"":1.35}}","{""goals"":{""t"":1.85,""c"":1.2},""corners"":{""t"":5.35,""c"":3.15},""cards"":{""t"":1.85,""c"":2.85},""crosses"":{""t"":4,""c"":2.5},""big_chance_created"":{""t"":3.4,""c"":1.7},""big_chance_missed"":{""t"":2.2,""c"":1},""big_chance_scored"":{""t"":1.25,""c"":0.7},""xg"":{""t"":0,""c"":0},""shots_on_target"":{""t"":6.2,""c"":3.1},""shots_in_box"":{""t"":9.7,""c"":5.4},""total_shots"":{""t"":15.5,""c"":8.4},""shots_outside_box"":{""t"":5.8,""c"":3.05},""clearances"":{""t"":16.5,""c"":21.2},""dispossessed"":{""t"":6.95,""c"":8.05},""errors_goal"":{""t"":0.2,""c"":0.3},""errors_shot"":{""t"":0.3,""c"":0.9},""fouls"":{""t"":12.45,""c"":13.35},""gk_saves"":{""t"":1.95,""c"":4.2},""interceptions"":{""t"":8.6,""c"":9.35},""tackles"":{""t"":18.4,""c"":15.25},""free_kicks"":{""t"":14.8,""c"":14.05},""goal_kicks"":{""t"":5,""c"":10.3},""throw_ins"":{""t"":19.65,""c"":19.7},""possession"":{""t"":56.75,""c"":38.25},""offsides"":{""t"":1.75,""c"":1.6},""passes"":{""t"":455.35,""c"":296.55},""touches_opp_box"":{""t"":30.05,""c"":14.6},""red_cards"":{""t"":0.05,""c"":0.15},""yellow_cards"":{""t"":1.8,""c"":2.7}}","","","VIKINGUR","","","","{""corners_home"":9,""corners_away"":4,""goals_home"":2,""goals_away"":0,""shots_home"":3,""shots_away"":1,""cards_home"":5,""cards_away"":3,""fouls_home"":15,""fouls_away"":16,""saves_home"":1,""saves_away"":2,""totalshots_home"":9,""totalshots_away"":3,""btts"":0}","","HAPOEL","{""xc_casa"":4.97,""xc_fora"":2.74,""xc_total"":7.71,""dc"":{""base"":4.05,""indice_ofensivo"":1.3846,""indice_defensivo"":0.5885,""indice_composto"":1.0661,""detalhes_of"":{""shots_on_target"":[0.27,1.409],""shots_in_box"":[0.22,1.391],""big_chance_missed"":[0.13,1.419],""crosses"":[0.13,1.356],""touches_opp_box"":[0.13,1.369],""total_shots"":[0.1,1.387],""possession"":[0.08,1.297]},""detalhes_def"":{""gk_saves"":[0.5,0.338],""clearances"":[0.25,1.029],""shots_ced"":[0.25,0.649]}},""df"":{""base"":2.45,""indice_ofensivo"":0.7672,""indice_defensivo"":1.6432,""indice_composto"":1.1176,""detalhes_of"":{""shots_on_target"":[0.27,0.735],""shots_in_box"":[0.22,0.8],""big_chance_missed"":[0.13,0.788],""crosses"":[0.13,0.734],""touches_opp_box"":[0.13,0.82],""total_shots"":[0.1,0.722],""possession"":[0.08,0.776]},""detalhes_def"":{""gk_saves"":[0.5,1.601],""clearances"":[0.25,2],""shots_ced"":[0.25,1.37]}},""xg_casa"":1.83,""xg_fora"":1.77,""xg_total"":3.6,""xs_casa"":4.74,""xs_fora"":2.88,""xs_total"":7.62,""p_btts"":0.613,""db"":{""xg_casa"":1.83,""xg_fora"":1.77,""p_casa_marca"":0.8396,""p_fora_marca"":0.8297},""xcard_casa"":1.88,""xcard_fora"":1.69,""xcard_total"":3.57,""xfouls_casa"":15.6,""xfouls_fora"":9.56,""xfouls_total"":25.16,""xsaves_casa"":1.32,""xsaves_fora"":4.22,""xsaves_total"":5.54,""xtotalshots_casa"":15.39,""xtotalshots_fora"":5.23,""xtotalshots_total"":20.62,""p_casa_vence"":0.4024,""p_empate"":0.2193,""p_fora_vence"":0.3781,""placares_top5"":[{""placar"":""1×1"",""prob"":0.0885},{""placar"":""2×1"",""prob"":0.081},{""placar"":""1×2"",""prob"":0.0783},{""placar"":""2×2"",""prob"":0.0717},{""placar"":""1×0"",""prob"":0.05}]}","completed","6a6a036d6fe922624ec53c52","2026-07-29T13:43:09.209000","2026-07-31T11:08:34.147000","6a397687c9763709d6ee2143","lauremank622@gmail.com","false"
"2026-07-29","{""goals"":{""t"":1.6,""c"":0.75},""corners"":{""t"":4,""c"":2.4},""cards"":{""t"":1.5,""c"":1.85},""crosses"":{""t"":3.9,""c"":2},""big_chance_created"":{""t"":0,""c"":0},""big_chance_missed"":{""t"":0,""c"":0},""big_chance_scored"":{""t"":0,""c"":0},""xg"":{""t"":1.16,""c"":0.53},""shots_on_target"":{""t"":3,""c"":1.5},""shots_in_box"":{""t"":5.75,""c"":2.95},""total_shots"":{""t"":9.05,""c"":5.95},""shots_outside_box"":{""t"":3.3,""c"":3},""clearances"":{""t"":10.05,""c"":18.15},""dispossessed"":{""t"":5.9,""c"":5.15},""errors_goal"":{""t"":0,""c"":0},""errors_shot"":{""t"":2.15,""c"":1.85},""fouls"":{""t"":9.05,""c"":9.55},""gk_saves"":{""t"":0.95,""c"":2.1},""interceptions"":{""t"":9.2,""c"":9.55},""tackles"":{""t"":1.25,""c"":2.5},""free_kicks"":{""t"":2.1,""c"":3.15},""goal_kicks"":{""t"":4.4,""c"":6.65},""throw_ins"":{""t"":16.75,""c"":12.6},""possession"":{""t"":45.45,""c"":29.55},""offsides"":{""t"":1.3,""c"":0.4},""passes"":{""t"":368.8,""c"":221.15},""touches_opp_box"":{""t"":14.35,""c"":7.7},""red_cards"":{""t"":0.05,""c"":0.15},""yellow_cards"":{""t"":1.45,""c"":1.7}}","{""goals"":{""t"":1.5,""c"":0.8},""corners"":{""t"":3.65,""c"":2.85},""cards"":{""t"":2.1,""c"":2.2},""crosses"":{""t"":4.5,""c"":3.3},""big_chance_created"":{""t"":1.65,""c"":1.45},""big_chance_missed"":{""t"":0.95,""c"":0.85},""big_chance_scored"":{""t"":0.7,""c"":0.6},""xg"":{""t"":0.83,""c"":0.71},""shots_on_target"":{""t"":3.85,""c"":2.1},""shots_in_box"":{""t"":6.55,""c"":4.7},""total_shots"":{""t"":11.45,""c"":7.2},""shots_outside_box"":{""t"":4.9,""c"":2.5},""clearances"":{""t"":20.05,""c"":21.6},""dispossessed"":{""t"":6.9,""c"":7},""errors_goal"":{""t"":0.05,""c"":0.15},""errors_shot"":{""t"":0.25,""c"":0.45},""fouls"":{""t"":9.2,""c"":9.85},""gk_saves"":{""t"":1.4,""c"":2.55},""interceptions"":{""t"":7.2,""c"":7.7},""tackles"":{""t"":13.9,""c"":12.65},""free_kicks"":{""t"":13.45,""c"":10.65},""goal_kicks"":{""t"":5.05,""c"":7.5},""throw_ins"":{""t"":20.3,""c"":20.5},""possession"":{""t"":47.85,""c"":37.15},""offsides"":{""t"":1.2,""c"":2.85},""passes"":{""t"":399.8,""c"":307.15},""touches_opp_box"":{""t"":17.45,""c"":12.75},""red_cards"":{""t"":0.15,""c"":0.05},""yellow_cards"":{""t"":1.95,""c"":2.15}}","","","LEVSKI","","","","{""corners_home"":9,""corners_away"":4,""goals_home"":2,""goals_away"":2,""shots_home"":4,""shots_away"":4,""cards_home"":2,""cards_away"":4,""fouls_home"":14,""fouls_away"":19,""saves_home"":2,""saves_away"":2,""totalshots_home"":17,""totalshots_away"":7,""btts"":1}","","CRAIOVA","{""xc_casa"":4.25,""xc_fora"":3.76,""xc_total"":8.01,""dc"":{""base"":3.025,""indice_ofensivo"":1.4556,""indice_defensivo"":0.8685,""indice_composto"":1.2207,""detalhes_of"":{""shots_on_target"":[0.27,1.439],""shots_in_box"":[0.22,1.379],""big_chance_missed"":[0.13,2],""crosses"":[0.13,1.385],""touches_opp_box"":[0.13,1.388],""total_shots"":[0.1,1.316],""possession"":[0.08,1.236]},""detalhes_def"":{""gk_saves"":[0.5,0.717],""clearances"":[0.25,1.46],""shots_ced"":[0.25,0.58]}},""df"":{""base"":3.425,""indice_ofensivo"":1.1158,""indice_defensivo"":1.0692,""indice_composto"":1.0972,""detalhes_of"":{""shots_on_target"":[0.27,1.176],""shots_in_box"":[0.22,1.1],""big_chance_missed"":[0.13,0],""crosses"":[0.13,1.083],""touches_opp_box"":[0.13,1.059],""total_shots"":[0.1,1.114],""possession"":[0.08,1.1]},""detalhes_def"":{""gk_saves"":[0.5,0.914],""clearances"":[0.25,1.633],""shots_ced"":[0.25,0.816]}},""xg_casa"":1.56,""xg_fora"":1.21,""xg_total"":2.77,""xs_casa"":3.49,""xs_fora"":2.9,""xs_total"":6.39,""p_btts"":0.4324,""db"":{""xg_casa"":1.56,""xg_fora"":1.21,""p_casa_marca"":0.7899,""p_fora_marca"":0.7018},""xcard_casa"":1.97,""xcard_fora"":1.68,""xcard_total"":3.65,""xfouls_casa"":14.49,""xfouls_fora"":9.67,""xfouls_total"":24.16,""xsaves_casa"":2.02,""xsaves_fora"":2.6,""xsaves_total"":4.62,""xtotalshots_casa"":13.05,""xtotalshots_fora"":8.81,""xtotalshots_total"":21.86,""p_casa_vence"":0.4543,""p_empate"":0.25,""p_fora_vence"":0.2957,""placares_top5"":[{""placar"":""1×1"",""prob"":0.1183},{""placar"":""1×0"",""prob"":0.0978},{""placar"":""2×1"",""prob"":0.0923},{""placar"":""2×0"",""prob"":0.0762},{""placar"":""0×1"",""prob"":0.0758}]}","completed","6a6a03527932b373d7ed9ca2","2026-07-29T13:42:42.113000","2026-07-31T11:07:48.146000","6a397687c9763709d6ee2143","lauremank622@gmail.com","false"
"2026-07-29","{""goals"":{""t"":1.8,""c"":1.15},""corners"":{""t"":5.75,""c"":3.8},""cards"":{""t"":1.3,""c"":2.6},""crosses"":{""t"":4.65,""c"":4.2},""big_chance_created"":{""t"":2.4,""c"":2},""big_chance_missed"":{""t"":1.3,""c"":1.2},""big_chance_scored"":{""t"":1.1,""c"":0.8},""xg"":{""t"":1.7,""c"":1.08},""shots_on_target"":{""t"":5.7,""c"":4.25},""shots_in_box"":{""t"":9.35,""c"":8.3},""total_shots"":{""t"":14.75,""c"":11.9},""shots_outside_box"":{""t"":5.4,""c"":3.6},""clearances"":{""t"":25.6,""c"":29.75},""dispossessed"":{""t"":10,""c"":8.45},""errors_goal"":{""t"":0.2,""c"":0.15},""errors_shot"":{""t"":0.4,""c"":0.3},""fouls"":{""t"":11.25,""c"":15.45},""gk_saves"":{""t"":3,""c"":3.75},""interceptions"":{""t"":7.55,""c"":9.7},""tackles"":{""t"":16.05,""c"":17.35},""free_kicks"":{""t"":16.1,""c"":12.6},""goal_kicks"":{""t"":7.25,""c"":8.85},""throw_ins"":{""t"":20.05,""c"":17.55},""possession"":{""t"":53.1,""c"":46.9},""offsides"":{""t"":1.35,""c"":0.8},""passes"":{""t"":449.45,""c"":401.8},""touches_opp_box"":{""t"":26.55,""c"":23.65},""red_cards"":{""t"":0.05,""c"":0},""yellow_cards"":{""t"":1.25,""c"":2.6}}","{""goals"":{""t"":2.05,""c"":1},""corners"":{""t"":5.6,""c"":3.65},""cards"":{""t"":1.4,""c"":2.2},""crosses"":{""t"":5.15,""c"":4.1},""big_chance_created"":{""t"":3.15,""c"":1.45},""big_chance_missed"":{""t"":1.9,""c"":0.9},""big_chance_scored"":{""t"":1.25,""c"":0.6},""xg"":{""t"":1.91,""c"":0.91},""shots_on_target"":{""t"":6.65,""c"":3.15},""shots_in_box"":{""t"":11.4,""c"":6.85},""total_shots"":{""t"":18.15,""c"":10.25},""shots_outside_box"":{""t"":6.75,""c"":3.4},""clearances"":{""t"":20.2,""c"":27.85},""dispossessed"":{""t"":6.6,""c"":6.85},""errors_goal"":{""t"":0.05,""c"":0.1},""errors_shot"":{""t"":0.4,""c"":0.4},""fouls"":{""t"":10.95,""c"":12.2},""gk_saves"":{""t"":2.05,""c"":4.7},""interceptions"":{""t"":6.95,""c"":8.8},""tackles"":{""t"":13.55,""c"":14.65},""free_kicks"":{""t"":13.4,""c"":12.05},""goal_kicks"":{""t"":6.95,""c"":9.2},""throw_ins"":{""t"":18.4,""c"":14.45},""possession"":{""t"":57.45,""c"":42.55},""offsides"":{""t"":1.2,""c"":1.3},""passes"":{""t"":486.2,""c"":360.65},""touches_opp_box"":{""t"":34.25,""c"":19.05},""red_cards"":{""t"":0,""c"":0.25},""yellow_cards"":{""t"":1.4,""c"":1.95}}","","","AGF","","","","{""corners_home"":14,""corners_away"":3,""goals_home"":1,""goals_away"":4,""cards_home"":2,""cards_away"":4,""fouls_home"":12,""fouls_away"":14,""saves_home"":2,""saves_away"":8,""totalshots_home"":18,""totalshots_away"":14,""shots_home"":9,""shots_away"":6,""btts"":1}","","LECH","{""xc_casa"":5.83,""xc_fora"":5.22,""xc_total"":11.05,""dc"":{""base"":4.7,""indice_ofensivo"":1.1786,""indice_defensivo"":0.9268,""indice_composto"":1.0779,""detalhes_of"":{""shots_on_target"":[0.27,1.22],""shots_in_box"":[0.22,1.157],""big_chance_missed"":[0.13,1.226],""crosses"":[0.13,1.102],""touches_opp_box"":[0.13,1.183],""total_shots"":[0.1,1.208],""possession"":[0.08,1.101]},""detalhes_def"":{""gk_saves"":[0.5,0.766],""clearances"":[0.25,1.361],""shots_ced"":[0.25,0.815]}},""df"":{""base"":4.7,""indice_ofensivo"":1.1809,""indice_defensivo"":1.0042,""indice_composto"":1.1102,""detalhes_of"":{""shots_on_target"":[0.27,1.288],""shots_in_box"":[0.22,1.154],""big_chance_missed"":[0.13,1.182],""crosses"":[0.13,1.063],""touches_opp_box"":[0.13,1.164],""total_shots"":[0.1,1.18],""possession"":[0.08,1.11]},""detalhes_def"":{""gk_saves"":[0.5,0.915],""clearances"":[0.25,1.439],""shots_ced"":[0.25,0.748]}},""xg_casa"":1.81,""xg_fora"":1.48,""xg_total"":3.29,""xs_casa"":6.04,""xs_fora"":5.12,""xs_total"":11.16,""p_btts"":0.5684,""db"":{""xg_casa"":1.81,""xg_fora"":1.48,""p_casa_marca"":0.8363,""p_fora_marca"":0.7724},""xcard_casa"":1.71,""xcard_fora"":1.8,""xcard_total"":3.51,""xfouls_casa"":15.1,""xfouls_fora"":15.3,""xfouls_total"":30.4,""xsaves_casa"":3.59,""xsaves_fora"":4.67,""xsaves_total"":8.26,""xtotalshots_casa"":17.49,""xtotalshots_fora"":14.5,""xtotalshots_total"":31.99,""p_casa_vence"":0.4555,""p_empate"":0.2275,""p_fora_vence"":0.3169,""placares_top5"":[{""placar"":""1×1"",""prob"":0.0998},{""placar"":""2×1"",""prob"":0.0903},{""placar"":""1×2"",""prob"":0.0738},{""placar"":""1×0"",""prob"":0.0674},{""placar"":""2×2"",""prob"":0.0668}]}","completed","6a6a033633740ceed7465fd0","2026-07-29T13:42:14.031000","2026-07-31T10:58:39.696000","6a397687c9763709d6ee2143","lauremank622@gmail.com","false"
"2026-07-29","{""goals"":{""t"":1.75,""c"":0.75},""corners"":{""t"":5.55,""c"":2.9},""cards"":{""t"":1.3,""c"":1.45},""crosses"":{""t"":6.6,""c"":3.45},""big_chance_created"":{""t"":0.3,""c"":0},""big_chance_missed"":{""t"":0.15,""c"":0},""big_chance_scored"":{""t"":0.15,""c"":0},""xg"":{""t"":1.66,""c"":1.05},""shots_on_target"":{""t"":4.8,""c"":3.1},""shots_in_box"":{""t"":8.45,""c"":5.45},""total_shots"":{""t"":14.4,""c"":9.1},""shots_outside_box"":{""t"":5.95,""c"":3.65},""clearances"":{""t"":14.3,""c"":18.1},""dispossessed"":{""t"":5.5,""c"":4.45},""errors_goal"":{""t"":0,""c"":0.05},""errors_shot"":{""t"":2.25,""c"":2.9},""fouls"":{""t"":9.75,""c"":8},""gk_saves"":{""t"":2.4,""c"":3.4},""interceptions"":{""t"":13.1,""c"":13.85},""tackles"":{""t"":3.3,""c"":3.1},""free_kicks"":{""t"":2.6,""c"":2.9},""goal_kicks"":{""t"":5,""c"":9},""throw_ins"":{""t"":19.8,""c"":17.9},""possession"":{""t"":51.65,""c"":43.35},""offsides"":{""t"":0.85,""c"":0.8},""passes"":{""t"":475.2,""c"":379.2},""touches_opp_box"":{""t"":23.85,""c"":11.7},""red_cards"":{""t"":0.15,""c"":0.05},""yellow_cards"":{""t"":1.15,""c"":1.4}}","{""goals"":{""t"":2.55,""c"":1.55},""corners"":{""t"":5.6,""c"":5.65},""cards"":{""t"":2.15,""c"":1.6},""crosses"":{""t"":5.2,""c"":4.1},""big_chance_created"":{""t"":2.95,""c"":3.05},""big_chance_missed"":{""t"":1.55,""c"":1.85},""big_chance_scored"":{""t"":1.4,""c"":1.2},""xg"":{""t"":1.84,""c"":1.37},""shots_on_target"":{""t"":6.2,""c"":4.7},""shots_in_box"":{""t"":11.15,""c"":8.8},""total_shots"":{""t"":16.3,""c"":13.3},""shots_outside_box"":{""t"":5.15,""c"":4.5},""clearances"":{""t"":22.65,""c"":26.45},""dispossessed"":{""t"":8.05,""c"":8.7},""errors_goal"":{""t"":0.3,""c"":0.2},""errors_shot"":{""t"":0.6,""c"":0.55},""fouls"":{""t"":12.7,""c"":11.35},""gk_saves"":{""t"":3.1,""c"":3.55},""interceptions"":{""t"":10,""c"":9.7},""tackles"":{""t"":17.05,""c"":16.8},""free_kicks"":{""t"":12.3,""c"":14.45},""goal_kicks"":{""t"":8.7,""c"":8.1},""throw_ins"":{""t"":20.85,""c"":17.15},""possession"":{""t"":50.05,""c"":49.95},""offsides"":{""t"":1.9,""c"":1.2},""passes"":{""t"":464.4,""c"":465.9},""touches_opp_box"":{""t"":32.65,""c"":23.8},""red_cards"":{""t"":0.1,""c"":0.15},""yellow_cards"":{""t"":2.05,""c"":1.45}}","","","POLISSYA","","","","{""corners_home"":2,""corners_away"":14,""goals_home"":2,""goals_away"":1,""cards_home"":2,""cards_away"":1,""fouls_home"":6,""fouls_away"":12,""saves_home"":3,""saves_away"":0,""totalshots_home"":5,""totalshots_away"":26,""shots_home"":2,""shots_away"":4,""btts"":1}","","COPENHAGEN","{""xc_casa"":5.75,""xc_fora"":5.46,""xc_total"":11.21,""dc"":{""base"":4.25,""indice_ofensivo"":1.3937,""indice_defensivo"":0.8492,""indice_composto"":1.1759,""detalhes_of"":{""shots_on_target"":[0.27,1.333],""shots_in_box"":[0.22,1.343],""big_chance_missed"":[0.13,2],""crosses"":[0.13,1.202],""touches_opp_box"":[0.13,1.472],""total_shots"":[0.1,1.283],""possession"":[0.08,1.072]},""detalhes_def"":{""gk_saves"":[0.5,0.751],""clearances"":[0.25,1.181],""shots_ced"":[0.25,0.715]}},""df"":{""base"":5.6,""indice_ofensivo"":0.928,""indice_defensivo"":1.0472,""indice_composto"":0.9757,""detalhes_of"":{""shots_on_target"":[0.27,1.011],""shots_in_box"":[0.22,0.98],""big_chance_missed"":[0.13,0.15],""crosses"":[0.13,1.234],""touches_opp_box"":[0.13,1.001],""total_shots"":[0.1,1.04],""possession"":[0.08,1.017]},""detalhes_def"":{""gk_saves"":[0.5,0.862],""clearances"":[0.25,1.475],""shots_ced"":[0.25,0.99]}},""xg_casa"":2.3,""xg_fora"":1.34,""xg_total"":3.64,""xs_casa"":5.83,""xs_fora"":4.42,""xs_total"":10.25,""p_btts"":0.5845,""db"":{""xg_casa"":2.3,""xg_fora"":1.34,""p_casa_marca"":0.8997,""p_fora_marca"":0.7382},""xcard_casa"":1.99,""xcard_fora"":1.32,""xcard_total"":3.31,""xfouls_casa"":16.89,""xfouls_fora"":11.31,""xfouls_total"":28.2,""xsaves_casa"":2.82,""xsaves_fora"":4.29,""xsaves_total"":7.11,""xtotalshots_casa"":18.64,""xtotalshots_fora"":11.73,""xtotalshots_total"":30.37,""p_casa_vence"":0.589,""p_empate"":0.1955,""p_fora_vence"":0.2148,""placares_top5"":[{""placar"":""2×1"",""prob"":0.093},{""placar"":""1×1"",""prob"":0.0809},{""placar"":""3×1"",""prob"":0.0713},{""placar"":""2×0"",""prob"":0.0694},{""placar"":""2×2"",""prob"":0.0623}]}","completed","6a6a031ed19c95b56e7c0c5e","2026-07-29T13:41:50.231000","2026-07-31T10:57:30.950000","6a397687c9763709d6ee2143","lauremank622@gmail.com","false"
"2026-07-29","{""goals"":{""t"":1.4,""c"":1.55},""corners"":{""t"":0.65,""c"":0.6},""cards"":{""t"":1.25,""c"":0.75},""crosses"":{""t"":0.95,""c"":0.85},""big_chance_created"":{""t"":0.25,""c"":0.55},""big_chance_missed"":{""t"":0.2,""c"":0.35},""big_chance_scored"":{""t"":0.05,""c"":0.2},""xg"":{""t"":0.13,""c"":0.36},""shots_on_target"":{""t"":0.4,""c"":0.9},""shots_in_box"":{""t"":0.95,""c"":1.5},""total_shots"":{""t"":1.35,""c"":2.5},""shots_outside_box"":{""t"":0.4,""c"":1},""clearances"":{""t"":2.95,""c"":3.35},""dispossessed"":{""t"":0.7,""c"":1.2},""errors_goal"":{""t"":0,""c"":0},""errors_shot"":{""t"":0,""c"":0},""fouls"":{""t"":2.05,""c"":1.4},""gk_saves"":{""t"":0.55,""c"":0.35},""interceptions"":{""t"":1.45,""c"":1.4},""tackles"":{""t"":2.45,""c"":1.7},""free_kicks"":{""t"":1.5,""c"":2.15},""goal_kicks"":{""t"":1.5,""c"":1.45},""throw_ins"":{""t"":3.45,""c"":2.6},""possession"":{""t"":6.2,""c"":8.8},""offsides"":{""t"":0.15,""c"":0.25},""passes"":{""t"":50.35,""c"":72.7},""touches_opp_box"":{""t"":0,""c"":0},""red_cards"":{""t"":0.15,""c"":0.05},""yellow_cards"":{""t"":1.1,""c"":0.7}}","{""goals"":{""t"":0.94,""c"":1.78},""corners"":{""t"":0.56,""c"":1.17},""cards"":{""t"":0.22,""c"":0.22},""crosses"":{""t"":0,""c"":0},""big_chance_created"":{""t"":0,""c"":0},""big_chance_missed"":{""t"":0,""c"":0},""big_chance_scored"":{""t"":0,""c"":0},""xg"":{""t"":0,""c"":0},""shots_on_target"":{""t"":0.17,""c"":0.44},""shots_in_box"":{""t"":0,""c"":0},""total_shots"":{""t"":0.44,""c"":0.61},""shots_outside_box"":{""t"":0,""c"":0},""clearances"":{""t"":0,""c"":0},""dispossessed"":{""t"":0,""c"":0},""errors_goal"":{""t"":0,""c"":0},""errors_shot"":{""t"":0,""c"":0},""fouls"":{""t"":0.61,""c"":0.61},""gk_saves"":{""t"":0.28,""c"":0.11},""interceptions"":{""t"":0,""c"":0},""tackles"":{""t"":0,""c"":0},""free_kicks"":{""t"":0.72,""c"":0.61},""goal_kicks"":{""t"":0.33,""c"":0.33},""throw_ins"":{""t"":1.06,""c"":1.28},""possession"":{""t"":0,""c"":0},""offsides"":{""t"":0,""c"":0.06},""passes"":{""t"":0,""c"":0},""touches_opp_box"":{""t"":0,""c"":0},""red_cards"":{""t"":0,""c"":0},""yellow_cards"":{""t"":0.22,""c"":0.22}}","","","KLAKSVIK","","","","{""corners_home"":0,""corners_away"":1,""goals_home"":1,""goals_away"":0,""shots_home"":2,""shots_away"":1,""cards_home"":1,""cards_away"":4,""fouls_home"":15,""fouls_away"":16,""saves_home"":1,""saves_away"":1,""totalshots_home"":4,""totalshots_away"":6,""btts"":0}","","KAUNO","{""xc_casa"":0.65,""xc_fora"":1.05,""xc_total"":1.7,""dc"":{""base"":0.58,""indice_ofensivo"":0.4915,""indice_defensivo"":1.7057,""indice_composto"":0.9772,""detalhes_of"":{""shots_on_target"":[0.27,0.318],""shots_in_box"":[0.22,0],""big_chance_missed"":[0.13,0],""crosses"":[0.13,0],""touches_opp_box"":[0.13,1],""total_shots"":[0.1,0.299],""possession"":[0.08,0]},""detalhes_def"":{""gk_saves"":[0.5,1.911],""clearances"":[0.25,1],""shots_ced"":[0.25,2]}},""df"":{""base"":0.91,""indice_ofensivo"":1.5518,""indice_defensivo"":0.568,""indice_composto"":1.1583,""detalhes_of"":{""shots_on_target"":[0.27,0.952],""shots_in_box"":[0.22,2],""big_chance_missed"":[0.13,2],""crosses"":[0.13,2],""touches_opp_box"":[0.13,1],""total_shots"":[0.1,1.378],""possession"":[0.08,2]},""detalhes_def"":{""gk_saves"":[0.5,0.31],""clearances"":[0.25,0],""shots_ced"":[0.25,1.084]}},""xg_casa"":1.5,""xg_fora"":1.73,""xg_total"":3.23,""xs_casa"":0.52,""xs_fora"":0.5,""xs_total"":1.02,""p_btts"":0.5624,""db"":{""xg_casa"":1.5,""xg_fora"":1.73,""p_casa_marca"":0.7769,""p_fora_marca"":0.8227},""xcard_casa"":0.38,""xcard_fora"":1.36,""xcard_total"":1.74,""xfouls_casa"":0.78,""xfouls_fora"":3.12,""xfouls_total"":3.9,""xsaves_casa"":0.48,""xsaves_fora"":0.1,""xsaves_total"":0.58,""xtotalshots_casa"":1.47,""xtotalshots_fora"":1.71,""xtotalshots_total"":3.18,""p_casa_vence"":0.3354,""p_empate"":0.2315,""p_fora_vence"":0.433,""placares_top5"":[{""placar"":""1×1"",""prob"":0.1027},{""placar"":""1×2"",""prob"":0.0888},{""placar"":""2×1"",""prob"":0.077},{""placar"":""0×1"",""prob"":0.0684},{""placar"":""2×2"",""prob"":0.0666}]}","completed","6a6a02f9ebc93c4167166536","2026-07-29T13:41:13.366000","2026-07-31T11:06:59.284000","6a397687c9763709d6ee2143","lauremank622@gmail.com","false"
"2026-07-29","{""goals"":{""t"":2.15,""c"":0.8},""corners"":{""t"":4.6,""c"":4.25},""cards"":{""t"":2.35,""c"":2.35},""crosses"":{""t"":4.65,""c"":4.2},""big_chance_created"":{""t"":0.5,""c"":0.15},""big_chance_missed"":{""t"":0.45,""c"":0.05},""big_chance_scored"":{""t"":0.05,""c"":0.1},""xg"":{""t"":1.81,""c"":0.89},""shots_on_target"":{""t"":5.55,""c"":3.1},""shots_in_box"":{""t"":8.05,""c"":4.85},""total_shots"":{""t"":12.8,""c"":10.2},""shots_outside_box"":{""t"":4.75,""c"":5.35},""clearances"":{""t"":16.15,""c"":13.2},""dispossessed"":{""t"":6.9,""c"":5.9},""errors_goal"":{""t"":0.05,""c"":0.05},""errors_shot"":{""t"":2.1,""c"":2.3},""fouls"":{""t"":11,""c"":12.3},""gk_saves"":{""t"":2.4,""c"":3.5},""interceptions"":{""t"":11.85,""c"":12.65},""tackles"":{""t"":3.3,""c"":3.9},""free_kicks"":{""t"":4.3,""c"":4.75},""goal_kicks"":{""t"":7.55,""c"":7.35},""throw_ins"":{""t"":17.9,""c"":17},""possession"":{""t"":45.7,""c"":49.3},""offsides"":{""t"":1,""c"":0.7},""passes"":{""t"":368.25,""c"":373.4},""touches_opp_box"":{""t"":21.2,""c"":14.4},""red_cards"":{""t"":0.05,""c"":0.1},""yellow_cards"":{""t"":2.3,""c"":2.25}}","{""goals"":{""t"":1.25,""c"":1.7},""corners"":{""t"":1.85,""c"":4.2},""cards"":{""t"":1.2,""c"":1.2},""crosses"":{""t"":1.8,""c"":2.4},""big_chance_created"":{""t"":0.5,""c"":2.5},""big_chance_missed"":{""t"":0.25,""c"":1.85},""big_chance_scored"":{""t"":0.25,""c"":0.65},""xg"":{""t"":0.31,""c"":1.18},""shots_on_target"":{""t"":1.6,""c"":3.95},""shots_in_box"":{""t"":2.7,""c"":6.15},""total_shots"":{""t"":5.65,""c"":9.55},""shots_outside_box"":{""t"":2.95,""c"":3.4},""clearances"":{""t"":18.15,""c"":11.9},""dispossessed"":{""t"":4.5,""c"":5.4},""errors_goal"":{""t"":0.05,""c"":0.05},""errors_shot"":{""t"":0.15,""c"":0.2},""fouls"":{""t"":6.45,""c"":8},""gk_saves"":{""t"":2.7,""c"":1.2},""interceptions"":{""t"":5.8,""c"":4.5},""tackles"":{""t"":11.25,""c"":7.6},""free_kicks"":{""t"":8.75,""c"":6.95},""goal_kicks"":{""t"":5.3,""c"":3.7},""throw_ins"":{""t"":8.75,""c"":12.2},""possession"":{""t"":22.45,""c"":32.55},""offsides"":{""t"":0.65,""c"":0.8},""passes"":{""t"":206.9,""c"":303.15},""touches_opp_box"":{""t"":7.1,""c"":18.35},""red_cards"":{""t"":0,""c"":0.05},""yellow_cards"":{""t"":1.2,""c"":1.15}}","","","OMONIA","","","","{""corners_home"":11,""corners_away"":2,""goals_home"":1,""goals_away"":0,""shots_home"":16,""shots_away"":5,""cards_home"":3,""cards_away"":5,""fouls_home"":10,""fouls_away"":10,""saves_home"":0,""saves_away"":9,""totalshots_home"":31,""totalshots_away"":7,""btts"":0}","","KAIRAT","{""xc_casa"":4,""xc_fora"":4.08,""xc_total"":8.08,""dc"":{""base"":3.05,""indice_ofensivo"":0.7953,""indice_defensivo"":1.6562,""indice_composto"":1.1397,""detalhes_of"":{""shots_on_target"":[0.27,0.681],""shots_in_box"":[0.22,0.715],""big_chance_missed"":[0.13,1.667],""crosses"":[0.13,0.6],""touches_opp_box"":[0.13,0.66],""total_shots"":[0.1,0.713],""possession"":[0.08,0.626]},""detalhes_def"":{""gk_saves"":[0.5,1.574],""clearances"":[0.25,2],""shots_ced"":[0.25,1.477]}},""df"":{""base"":4.4,""indice_ofensivo"":1.0704,""indice_defensivo"":0.7127,""indice_composto"":0.9273,""detalhes_of"":{""shots_on_target"":[0.27,1.168],""shots_in_box"":[0.22,1.134],""big_chance_missed"":[0.13,0.391],""crosses"":[0.13,1.319],""touches_opp_box"":[0.13,1.072],""total_shots"":[0.1,1.145],""possession"":[0.08,1.168]},""detalhes_def"":{""gk_saves"":[0.5,0.42],""clearances"":[0.25,1.161],""shots_ced"":[0.25,0.851]}},""xg_casa"":1.31,""xg_fora"":1.43,""xg_total"":2.74,""xs_casa"":2.89,""xs_fora"":4.06,""xs_total"":6.95,""p_btts"":0.4332,""db"":{""xg_casa"":1.31,""xg_fora"":1.43,""p_casa_marca"":0.7302,""p_fora_marca"":0.7607},""xcard_casa"":1.5,""xcard_fora"":2.09,""xcard_total"":3.59,""xfouls_casa"":10.61,""xfouls_fora"":13.34,""xfouls_total"":23.95,""xsaves_casa"":3.14,""xsaves_fora"":1.49,""xsaves_total"":4.63,""xtotalshots_casa"":6.78,""xtotalshots_fora"":10.84,""xtotalshots_total"":17.62,""p_casa_vence"":0.3448,""p_empate"":0.2555,""p_fora_vence"":0.3997,""placares_top5"":[{""placar"":""1×1"",""prob"":0.121},{""placar"":""0×1"",""prob"":0.0923},{""placar"":""1×2"",""prob"":0.0865},{""placar"":""1×0"",""prob"":0.0846},{""placar"":""2×1"",""prob"":0.0792}]}","completed","6a6a02d5d9a578f839aa4639","2026-07-29T13:40:37.324000","2026-07-31T11:06:20.386000","6a397687c9763709d6ee2143","lauremank622@gmail.com","false"
"2026-07-29","{""goals"":{""t"":1.45,""c"":0.9},""corners"":{""t"":4.3,""c"":4.25},""cards"":{""t"":2.5,""c"":2.55},""crosses"":{""t"":4.5,""c"":3.85},""big_chance_created"":{""t"":2.6,""c"":1.6},""big_chance_missed"":{""t"":1.65,""c"":1.15},""big_chance_scored"":{""t"":0.95,""c"":0.4},""xg"":{""t"":1.46,""c"":1.2},""shots_on_target"":{""t"":5.2,""c"":4.1},""shots_in_box"":{""t"":9.1,""c"":8.2},""total_shots"":{""t"":13.75,""c"":12.55},""shots_outside_box"":{""t"":4.65,""c"":4.35},""clearances"":{""t"":22.7,""c"":22.8},""dispossessed"":{""t"":6.35,""c"":6.25},""errors_goal"":{""t"":0.1,""c"":0.25},""errors_shot"":{""t"":0.7,""c"":0.35},""fouls"":{""t"":11.9,""c"":13.1},""gk_saves"":{""t"":3.3,""c"":3.75},""interceptions"":{""t"":8.65,""c"":8.75},""tackles"":{""t"":13.8,""c"":13.6},""free_kicks"":{""t"":13.45,""c"":13.75},""goal_kicks"":{""t"":8.95,""c"":7.3},""throw_ins"":{""t"":17.85,""c"":17.75},""possession"":{""t"":58.15,""c"":41.85},""offsides"":{""t"":2.1,""c"":0.55},""passes"":{""t"":497.75,""c"":353.6},""touches_opp_box"":{""t"":22.3,""c"":23.1},""red_cards"":{""t"":0.15,""c"":0.15},""yellow_cards"":{""t"":2.35,""c"":2.4}}","{""goals"":{""t"":1.2,""c"":2.2},""corners"":{""t"":2.6,""c"":6.4},""cards"":{""t"":4.2,""c"":2.6},""crosses"":{""t"":0.2,""c"":1.8},""big_chance_created"":{""t"":0,""c"":1.4},""big_chance_missed"":{""t"":0,""c"":1.2},""big_chance_scored"":{""t"":0,""c"":0.2},""xg"":{""t"":0,""c"":0},""shots_on_target"":{""t"":1,""c"":3.8},""shots_in_box"":{""t"":0.6,""c"":4},""total_shots"":{""t"":3.2,""c"":10.4},""shots_outside_box"":{""t"":1.8,""c"":0.8},""clearances"":{""t"":6.4,""c"":3.2},""dispossessed"":{""t"":2.2,""c"":0.6},""errors_goal"":{""t"":0,""c"":0},""errors_shot"":{""t"":0,""c"":0},""fouls"":{""t"":4.4,""c"":5.4},""gk_saves"":{""t"":2,""c"":0.8},""interceptions"":{""t"":2.4,""c"":1.2},""tackles"":{""t"":1.2,""c"":3.8},""free_kicks"":{""t"":6.8,""c"":4.8},""goal_kicks"":{""t"":6.4,""c"":2},""throw_ins"":{""t"":4.4,""c"":7.8},""possession"":{""t"":5.6,""c"":14.4},""offsides"":{""t"":0.2,""c"":1.2},""passes"":{""t"":48.4,""c"":124.4},""touches_opp_box"":{""t"":1.2,""c"":7.8},""red_cards"":{""t"":0.8,""c"":0.4},""yellow_cards"":{""t"":3.4,""c"":2.2}}","","","LUGANO","","","","{""corners_home"":1,""corners_away"":5,""goals_home"":1,""goals_away"":5,""cards_home"":0,""cards_away"":0,""fouls_home"":16,""fouls_away"":16,""saves_home"":3,""saves_away"":3,""totalshots_home"":9,""totalshots_away"":12,""shots_home"":4,""shots_away"":7,""btts"":1}","","DUKAGJINI","{""xc_casa"":3.71,""xc_fora"":5.34,""xc_total"":9.05,""dc"":{""base"":3.425,""indice_ofensivo"":0.2377,""indice_defensivo"":2,""indice_composto"":0.9426,""detalhes_of"":{""shots_on_target"":[0.27,0.392],""shots_in_box"":[0.22,0.136],""big_chance_missed"":[0.13,0],""crosses"":[0.13,0.099],""touches_opp_box"":[0.13,0.099],""total_shots"":[0.1,0.406],""possession"":[0.08,0.236]},""detalhes_def"":{""gk_saves"":[0.5,2],""clearances"":[0.25,2],""shots_ced"":[0.25,2]}},""df"":{""base"":5.35,""indice_ofensivo"":1.31,""indice_defensivo"":0.5312,""indice_composto"":0.9985,""detalhes_of"":{""shots_on_target"":[0.27,1.156],""shots_in_box"":[0.22,1.389],""big_chance_missed"":[0.13,1.158],""crosses"":[0.13,1.429],""touches_opp_box"":[0.13,1.482],""total_shots"":[0.1,1.139],""possession"":[0.08,1.603]},""detalhes_def"":{""gk_saves"":[0.5,0.322],""clearances"":[0.25,0.621],""shots_ced"":[0.25,0.86]}},""xg_casa"":1.17,""xg_fora"":1.98,""xg_total"":3.15,""xs_casa"":2.36,""xs_fora"":4.46,""xs_total"":6.82,""p_btts"":0.5231,""db"":{""xg_casa"":1.17,""xg_fora"":1.98,""p_casa_marca"":0.6896,""p_fora_marca"":0.8619},""xcard_casa"":1.85,""xcard_fora"":3.66,""xcard_total"":5.51,""xfouls_casa"":4.24,""xfouls_fora"":17.21,""xfouls_total"":21.45,""xsaves_casa"":3.83,""xsaves_fora"":0.64,""xsaves_total"":4.47,""xtotalshots_casa"":1.06,""xtotalshots_fora"":17.23,""xtotalshots_total"":18.29,""p_casa_vence"":0.2216,""p_empate"":0.2168,""p_fora_vence"":0.5614,""placares_top5"":[{""placar"":""1×1"",""prob"":0.0993},{""placar"":""1×2"",""prob"":0.0983},{""placar"":""0×1"",""prob"":0.0848},{""placar"":""0×2"",""prob"":0.084},{""placar"":""1×3"",""prob"":0.0649}]}","completed","6a6a02b96591629bd2990d11","2026-07-29T13:40:09.028000","2026-07-31T10:55:37.061000","6a397687c9763709d6ee2143","lauremank622@gmail.com","false"
"2026-07-29","{""goals"":{""t"":1.3,""c"":1.65},""corners"":{""t"":5.6,""c"":4},""cards"":{""t"":2.15,""c"":2.4},""crosses"":{""t"":6.2,""c"":4.45},""big_chance_created"":{""t"":2.4,""c"":1.85},""big_chance_missed"":{""t"":1.6,""c"":0.9},""big_chance_scored"":{""t"":0.8,""c"":0.95},""xg"":{""t"":0.84,""c"":0.85},""shots_on_target"":{""t"":4.65,""c"":4.75},""shots_in_box"":{""t"":8.15,""c"":8.35},""total_shots"":{""t"":14.4,""c"":14.4},""shots_outside_box"":{""t"":6.25,""c"":6.05},""clearances"":{""t"":21.45,""c"":24.5},""dispossessed"":{""t"":7.5,""c"":6.9},""errors_goal"":{""t"":0.2,""c"":0.05},""errors_shot"":{""t"":0.25,""c"":0.4},""fouls"":{""t"":9.95,""c"":10.9},""gk_saves"":{""t"":3.05,""c"":3.3},""interceptions"":{""t"":7.95,""c"":9.2},""tackles"":{""t"":13.35,""c"":14.9},""free_kicks"":{""t"":13.75,""c"":11.65},""goal_kicks"":{""t"":8.15,""c"":9.75},""throw_ins"":{""t"":19.4,""c"":18.4},""possession"":{""t"":54.8,""c"":45.2},""offsides"":{""t"":1.85,""c"":2.9},""passes"":{""t"":423.2,""c"":353.55},""touches_opp_box"":{""t"":21.35,""c"":19.9},""red_cards"":{""t"":0.05,""c"":0.2},""yellow_cards"":{""t"":2.1,""c"":2.2}}","{""goals"":{""t"":1.55,""c"":0.9},""corners"":{""t"":5.05,""c"":4.6},""cards"":{""t"":2.9,""c"":2.25},""crosses"":{""t"":6.65,""c"":3.45},""big_chance_created"":{""t"":1.95,""c"":1.5},""big_chance_missed"":{""t"":1.1,""c"":1.05},""big_chance_scored"":{""t"":0.9,""c"":0.45},""xg"":{""t"":1.46,""c"":0.91},""shots_on_target"":{""t"":5.45,""c"":3.8},""shots_in_box"":{""t"":10.3,""c"":6.55},""total_shots"":{""t"":16.7,""c"":11.95},""shots_outside_box"":{""t"":6.4,""c"":5.4},""clearances"":{""t"":24,""c"":25.8},""dispossessed"":{""t"":6.5,""c"":7.7},""errors_goal"":{""t"":0.05,""c"":0.1},""errors_shot"":{""t"":0.75,""c"":0.3},""fouls"":{""t"":13.75,""c"":10.4},""gk_saves"":{""t"":3,""c"":4.05},""interceptions"":{""t"":8.1,""c"":8.4},""tackles"":{""t"":16.05,""c"":15.1},""free_kicks"":{""t"":11.85,""c"":15.5},""goal_kicks"":{""t"":6.9,""c"":11.1},""throw_ins"":{""t"":22.25,""c"":19.75},""possession"":{""t"":50.9,""c"":49.1},""offsides"":{""t"":1.8,""c"":1.75},""passes"":{""t"":369.2,""c"":362.45},""touches_opp_box"":{""t"":21.2,""c"":14.75},""red_cards"":{""t"":0.25,""c"":0.15},""yellow_cards"":{""t"":2.65,""c"":2.1}}","","","Sporting Crystal","","","","{""corners_home"":11,""corners_away"":0,""goals_home"":1,""goals_away"":0,""cards_home"":4,""cards_away"":4,""fouls_home"":23,""fouls_away"":8,""saves_home"":2,""saves_away"":2,""totalshots_home"":23,""totalshots_away"":6,""shots_home"":3,""shots_away"":2,""btts"":0}","","Bragantino","{""xc_casa"":5.4,""xc_fora"":5.67,""xc_total"":11.07,""dc"":{""base"":4.525,""indice_ofensivo"":1.0911,""indice_defensivo"":0.9597,""indice_composto"":1.0385,""detalhes_of"":{""shots_on_target"":[0.27,1.069],""shots_in_box"":[0.22,1.105],""big_chance_missed"":[0.13,1.1],""crosses"":[0.13,1.198],""touches_opp_box"":[0.13,1.032],""total_shots"":[0.1,1.074],""possession"":[0.08,1.059]},""detalhes_def"":{""gk_saves"":[0.5,0.782],""clearances"":[0.25,1.336],""shots_ced"":[0.25,0.938]}},""df"":{""base"":5.1,""indice_ofensivo"":1.144,""indice_defensivo"":1.0654,""indice_composto"":1.1125,""detalhes_of"":{""shots_on_target"":[0.27,1.101],""shots_in_box"":[0.22,1.109],""big_chance_missed"":[0.13,1.208],""crosses"":[0.13,1.285],""touches_opp_box"":[0.13,1.183],""total_shots"":[0.1,1.093],""possession"":[0.08,1.055]},""detalhes_def"":{""gk_saves"":[0.5,0.935],""clearances"":[0.25,1.485],""shots_ced"":[0.25,0.906]}},""xg_casa"":1.77,""xg_fora"":1.12,""xg_total"":2.89,""xs_casa"":5.31,""xs_fora"":4.84,""xs_total"":10.15,""p_btts"":0.436,""db"":{""xg_casa"":1.77,""xg_fora"":1.12,""p_casa_marca"":0.8297,""p_fora_marca"":0.6737},""xcard_casa"":2.54,""xcard_fora"":2.14,""xcard_total"":4.68,""xfouls_casa"":16.33,""xfouls_fora"":13.06,""xfouls_total"":29.39,""xsaves_casa"":3.49,""xsaves_fora"":3.88,""xsaves_total"":7.37,""xtotalshots_casa"":16.71,""xtotalshots_fora"":15.43,""xtotalshots_total"":32.14,""p_casa_vence"":0.5258,""p_empate"":0.234,""p_fora_vence"":0.2401,""placares_top5"":[{""placar"":""1×1"",""prob"":0.1102},{""placar"":""1×0"",""prob"":0.0984},{""placar"":""2×1"",""prob"":0.0975},{""placar"":""2×0"",""prob"":0.0871},{""placar"":""0×1"",""prob"":0.0622}]}","completed","6a69ff3771f70213a0a408aa","2026-07-29T13:25:11.468000","2026-07-31T10:54:27.845000","6a397687c9763709d6ee2143","lauremank622@gmail.com","false"
"2026-07-29","{""goals"":{""t"":1.5,""c"":1.3},""corners"":{""t"":5.45,""c"":4.5},""cards"":{""t"":2.85,""c"":2.4},""crosses"":{""t"":5.2,""c"":4.35},""big_chance_created"":{""t"":1.2,""c"":1.05},""big_chance_missed"":{""t"":0.4,""c"":0.45},""big_chance_scored"":{""t"":0.8,""c"":0.6},""xg"":{""t"":1.06,""c"":0.92},""shots_on_target"":{""t"":4.6,""c"":3.9},""shots_in_box"":{""t"":7.9,""c"":6.75},""total_shots"":{""t"":12.95,""c"":12.55},""shots_outside_box"":{""t"":5.05,""c"":5.8},""clearances"":{""t"":22.1,""c"":20.6},""dispossessed"":{""t"":5.55,""c"":6.1},""errors_goal"":{""t"":0.05,""c"":0.15},""errors_shot"":{""t"":0.1,""c"":0},""fouls"":{""t"":11.9,""c"":11.85},""gk_saves"":{""t"":2.8,""c"":3.1},""interceptions"":{""t"":6.85,""c"":6.4},""tackles"":{""t"":11.65,""c"":11.6},""free_kicks"":{""t"":13.6,""c"":13.05},""goal_kicks"":{""t"":10.2,""c"":8.75},""throw_ins"":{""t"":17.25,""c"":17.65},""possession"":{""t"":50.05,""c"":49.95},""offsides"":{""t"":1.15,""c"":1.85},""passes"":{""t"":360.55,""c"":360.2},""touches_opp_box"":{""t"":21.4,""c"":14.85},""red_cards"":{""t"":0.2,""c"":0.05},""yellow_cards"":{""t"":2.65,""c"":2.35}}","{""goals"":{""t"":1.25,""c"":1.35},""corners"":{""t"":5.35,""c"":4.6},""cards"":{""t"":2.4,""c"":2.3},""crosses"":{""t"":5.65,""c"":3.85},""big_chance_created"":{""t"":2.9,""c"":1.9},""big_chance_missed"":{""t"":2.2,""c"":1},""big_chance_scored"":{""t"":0.7,""c"":0.9},""xg"":{""t"":1.39,""c"":1.12},""shots_on_target"":{""t"":5.35,""c"":4.35},""shots_in_box"":{""t"":9.9,""c"":7.3},""total_shots"":{""t"":16.7,""c"":12.55},""shots_outside_box"":{""t"":6.8,""c"":5.25},""clearances"":{""t"":24.5,""c"":26.3},""dispossessed"":{""t"":8.8,""c"":7.45},""errors_goal"":{""t"":0.3,""c"":0},""errors_shot"":{""t"":0.2,""c"":0.35},""fouls"":{""t"":11.85,""c"":12.8},""gk_saves"":{""t"":3.1,""c"":4.1},""interceptions"":{""t"":9.3,""c"":7.75},""tackles"":{""t"":16.35,""c"":18.8},""free_kicks"":{""t"":13.55,""c"":12.6},""goal_kicks"":{""t"":6.6,""c"":9.35},""throw_ins"":{""t"":17.7,""c"":19.2},""possession"":{""t"":55.15,""c"":44.85},""offsides"":{""t"":0.9,""c"":0.95},""passes"":{""t"":434.2,""c"":354.7},""touches_opp_box"":{""t"":21.05,""c"":18.55},""red_cards"":{""t"":0.25,""c"":0.2},""yellow_cards"":{""t"":2.15,""c"":2.1}}","","","Independente Medellin","","","","{""corners_home"":3,""corners_away"":4,""goals_home"":1,""goals_away"":0,""cards_home"":3,""cards_away"":2,""fouls_home"":16,""fouls_away"":16,""saves_home"":0,""saves_away"":3,""totalshots_home"":13,""totalshots_away"":7,""shots_home"":4,""shots_away"":0,""btts"":0}","","Vasco","{""xc_casa"":6.21,""xc_fora"":5.2,""xc_total"":11.41,""dc"":{""base"":4.925,""indice_ofensivo"":1.2144,""indice_defensivo"":0.9182,""indice_composto"":1.0959,""detalhes_of"":{""shots_on_target"":[0.27,1.157],""shots_in_box"":[0.22,1.189],""big_chance_missed"":[0.13,1.66],""crosses"":[0.13,1.13],""touches_opp_box"":[0.13,1.173],""total_shots"":[0.1,1.142],""possession"":[0.08,1.049]},""detalhes_def"":{""gk_saves"":[0.5,0.763],""clearances"":[0.25,1.286],""shots_ced"":[0.25,0.86]}},""df"":{""base"":5.025,""indice_ofensivo"":0.9954,""indice_defensivo"":1.0944,""indice_composto"":1.035,""detalhes_of"":{""shots_on_target"":[0.27,1.028],""shots_in_box"":[0.22,1.039],""big_chance_missed"":[0.13,0.571],""crosses"":[0.13,1.149],""touches_opp_box"":[0.13,1.071],""total_shots"":[0.1,1.016],""possession"":[0.08,1.055]},""detalhes_def"":{""gk_saves"":[0.5,0.946],""clearances"":[0.25,1.513],""shots_ced"":[0.25,0.973]}},""xg_casa"":1.5,""xg_fora"":1.39,""xg_total"":2.89,""xs_casa"":5.21,""xs_fora"":4.73,""xs_total"":9.94,""p_btts"":0.455,""db"":{""xg_casa"":1.5,""xg_fora"":1.39,""p_casa_marca"":0.7769,""p_fora_marca"":0.7509},""xcard_casa"":2.36,""xcard_fora"":2.42,""xcard_total"":4.78,""xfouls_casa"":16.59,""xfouls_fora"":14.61,""xfouls_total"":31.2,""xsaves_casa"":3.03,""xsaves_fora"":4.22,""xsaves_total"":7.25,""xtotalshots_casa"":17.85,""xtotalshots_fora"":12.82,""xtotalshots_total"":30.67,""p_casa_vence"":0.4006,""p_empate"":0.2478,""p_fora_vence"":0.3515,""placares_top5"":[{""placar"":""1×1"",""prob"":0.1159},{""placar"":""2×1"",""prob"":0.0869},{""placar"":""1×0"",""prob"":0.0834},{""placar"":""1×2"",""prob"":0.0805},{""placar"":""0×1"",""prob"":0.0773}]}","completed","6a69ff16e196d419af653576","2026-07-29T13:24:38.186000","2026-07-31T10:53:34.582000","6a397687c9763709d6ee2143","lauremank622@gmail.com","false"
"2026-07-29","{""goals"":{""t"":1.7,""c"":0.7},""corners"":{""t"":7.3,""c"":4.4},""cards"":{""t"":1.75,""c"":2.7},""crosses"":{""t"":4.3,""c"":3.95},""big_chance_created"":{""t"":2.2,""c"":0.9},""big_chance_missed"":{""t"":1.2,""c"":0.7},""big_chance_scored"":{""t"":1,""c"":0.2},""xg"":{""t"":1.4,""c"":0.83},""shots_on_target"":{""t"":4.95,""c"":3.4},""shots_in_box"":{""t"":9.45,""c"":6.25},""total_shots"":{""t"":17.05,""c"":12.05},""shots_outside_box"":{""t"":7.6,""c"":5.8},""clearances"":{""t"":20.3,""c"":27.05},""dispossessed"":{""t"":7.2,""c"":7.65},""errors_goal"":{""t"":0.05,""c"":0.15},""errors_shot"":{""t"":0.25,""c"":0.35},""fouls"":{""t"":11.95,""c"":12.5},""gk_saves"":{""t"":2.65,""c"":3.4},""interceptions"":{""t"":7.1,""c"":8.7},""tackles"":{""t"":14.6,""c"":16.15},""free_kicks"":{""t"":13.25,""c"":13.9},""goal_kicks"":{""t"":7.7,""c"":10.35},""throw_ins"":{""t"":18.45,""c"":16.7},""possession"":{""t"":57.4,""c"":42.6},""offsides"":{""t"":2.05,""c"":0.95},""passes"":{""t"":469.2,""c"":348.5},""touches_opp_box"":{""t"":22.45,""c"":14.65},""red_cards"":{""t"":0.1,""c"":0.25},""yellow_cards"":{""t"":1.65,""c"":2.45}}","{""goals"":{""t"":1.1,""c"":1.2},""corners"":{""t"":3.8,""c"":5.35},""cards"":{""t"":2.3,""c"":2.65},""crosses"":{""t"":3.45,""c"":5.45},""big_chance_created"":{""t"":1.25,""c"":2.25},""big_chance_missed"":{""t"":0.7,""c"":1.55},""big_chance_scored"":{""t"":0.55,""c"":0.7},""xg"":{""t"":0.81,""c"":1.4},""shots_on_target"":{""t"":3.95,""c"":4.95},""shots_in_box"":{""t"":5.65,""c"":8.75},""total_shots"":{""t"":10,""c"":15.1},""shots_outside_box"":{""t"":4.35,""c"":6.35},""clearances"":{""t"":27.8,""c"":26.1},""dispossessed"":{""t"":7.45,""c"":7.4},""errors_goal"":{""t"":0.05,""c"":0.15},""errors_shot"":{""t"":0.35,""c"":0.4},""fouls"":{""t"":12.7,""c"":15.25},""gk_saves"":{""t"":3.8,""c"":2.75},""interceptions"":{""t"":8.7,""c"":7.8},""tackles"":{""t"":16,""c"":14.7},""free_kicks"":{""t"":15.95,""c"":13.75},""goal_kicks"":{""t"":9,""c"":5.35},""throw_ins"":{""t"":18.15,""c"":19.65},""possession"":{""t"":45.15,""c"":54.85},""offsides"":{""t"":1.25,""c"":0.9},""passes"":{""t"":353.4,""c"":421.75},""touches_opp_box"":{""t"":13.15,""c"":17.9},""red_cards"":{""t"":0.05,""c"":0.2},""yellow_cards"":{""t"":2.25,""c"":2.45}}","","","Palmeiras","","","","{""corners_home"":6,""corners_away"":1,""goals_home"":0,""goals_away"":4,""cards_home"":5,""cards_away"":2,""fouls_home"":10,""fouls_away"":15,""saves_home"":2,""saves_away"":3,""totalshots_home"":10,""totalshots_away"":16,""shots_home"":3,""shots_away"":5,""btts"":0}","","Vitória","{""xc_casa"":4.93,""xc_fora"":6.25,""xc_total"":11.18,""dc"":{""base"":4.1,""indice_ofensivo"":0.9871,""indice_defensivo"":1.1347,""indice_composto"":1.0461,""detalhes_of"":{""shots_on_target"":[0.27,1.075],""shots_in_box"":[0.22,0.95],""big_chance_missed"":[0.13,1],""crosses"":[0.13,0.932],""touches_opp_box"":[0.13,0.946],""total_shots"":[0.1,0.907],""possession"":[0.08,1.029]},""detalhes_def"":{""gk_saves"":[0.5,0.926],""clearances"":[0.25,1.76],""shots_ced"":[0.25,0.926]}},""df"":{""base"":6.325,""indice_ofensivo"":0.9992,""indice_defensivo"":0.9721,""indice_composto"":0.9883,""detalhes_of"":{""shots_on_target"":[0.27,1],""shots_in_box"":[0.22,1.038],""big_chance_missed"":[0.13,0.873],""crosses"":[0.13,0.882],""touches_opp_box"":[0.13,1.113],""total_shots"":[0.1,1.061],""possession"":[0.08,1.023]},""detalhes_def"":{""gk_saves"":[0.5,0.741],""clearances"":[0.25,1.406],""shots_ced"":[0.25,1]}},""xg_casa"":1.03,""xg_fora"":1.3,""xg_total"":2.33,""xs_casa"":4.05,""xs_fora"":5.08,""xs_total"":9.13,""p_btts"":0.3649,""db"":{""xg_casa"":1.03,""xg_fora"":1.3,""p_casa_marca"":0.643,""p_fora_marca"":0.7275},""xcard_casa"":2.31,""xcard_fora"":2.21,""xcard_total"":4.52,""xfouls_casa"":16.12,""xfouls_fora"":16.71,""xfouls_total"":32.83,""xsaves_casa"":3.65,""xsaves_fora"":2.78,""xsaves_total"":6.43,""xtotalshots_casa"":11.07,""xtotalshots_fora"":16.47,""xtotalshots_total"":27.54,""p_casa_vence"":0.2948,""p_empate"":0.2782,""p_fora_vence"":0.427,""placares_top5"":[{""placar"":""1×1"",""prob"":0.1303},{""placar"":""0×1"",""prob"":0.1265},{""placar"":""1×0"",""prob"":0.1002},{""placar"":""0×0"",""prob"":0.0973},{""placar"":""1×2"",""prob"":0.0847}]}","completed","6a69fe652678fdd029a6c327","2026-07-29T13:21:41.010000","2026-07-31T10:52:37.875000","6a397687c9763709d6ee2143","lauremank622@gmail.com","false"
"2026-07-29","{""goals"":{""t"":1.6,""c"":1.65},""corners"":{""t"":6.3,""c"":5.1},""cards"":{""t"":2.4,""c"":2.85},""crosses"":{""t"":5.95,""c"":4.15},""big_chance_created"":{""t"":2.05,""c"":2.15},""big_chance_missed"":{""t"":1.15,""c"":1.2},""big_chance_scored"":{""t"":0.9,""c"":0.95},""xg"":{""t"":1.37,""c"":1.15},""shots_on_target"":{""t"":5.2,""c"":4.65},""shots_in_box"":{""t"":8.95,""c"":7.25},""total_shots"":{""t"":14.3,""c"":11.95},""shots_outside_box"":{""t"":5.35,""c"":4.7},""clearances"":{""t"":22.2,""c"":28.55},""dispossessed"":{""t"":7.55,""c"":8.8},""errors_goal"":{""t"":0.05,""c"":0.15},""errors_shot"":{""t"":0.15,""c"":0.15},""fouls"":{""t"":14.4,""c"":14.95},""gk_saves"":{""t"":3.25,""c"":3.75},""interceptions"":{""t"":8.65,""c"":8.85},""tackles"":{""t"":15.3,""c"":15.05},""free_kicks"":{""t"":16.55,""c"":16.1},""goal_kicks"":{""t"":6.25,""c"":8.2},""throw_ins"":{""t"":18.3,""c"":16.7},""possession"":{""t"":58.75,""c"":41.25},""offsides"":{""t"":1.85,""c"":1.9},""passes"":{""t"":465.15,""c"":329.75},""touches_opp_box"":{""t"":21.85,""c"":16},""red_cards"":{""t"":0,""c"":0.1},""yellow_cards"":{""t"":2.4,""c"":2.75}}","{""goals"":{""t"":1.3,""c"":1.2},""corners"":{""t"":4.8,""c"":3.6},""cards"":{""t"":2.45,""c"":3.3},""crosses"":{""t"":4.95,""c"":3.35},""big_chance_created"":{""t"":1.9,""c"":1.7},""big_chance_missed"":{""t"":1,""c"":0.9},""big_chance_scored"":{""t"":0.9,""c"":0.8},""xg"":{""t"":1.11,""c"":0.87},""shots_on_target"":{""t"":5.1,""c"":4.35},""shots_in_box"":{""t"":8.95,""c"":5.8},""total_shots"":{""t"":14.7,""c"":11.05},""shots_outside_box"":{""t"":5.75,""c"":5.25},""clearances"":{""t"":18.05,""c"":23.5},""dispossessed"":{""t"":7.55,""c"":6.45},""errors_goal"":{""t"":0.15,""c"":0.25},""errors_shot"":{""t"":0.45,""c"":0.2},""fouls"":{""t"":12.65,""c"":12.3},""gk_saves"":{""t"":3.1,""c"":3.75},""interceptions"":{""t"":6.6,""c"":9.05},""tackles"":{""t"":13.5,""c"":15.15},""free_kicks"":{""t"":13.4,""c"":14.05},""goal_kicks"":{""t"":6.75,""c"":8.6},""throw_ins"":{""t"":19.4,""c"":14.1},""possession"":{""t"":60.2,""c"":39.8},""offsides"":{""t"":1.45,""c"":1.35},""passes"":{""t"":544.1,""c"":362.4},""touches_opp_box"":{""t"":21.75,""c"":14.35},""red_cards"":{""t"":0.1,""c"":0.3},""yellow_cards"":{""t"":2.35,""c"":3}}","","","Bahia","","","","{""corners_home"":8,""corners_away"":1,""goals_home"":0,""goals_away"":0,""cards_home"":1,""cards_away"":1,""fouls_home"":7,""fouls_away"":9,""saves_home"":0,""saves_away"":10,""totalshots_home"":25,""totalshots_away"":10,""shots_home"":11,""shots_away"":0,""btts"":0}","","Fluminense","{""xc_casa"":6.04,""xc_fora"":5.46,""xc_total"":11.5,""dc"":{""base"":4.95,""indice_ofensivo"":1.0757,""indice_defensivo"":1.0387,""indice_composto"":1.0609,""detalhes_of"":{""shots_on_target"":[0.27,1.046],""shots_in_box"":[0.22,1.105],""big_chance_missed"":[0.13,0.909],""crosses"":[0.13,1.088],""touches_opp_box"":[0.13,1.152],""total_shots"":[0.1,1.103],""possession"":[0.08,1.187]},""detalhes_def"":{""gk_saves"":[0.5,0.862],""clearances"":[0.25,1.474],""shots_ced"":[0.25,0.958]}},""df"":{""base"":4.95,""indice_ofensivo"":1.1683,""indice_defensivo"":1.0048,""indice_composto"":1.1029,""detalhes_of"":{""shots_on_target"":[0.27,1.089],""shots_in_box"":[0.22,1.214],""big_chance_missed"":[0.13,1.122],""crosses"":[0.13,1.28],""touches_opp_box"":[0.13,1.207],""total_shots"":[0.1,1.128],""possession"":[0.08,1.192]},""detalhes_def"":{""gk_saves"":[0.5,0.854],""clearances"":[0.25,1.392],""shots_ced"":[0.25,0.919]}},""xg_casa"":1.62,""xg_fora"":1.32,""xg_total"":2.94,""xs_casa"":5.32,""xs_fora"":5.39,""xs_total"":10.71,""p_btts"":0.4585,""db"":{""xg_casa"":1.62,""xg_fora"":1.32,""p_casa_marca"":0.8021,""p_fora_marca"":0.7329},""xcard_casa"":2.3,""xcard_fora"":2.96,""xcard_total"":5.26,""xfouls_casa"":16.38,""xfouls_fora"":18.25,""xfouls_total"":34.63,""xsaves_casa"":3.9,""xsaves_fora"":3.64,""xsaves_total"":7.54,""xtotalshots_casa"":14.51,""xtotalshots_fora"":15.1,""xtotalshots_total"":29.61,""p_casa_vence"":0.4449,""p_empate"":0.2428,""p_fora_vence"":0.3123,""placares_top5"":[{""placar"":""1×1"",""prob"":0.113},{""placar"":""2×1"",""prob"":0.0916},{""placar"":""1×0"",""prob"":0.0856},{""placar"":""1×2"",""prob"":0.0746},{""placar"":""0×1"",""prob"":0.0698}]}","completed","6a69fe45e081c12b1e42f159","2026-07-29T13:21:09.234000","2026-07-31T10:50:45.836000","6a397687c9763709d6ee2143","lauremank622@gmail.com","false"
"2026-07-29","{""goals"":{""t"":1.85,""c"":0.9},""corners"":{""t"":4.85,""c"":4.55},""cards"":{""t"":2.2,""c"":2.6},""crosses"":{""t"":4.4,""c"":3.45},""big_chance_created"":{""t"":3.3,""c"":1},""big_chance_missed"":{""t"":1.9,""c"":0.65},""big_chance_scored"":{""t"":1.4,""c"":0.35},""xg"":{""t"":1.75,""c"":0.82},""shots_on_target"":{""t"":6.45,""c"":3.5},""shots_in_box"":{""t"":10.35,""c"":6.65},""total_shots"":{""t"":16.75,""c"":11.65},""shots_outside_box"":{""t"":6.4,""c"":5},""clearances"":{""t"":20.35,""c"":23.3},""dispossessed"":{""t"":6.85,""c"":7.2},""errors_goal"":{""t"":0.1,""c"":0.2},""errors_shot"":{""t"":0.3,""c"":0.3},""fouls"":{""t"":10.5,""c"":12},""gk_saves"":{""t"":2.55,""c"":4.45},""interceptions"":{""t"":6.65,""c"":9},""tackles"":{""t"":13.45,""c"":13.45},""free_kicks"":{""t"":13.55,""c"":11.45},""goal_kicks"":{""t"":6.2,""c"":8.55},""throw_ins"":{""t"":16.95,""c"":16.2},""possession"":{""t"":56.3,""c"":43.7},""offsides"":{""t"":0.95,""c"":1.7},""passes"":{""t"":519.95,""c"":399.75},""touches_opp_box"":{""t"":21.7,""c"":14.75},""red_cards"":{""t"":0.25,""c"":0.05},""yellow_cards"":{""t"":1.95,""c"":2.55}}","{""goals"":{""t"":1.3,""c"":1.35},""corners"":{""t"":6.55,""c"":4.1},""cards"":{""t"":2.2,""c"":2.55},""crosses"":{""t"":4.6,""c"":4.45},""big_chance_created"":{""t"":1.95,""c"":2},""big_chance_missed"":{""t"":1.25,""c"":1.2},""big_chance_scored"":{""t"":0.7,""c"":0.8},""xg"":{""t"":1.41,""c"":1.01},""shots_on_target"":{""t"":4.65,""c"":3.7},""shots_in_box"":{""t"":8.85,""c"":7.1},""total_shots"":{""t"":15.3,""c"":10.9},""shots_outside_box"":{""t"":6.45,""c"":3.8},""clearances"":{""t"":20.55,""c"":33.35},""dispossessed"":{""t"":8.65,""c"":9.1},""errors_goal"":{""t"":0.3,""c"":0.1},""errors_shot"":{""t"":0.3,""c"":0.85},""fouls"":{""t"":15.7,""c"":14.5},""gk_saves"":{""t"":2.25,""c"":3.35},""interceptions"":{""t"":8.7,""c"":9},""tackles"":{""t"":17.3,""c"":15.65},""free_kicks"":{""t"":16.6,""c"":17.8},""goal_kicks"":{""t"":6.85,""c"":8.75},""throw_ins"":{""t"":21.75,""c"":18.7},""possession"":{""t"":51.5,""c"":48.5},""offsides"":{""t"":2.2,""c"":2.15},""passes"":{""t"":399.8,""c"":381.8},""touches_opp_box"":{""t"":23.3,""c"":14.05},""red_cards"":{""t"":0.1,""c"":0.2},""yellow_cards"":{""t"":2.1,""c"":2.35}}","","","Flamengo","","","","{""corners_home"":2,""corners_away"":3,""goals_home"":1,""goals_away"":1,""cards_home"":1,""cards_away"":3,""fouls_home"":11,""fouls_away"":14,""saves_home"":4,""saves_away"":4,""totalshots_home"":16,""totalshots_away"":14,""shots_home"":5,""shots_away"":5,""btts"":1}","","Internacional","{""xc_casa"":7.17,""xc_fora"":4.84,""xc_total"":12.01,""dc"":{""base"":5.55,""indice_ofensivo"":1.1682,""indice_defensivo"":1.0554,""indice_composto"":1.1231,""detalhes_of"":{""shots_on_target"":[0.27,1.141],""shots_in_box"":[0.22,1.142],""big_chance_missed"":[0.13,1.316],""crosses"":[0.13,1.143],""touches_opp_box"":[0.13,1.225],""total_shots"":[0.1,1.135],""possession"":[0.08,1.082]},""detalhes_def"":{""gk_saves"":[0.5,0.979],""clearances"":[0.25,1.395],""shots_ced"":[0.25,0.869]}},""df"":{""base"":4.475,""indice_ofensivo"":1.1865,""indice_defensivo"":0.9227,""indice_composto"":1.081,""detalhes_of"":{""shots_on_target"":[0.27,1.271],""shots_in_box"":[0.22,1.186],""big_chance_missed"":[0.13,1.226],""crosses"":[0.13,0.994],""touches_opp_box"":[0.13,1.214],""total_shots"":[0.1,1.212],""possession"":[0.08,1.074]},""detalhes_def"":{""gk_saves"":[0.5,0.732],""clearances"":[0.25,1.456],""shots_ced"":[0.25,0.771]}},""xg_casa"":1.37,""xg_fora"":1.61,""xg_total"":2.98,""xs_casa"":4.77,""xs_fora"":5.72,""xs_total"":10.49,""p_btts"":0.4655,""db"":{""xg_casa"":1.37,""xg_fora"":1.61,""p_casa_marca"":0.7459,""p_fora_marca"":0.8001},""xcard_casa"":2.36,""xcard_fora"":2.13,""xcard_total"":4.49,""xfouls_casa"":19.48,""xfouls_fora"":13.88,""xfouls_total"":33.36,""xsaves_casa"":4.15,""xsaves_fora"":3.5,""xsaves_total"":7.65,""xtotalshots_casa"":16.11,""xtotalshots_fora"":16.13,""xtotalshots_total"":32.24,""p_casa_vence"":0.3262,""p_empate"":0.242,""p_fora_vence"":0.4318,""placares_top5"":[{""placar"":""1×1"",""prob"":0.112},{""placar"":""1×2"",""prob"":0.0902},{""placar"":""0×1"",""prob"":0.0818},{""placar"":""2×1"",""prob"":0.0767},{""placar"":""1×0"",""prob"":0.0696}]}","completed","6a69ef60aaba9dfef7239e0f","2026-07-29T12:17:36.657000","2026-07-31T10:49:53.548000","6a397687c9763709d6ee2143","lauremank622@gmail.com","false"
"2026-07-29","{""goals"":{""t"":1.3,""c"":1.5},""corners"":{""t"":4.6,""c"":7.05},""cards"":{""t"":1.95,""c"":1.95},""crosses"":{""t"":3.45,""c"":6.05},""big_chance_created"":{""t"":2.05,""c"":2.3},""big_chance_missed"":{""t"":1.15,""c"":1.4},""big_chance_scored"":{""t"":0.9,""c"":0.9},""xg"":{""t"":0.96,""c"":1.26},""shots_on_target"":{""t"":4.1,""c"":5.4},""shots_in_box"":{""t"":5.65,""c"":8.85},""total_shots"":{""t"":11.15,""c"":13.9},""shots_outside_box"":{""t"":5.5,""c"":5.05},""clearances"":{""t"":27.9,""c"":24.9},""dispossessed"":{""t"":6.55,""c"":8.1},""errors_goal"":{""t"":0.2,""c"":0.2},""errors_shot"":{""t"":0.2,""c"":0.35},""fouls"":{""t"":11.2,""c"":12.25},""gk_saves"":{""t"":4,""c"":2.8},""interceptions"":{""t"":9.7,""c"":7.75},""tackles"":{""t"":16.05,""c"":12},""free_kicks"":{""t"":15.75,""c"":12.7},""goal_kicks"":{""t"":8.2,""c"":7},""throw_ins"":{""t"":18.05,""c"":19.25},""possession"":{""t"":41.1,""c"":58.9},""offsides"":{""t"":1.55,""c"":3.6},""passes"":{""t"":328.35,""c"":480.1},""touches_opp_box"":{""t"":12,""c"":23.6},""red_cards"":{""t"":0.15,""c"":0},""yellow_cards"":{""t"":1.8,""c"":1.95}}","{""goals"":{""t"":1.15,""c"":1.1},""corners"":{""t"":4.85,""c"":5.45},""cards"":{""t"":2.75,""c"":2.2},""crosses"":{""t"":3.95,""c"":4.9},""big_chance_created"":{""t"":1.65,""c"":1.25},""big_chance_missed"":{""t"":1,""c"":0.75},""big_chance_scored"":{""t"":0.65,""c"":0.55},""xg"":{""t"":1,""c"":1.05},""shots_on_target"":{""t"":3.7,""c"":4.05},""shots_in_box"":{""t"":6.7,""c"":7.9},""total_shots"":{""t"":11.85,""c"":13.95},""shots_outside_box"":{""t"":5.2,""c"":6.05},""clearances"":{""t"":26.1,""c"":23.15},""dispossessed"":{""t"":8.85,""c"":7.15},""errors_goal"":{""t"":0.05,""c"":0.05},""errors_shot"":{""t"":0.4,""c"":0.45},""fouls"":{""t"":11.8,""c"":12.35},""gk_saves"":{""t"":2.95,""c"":2.55},""interceptions"":{""t"":8.15,""c"":8.25},""tackles"":{""t"":14.95,""c"":16.2},""free_kicks"":{""t"":13.7,""c"":12.65},""goal_kicks"":{""t"":8.25,""c"":9.7},""throw_ins"":{""t"":20.6,""c"":21.65},""possession"":{""t"":47.2,""c"":52.8},""offsides"":{""t"":1,""c"":1.45},""passes"":{""t"":379.2,""c"":426.2},""touches_opp_box"":{""t"":15.35,""c"":18.7},""red_cards"":{""t"":0.2,""c"":0.05},""yellow_cards"":{""t"":2.55,""c"":2.15}}","","","Remo","","","","{""corners_home"":6,""corners_away"":3,""goals_home"":2,""goals_away"":1,""cards_home"":2,""cards_away"":2,""fouls_home"":15,""fouls_away"":5,""saves_home"":1,""saves_away"":3,""totalshots_home"":8,""totalshots_away"":13,""shots_home"":4,""shots_away"":2,""btts"":1}","","Mirassol","{""xc_casa"":6.52,""xc_fora"":4.91,""xc_total"":11.43,""dc"":{""base"":5.95,""indice_ofensivo"":0.8357,""indice_defensivo"":1.1298,""indice_composto"":0.9533,""detalhes_of"":{""shots_on_target"":[0.27,0.813],""shots_in_box"":[0.22,0.862],""big_chance_missed"":[0.13,0.833],""crosses"":[0.13,0.79],""touches_opp_box"":[0.13,0.788],""total_shots"":[0.1,0.92],""possession"":[0.08,0.89]},""detalhes_def"":{""gk_saves"":[0.5,0.863],""clearances"":[0.25,1.594],""shots_ced"":[0.25,1.199]}},""df"":{""base"":5.025,""indice_ofensivo"":0.9249,""indice_defensivo"":1.0575,""indice_composto"":0.9779,""detalhes_of"":{""shots_on_target"":[0.27,1.006],""shots_in_box"":[0.22,0.834],""big_chance_missed"":[0.13,1.211],""crosses"":[0.13,0.826],""touches_opp_box"":[0.13,0.782],""total_shots"":[0.1,0.888],""possession"":[0.08,0.875]},""detalhes_def"":{""gk_saves"":[0.5,0.778],""clearances"":[0.25,1.681],""shots_ced"":[0.25,0.994]}},""xg_casa"":1.3,""xg_fora"":1.17,""xg_total"":2.47,""xs_casa"":4.45,""xs_fora"":4.14,""xs_total"":8.59,""p_btts"":0.3913,""db"":{""xg_casa"":1.3,""xg_fora"":1.17,""p_casa_marca"":0.7275,""p_fora_marca"":0.6896},""xcard_casa"":2.26,""xcard_fora"":2.05,""xcard_total"":4.31,""xfouls_casa"":15.09,""xfouls_fora"":14.72,""xfouls_total"":29.81,""xsaves_casa"":2.84,""xsaves_fora"":2.79,""xsaves_total"":5.63,""xtotalshots_casa"":10.7,""xtotalshots_fora"":11.48,""xtotalshots_total"":22.18,""p_casa_vence"":0.3955,""p_empate"":0.2713,""p_fora_vence"":0.3332,""placares_top5"":[{""placar"":""1×1"",""prob"":0.1287},{""placar"":""1×0"",""prob"":0.11},{""placar"":""0×1"",""prob"":0.099},{""placar"":""0×0"",""prob"":0.0846},{""placar"":""2×1"",""prob"":0.0836}]}","completed","6a69ef3d1633ce94e8ff2f7d","2026-07-29T12:17:01.099000","2026-07-31T10:48:10.961000","6a397687c9763709d6ee2143","lauremank622@gmail.com","false"
"2026-07-23","{""goals"":{""t"":1.8,""c"":0.85},""corners"":{""t"":5.3,""c"":4},""cards"":{""t"":2.25,""c"":2.85},""crosses"":{""t"":6.3,""c"":4.8},""big_chance_created"":{""t"":2.7,""c"":1.5},""big_chance_missed"":{""t"":1.65,""c"":1.05},""big_chance_scored"":{""t"":1.05,""c"":0.45},""xg"":{""t"":1.59,""c"":1.05},""shots_on_target"":{""t"":4.75,""c"":3.95},""shots_in_box"":{""t"":9.8,""c"":8.45},""total_shots"":{""t"":14.1,""c"":12.3},""shots_outside_box"":{""t"":4.3,""c"":3.85},""clearances"":{""t"":24.25,""c"":24.75},""dispossessed"":{""t"":8.75,""c"":8.45},""errors_goal"":{""t"":0.05,""c"":0.15},""errors_shot"":{""t"":0.15,""c"":0.3},""fouls"":{""t"":12.8,""c"":15.15},""gk_saves"":{""t"":3.1,""c"":3.15},""interceptions"":{""t"":8.9,""c"":7.9},""tackles"":{""t"":17.85,""c"":17.35},""free_kicks"":{""t"":16.25,""c"":13.7},""goal_kicks"":{""t"":7.6,""c"":7.6},""throw_ins"":{""t"":20.65,""c"":20.5},""possession"":{""t"":52.3,""c"":47.7},""offsides"":{""t"":0.95,""c"":1.45},""passes"":{""t"":428.15,""c"":392.55},""touches_opp_box"":{""t"":28.1,""c"":21.65},""red_cards"":{""t"":0.15,""c"":0},""yellow_cards"":{""t"":2.1,""c"":2.85}}","{""goals"":{""t"":1.4,""c"":2.6},""corners"":{""t"":3.07,""c"":3.53},""cards"":{""t"":1.13,""c"":1},""crosses"":{""t"":0.4,""c"":0.53},""big_chance_created"":{""t"":0.27,""c"":0.53},""big_chance_missed"":{""t"":0,""c"":0.13},""big_chance_scored"":{""t"":0.27,""c"":0.4},""xg"":{""t"":0,""c"":0},""shots_on_target"":{""t"":1.07,""c"":2.27},""shots_in_box"":{""t"":0.87,""c"":1.6},""total_shots"":{""t"":3.6,""c"":5.6},""shots_outside_box"":{""t"":0.4,""c"":0.67},""clearances"":{""t"":1.6,""c"":1.8},""dispossessed"":{""t"":1.53,""c"":0.33},""errors_goal"":{""t"":0,""c"":0},""errors_shot"":{""t"":0,""c"":0},""fouls"":{""t"":3.27,""c"":3.07},""gk_saves"":{""t"":1,""c"":0.53},""interceptions"":{""t"":1.53,""c"":1.33},""tackles"":{""t"":1.8,""c"":2.6},""free_kicks"":{""t"":3.33,""c"":3.67},""goal_kicks"":{""t"":3.73,""c"":2.53},""throw_ins"":{""t"":5.87,""c"":5.13},""possession"":{""t"":13.47,""c"":13.2},""offsides"":{""t"":0.33,""c"":0.2},""passes"":{""t"":49.8,""c"":57.8},""touches_opp_box"":{""t"":0,""c"":0},""red_cards"":{""t"":0,""c"":0},""yellow_cards"":{""t"":1.13,""c"":1}}","","","SION","","","","{""corners_home"":1,""corners_away"":8,""goals_home"":1,""goals_away"":1,""cards_home"":2,""cards_away"":1,""fouls_home"":11,""fouls_away"":10,""saves_home"":7,""saves_away"":1,""totalshots_home"":9,""totalshots_away"":23,""shots_home"":2,""shots_away"":8,""btts"":1}","","BATE","{""xc_casa"":4,""xc_fora"":5.09,""xc_total"":9.09,""dc"":{""base"":3.535,""indice_ofensivo"":0.3209,""indice_defensivo"":1.978,""indice_composto"":0.9837,""detalhes_of"":{""shots_on_target"":[0.27,0.426],""shots_in_box"":[0.22,0.187],""big_chance_missed"":[0.13,0],""crosses"":[0.13,0.154],""touches_opp_box"":[0.13,0],""total_shots"":[0.1,0.453],""possession"":[0.08,0.44]},""detalhes_def"":{""gk_saves"":[0.5,1.956],""clearances"":[0.25,2],""shots_ced"":[0.25,2]}},""df"":{""base"":4.415,""indice_ofensivo"":1.656,""indice_defensivo"":0.3991,""indice_composto"":1.1532,""detalhes_of"":{""shots_on_target"":[0.27,1.353],""shots_in_box"":[0.22,1.719],""big_chance_missed"":[0.13,1.854],""crosses"":[0.13,1.845],""touches_opp_box"":[0.13,2],""total_shots"":[0.1,1.431],""possession"":[0.08,1.597]},""detalhes_def"":{""gk_saves"":[0.5,0.243],""clearances"":[0.25,0.433],""shots_ced"":[0.25,0.677]}},""xg_casa"":1.39,""xg_fora"":2.43,""xg_total"":3.82,""xs_casa"":2.44,""xs_fora"":3.99,""xs_total"":6.43,""p_btts"":0.6437,""db"":{""xg_casa"":1.39,""xg_fora"":2.43,""p_casa_marca"":0.7509,""p_fora_marca"":0.912},""xcard_casa"":0.94,""xcard_fora"":2.64,""xcard_total"":3.58,""xfouls_casa"":3.37,""xfouls_fora"":17.65,""xfouls_total"":21.02,""xsaves_casa"":3.27,""xsaves_fora"":0.63,""xsaves_total"":3.9,""xtotalshots_casa"":2.07,""xtotalshots_fora"":17.56,""xtotalshots_total"":19.63,""p_casa_vence"":0.2084,""p_empate"":0.1877,""p_fora_vence"":0.603,""placares_top5"":[{""placar"":""1×2"",""prob"":0.09},{""placar"":""1×1"",""prob"":0.0741},{""placar"":""1×3"",""prob"":0.0729},{""placar"":""0×2"",""prob"":0.0647},{""placar"":""2×2"",""prob"":0.0625}]}","completed","6a6208181abc98d704ea84e5","2026-07-23T12:24:56.679000","2026-07-24T10:52:04.418000","6a397687c9763709d6ee2143","lauremank622@gmail.com","false"
"2026-07-23","{""goals"":{""t"":1.7,""c"":1.65},""corners"":{""t"":6.05,""c"":5.25},""cards"":{""t"":1.35,""c"":2.2},""crosses"":{""t"":5.1,""c"":5.3},""big_chance_created"":{""t"":2.05,""c"":2.2},""big_chance_missed"":{""t"":1.1,""c"":0.9},""big_chance_scored"":{""t"":0.95,""c"":1.3},""xg"":{""t"":1.68,""c"":1.49},""shots_on_target"":{""t"":4.85,""c"":4.7},""shots_in_box"":{""t"":9.45,""c"":9.4},""total_shots"":{""t"":12.8,""c"":13.85},""shots_outside_box"":{""t"":3.35,""c"":4.45},""clearances"":{""t"":23.25,""c"":28.15},""dispossessed"":{""t"":9.1,""c"":8.9},""errors_goal"":{""t"":0.1,""c"":0.1},""errors_shot"":{""t"":0.25,""c"":0.15},""fouls"":{""t"":10.6,""c"":13.45},""gk_saves"":{""t"":3,""c"":3.05},""interceptions"":{""t"":9.05,""c"":9.35},""tackles"":{""t"":19.6,""c"":18.95},""free_kicks"":{""t"":14.7,""c"":12.35},""goal_kicks"":{""t"":8.2,""c"":7.35},""throw_ins"":{""t"":24.95,""c"":23.45},""possession"":{""t"":55.8,""c"":44.2},""offsides"":{""t"":1.85,""c"":1.55},""passes"":{""t"":478.25,""c"":374.15},""touches_opp_box"":{""t"":32.6,""c"":26.2},""red_cards"":{""t"":0.1,""c"":0.1},""yellow_cards"":{""t"":1.25,""c"":2.1}}","{""goals"":{""t"":1.9,""c"":1.15},""corners"":{""t"":3.85,""c"":5.15},""cards"":{""t"":2.15,""c"":1.9},""crosses"":{""t"":3.6,""c"":3.5},""big_chance_created"":{""t"":2.2,""c"":1.45},""big_chance_missed"":{""t"":1.1,""c"":0.85},""big_chance_scored"":{""t"":1.1,""c"":0.6},""xg"":{""t"":1.28,""c"":1.05},""shots_on_target"":{""t"":4.15,""c"":3.5},""shots_in_box"":{""t"":7.4,""c"":7.65},""total_shots"":{""t"":11.2,""c"":14.05},""shots_outside_box"":{""t"":3.25,""c"":5.3},""clearances"":{""t"":25.6,""c"":19.6},""dispossessed"":{""t"":7.2,""c"":6.8},""errors_goal"":{""t"":0.2,""c"":0.1},""errors_shot"":{""t"":0.5,""c"":0.45},""fouls"":{""t"":9.6,""c"":10.2},""gk_saves"":{""t"":2.55,""c"":2.3},""interceptions"":{""t"":6.7,""c"":6.5},""tackles"":{""t"":14.45,""c"":15.6},""free_kicks"":{""t"":11.5,""c"":10.95},""goal_kicks"":{""t"":9.6,""c"":6.4},""throw_ins"":{""t"":19.45,""c"":20.1},""possession"":{""t"":45.6,""c"":44.4},""offsides"":{""t"":0.65,""c"":0.95},""passes"":{""t"":385.65,""c"":375.7},""touches_opp_box"":{""t"":19.2,""c"":21.05},""red_cards"":{""t"":0.05,""c"":0.1},""yellow_cards"":{""t"":2.1,""c"":1.8}}","","","BRANN","","","","{""corners_home"":9,""corners_away"":5,""goals_home"":2,""goals_away"":2,""shots_home"":4,""shots_away"":3,""cards_home"":3,""cards_away"":2,""fouls_home"":19,""fouls_away"":14,""saves_home"":1,""saves_away"":2,""totalshots_home"":8,""totalshots_away"":6,""btts"":1}","","CLUJ","{""xc_casa"":5.17,""xc_fora"":5.76,""xc_total"":10.93,""dc"":{""base"":4.55,""indice_ofensivo"":0.9206,""indice_defensivo"":1.0883,""indice_composto"":0.9877,""detalhes_of"":{""shots_on_target"":[0.27,0.938],""shots_in_box"":[0.22,0.881],""big_chance_missed"":[0.13,1.1],""crosses"":[0.13,0.809],""touches_opp_box"":[0.13,0.846],""total_shots"":[0.1,0.894],""possession"":[0.08,1.016]},""detalhes_def"":{""gk_saves"":[0.5,0.853],""clearances"":[0.25,1.585],""shots_ced"":[0.25,1.062]}},""df"":{""base"":5.6,""indice_ofensivo"":1.1322,""indice_defensivo"":0.8731,""indice_composto"":1.0285,""detalhes_of"":{""shots_on_target"":[0.27,1.162],""shots_in_box"":[0.22,1.105],""big_chance_missed"":[0.13,1.128],""crosses"":[0.13,1.186],""touches_opp_box"":[0.13,1.215],""total_shots"":[0.1,0.953],""possession"":[0.08,1.114]},""detalhes_def"":{""gk_saves"":[0.5,0.676],""clearances"":[0.25,1.289],""shots_ced"":[0.25,0.851]}},""xg_casa"":1.92,""xg_fora"":1.37,""xg_total"":3.29,""xs_casa"":4.47,""xs_fora"":4.31,""xs_total"":8.78,""p_btts"":0.5602,""db"":{""xg_casa"":1.92,""xg_fora"":1.37,""p_casa_marca"":0.8534,""p_fora_marca"":0.7459},""xcard_casa"":1.77,""xcard_fora"":1.77,""xcard_total"":3.54,""xfouls_casa"":12.32,""xfouls_fora"":14.86,""xfouls_total"":27.18,""xsaves_casa"":3.17,""xsaves_fora"":2.46,""xsaves_total"":5.63,""xtotalshots_casa"":11.35,""xtotalshots_fora"":15.57,""xtotalshots_total"":26.92,""p_casa_vence"":0.5036,""p_empate"":0.222,""p_fora_vence"":0.2743,""placares_top5"":[{""placar"":""1×1"",""prob"":0.098},{""placar"":""2×1"",""prob"":0.0941},{""placar"":""1×0"",""prob"":0.0715},{""placar"":""2×0"",""prob"":0.0687},{""placar"":""1×2"",""prob"":0.0671}]}","completed","6a6207fdf2a5eaef5185b774","2026-07-23T12:24:29.112000","2026-07-28T16:13:56.755000","6a397687c9763709d6ee2143","lauremank622@gmail.com","false"
"2026-07-23","{""goals"":{""t"":0.74,""c"":1.37},""corners"":{""t"":1.63,""c"":1.89},""cards"":{""t"":1.05,""c"":0.74},""crosses"":{""t"":0,""c"":0},""big_chance_created"":{""t"":0,""c"":0},""big_chance_missed"":{""t"":0,""c"":0},""big_chance_scored"":{""t"":0,""c"":0},""xg"":{""t"":0,""c"":0},""shots_on_target"":{""t"":0.26,""c"":0.21},""shots_in_box"":{""t"":0,""c"":0},""total_shots"":{""t"":0.42,""c"":1.11},""shots_outside_box"":{""t"":0,""c"":0},""clearances"":{""t"":0,""c"":0},""dispossessed"":{""t"":0,""c"":0},""errors_goal"":{""t"":0,""c"":0},""errors_shot"":{""t"":0,""c"":0},""fouls"":{""t"":0.89,""c"":1.21},""gk_saves"":{""t"":0.05,""c"":0.32},""interceptions"":{""t"":0,""c"":0},""tackles"":{""t"":0,""c"":0},""free_kicks"":{""t"":1.63,""c"":1.42},""goal_kicks"":{""t"":0.89,""c"":0.58},""throw_ins"":{""t"":2.84,""c"":1.95},""possession"":{""t"":0,""c"":0},""offsides"":{""t"":0.26,""c"":0.21},""passes"":{""t"":0,""c"":0},""touches_opp_box"":{""t"":0,""c"":0},""red_cards"":{""t"":0,""c"":0},""yellow_cards"":{""t"":1.05,""c"":0.74}}","{""goals"":{""t"":0.5,""c"":2.5},""corners"":{""t"":0,""c"":0},""cards"":{""t"":0,""c"":0},""crosses"":{""t"":0,""c"":0},""big_chance_created"":{""t"":0,""c"":0},""big_chance_missed"":{""t"":0,""c"":0},""big_chance_scored"":{""t"":0,""c"":0},""xg"":{""t"":0,""c"":0},""shots_on_target"":{""t"":0,""c"":0},""shots_in_box"":{""t"":0,""c"":0},""total_shots"":{""t"":0,""c"":0},""shots_outside_box"":{""t"":0,""c"":0},""clearances"":{""t"":0,""c"":0},""dispossessed"":{""t"":0,""c"":0},""errors_goal"":{""t"":0,""c"":0},""errors_shot"":{""t"":0,""c"":0},""fouls"":{""t"":0,""c"":0},""gk_saves"":{""t"":0,""c"":0},""interceptions"":{""t"":0,""c"":0},""tackles"":{""t"":0,""c"":0},""free_kicks"":{""t"":0,""c"":0},""goal_kicks"":{""t"":0,""c"":0},""throw_ins"":{""t"":0,""c"":0},""possession"":{""t"":0,""c"":0},""offsides"":{""t"":0,""c"":0},""passes"":{""t"":0,""c"":0},""touches_opp_box"":{""t"":0,""c"":0},""red_cards"":{""t"":0,""c"":0},""yellow_cards"":{""t"":0,""c"":0}}","","","SUTJESKA","","","","{""corners_home"":4,""corners_away"":7,""goals_home"":3,""goals_away"":0,""shots_home"":3,""shots_away"":0,""cards_home"":2,""cards_away"":1,""fouls_home"":17,""fouls_away"":11,""saves_home"":1,""saves_away"":0,""totalshots_home"":8,""totalshots_away"":7,""btts"":0}","","VITEBSK","{""xc_casa"":1.09,""xc_fora"":0.99,""xc_total"":2.08,""dc"":{""base"":0.945,""indice_ofensivo"":1,""indice_defensivo"":1,""indice_composto"":1,""detalhes_of"":{""shots_on_target"":[0.27,0],""shots_in_box"":[0.22,1],""big_chance_missed"":[0.13,1],""crosses"":[0.13,1],""touches_opp_box"":[0.13,1],""total_shots"":[0.1,0],""possession"":[0.08,1]},""detalhes_def"":{""gk_saves"":[0.5,1],""clearances"":[0.25,1],""shots_ced"":[0.25,1]}},""df"":{""base"":0.815,""indice_ofensivo"":1.3491,""indice_defensivo"":1,""indice_composto"":1.2094,""detalhes_of"":{""shots_on_target"":[0.27,2],""shots_in_box"":[0.22,1],""big_chance_missed"":[0.13,1],""crosses"":[0.13,1],""touches_opp_box"":[0.13,1],""total_shots"":[0.1,2],""possession"":[0.08,1]},""detalhes_def"":{""gk_saves"":[0.5,0],""clearances"":[0.25,1],""shots_ced"":[0.25,0]}},""xg_casa"":1.01,""xg_fora"":1.65,""xg_total"":2.66,""xs_casa"":0.11,""xs_fora"":0.14,""xs_total"":0.25,""p_btts"":0.4007,""db"":{""xg_casa"":1.01,""xg_fora"":1.65,""p_casa_marca"":0.6358,""p_fora_marca"":0.808},""xcard_casa"":0.47,""xcard_fora"":0.85,""xcard_total"":1.32,""xfouls_casa"":0.77,""xfouls_fora"":0.77,""xfouls_total"":1.54,""xsaves_casa"":0.25,""xsaves_fora"":0.03,""xsaves_total"":0.28,""xtotalshots_casa"":0.56,""xtotalshots_fora"":0.21,""xtotalshots_total"":0.77,""p_casa_vence"":0.2315,""p_empate"":0.2451,""p_fora_vence"":0.5233,""placares_top5"":[{""placar"":""1×1"",""prob"":0.1166},{""placar"":""0×1"",""prob"":0.1154},{""placar"":""1×2"",""prob"":0.0962},{""placar"":""0×2"",""prob"":0.0952},{""placar"":""1×0"",""prob"":0.0706}]}","completed","6a6207dba47351fbd2900525","2026-07-23T12:23:55.887000","2026-07-28T16:13:12.401000","6a397687c9763709d6ee2143","lauremank622@gmail.com","false"
"2026-07-23","{""goals"":{""t"":1.55,""c"":2.2},""corners"":{""t"":2.25,""c"":2.85},""cards"":{""t"":1.7,""c"":1.6},""crosses"":{""t"":2.8,""c"":2.15},""big_chance_created"":{""t"":1.25,""c"":2.4},""big_chance_missed"":{""t"":0.7,""c"":1.3},""big_chance_scored"":{""t"":0.55,""c"":1.1},""xg"":{""t"":0.6,""c"":1.02},""shots_on_target"":{""t"":3,""c"":3.65},""shots_in_box"":{""t"":4.2,""c"":5.7},""total_shots"":{""t"":8.1,""c"":8.7},""shots_outside_box"":{""t"":3.9,""c"":3},""clearances"":{""t"":17.1,""c"":14.4},""dispossessed"":{""t"":4.7,""c"":6.05},""errors_goal"":{""t"":0.2,""c"":0.15},""errors_shot"":{""t"":0.3,""c"":0.1},""fouls"":{""t"":7.85,""c"":10.25},""gk_saves"":{""t"":2.1,""c"":2.3},""interceptions"":{""t"":5.25,""c"":6.55},""tackles"":{""t"":11,""c"":10.05},""free_kicks"":{""t"":11.3,""c"":8.85},""goal_kicks"":{""t"":5.55,""c"":4.5},""throw_ins"":{""t"":13.3,""c"":13.9},""possession"":{""t"":35.85,""c"":34.15},""offsides"":{""t"":1.15,""c"":1.05},""passes"":{""t"":306.4,""c"":294.9},""touches_opp_box"":{""t"":11.9,""c"":14.95},""red_cards"":{""t"":0,""c"":0.1},""yellow_cards"":{""t"":1.7,""c"":1.5}}","{""goals"":{""t"":0.5,""c"":2.38},""corners"":{""t"":2.25,""c"":3.5},""cards"":{""t"":1.13,""c"":0.88},""crosses"":{""t"":0,""c"":0.88},""big_chance_created"":{""t"":0,""c"":0.5},""big_chance_missed"":{""t"":0,""c"":0},""big_chance_scored"":{""t"":0,""c"":0.5},""xg"":{""t"":0,""c"":0},""shots_on_target"":{""t"":0.13,""c"":1.75},""shots_in_box"":{""t"":0.38,""c"":1.63},""total_shots"":{""t"":0.88,""c"":4.13},""shots_outside_box"":{""t"":0.38,""c"":0.88},""clearances"":{""t"":3.38,""c"":0.88},""dispossessed"":{""t"":0.63,""c"":0.38},""errors_goal"":{""t"":0,""c"":0},""errors_shot"":{""t"":0,""c"":0},""fouls"":{""t"":2.13,""c"":1.75},""gk_saves"":{""t"":0.5,""c"":0.13},""interceptions"":{""t"":2.25,""c"":0.88},""tackles"":{""t"":2.13,""c"":1.63},""free_kicks"":{""t"":3.38,""c"":2.25},""goal_kicks"":{""t"":2.63,""c"":1.38},""throw_ins"":{""t"":2.63,""c"":5.88},""possession"":{""t"":3.5,""c"":9},""offsides"":{""t"":0.25,""c"":1.13},""passes"":{""t"":31,""c"":78.25},""touches_opp_box"":{""t"":0,""c"":0},""red_cards"":{""t"":0,""c"":0},""yellow_cards"":{""t"":1.13,""c"":0.88}}","","","Noah","","","","{""corners_home"":1,""corners_away"":10,""goals_home"":1,""goals_away"":1,""shots_home"":4,""shots_away"":7,""cards_home"":1,""cards_away"":1,""fouls_home"":18,""fouls_away"":10,""saves_home"":4,""saves_away"":3,""totalshots_home"":5,""totalshots_away"":17,""btts"":1}","","Zimbru","{""xc_casa"":2.55,""xc_fora"":3.03,""xc_total"":5.58,""dc"":{""base"":2.55,""indice_ofensivo"":0.1184,""indice_defensivo"":2,""indice_composto"":0.871,""detalhes_of"":{""shots_on_target"":[0.27,0.069],""shots_in_box"":[0.22,0.125],""big_chance_missed"":[0.13,0],""crosses"":[0.13,0],""touches_opp_box"":[0.13,0],""total_shots"":[0.1,0.184],""possession"":[0.08,0.186]},""detalhes_def"":{""gk_saves"":[0.5,2],""clearances"":[0.25,2],""shots_ced"":[0.25,2]}},""df"":{""base"":2.875,""indice_ofensivo"":1.5436,""indice_defensivo"":0.3222,""indice_composto"":1.0551,""detalhes_of"":{""shots_on_target"":[0.27,1.263],""shots_in_box"":[0.22,1.441],""big_chance_missed"":[0.13,2],""crosses"":[0.13,1.522],""touches_opp_box"":[0.13,2],""total_shots"":[0.1,1.325],""possession"":[0.08,1.599]},""detalhes_def"":{""gk_saves"":[0.5,0.088],""clearances"":[0.25,0.383],""shots_ced"":[0.25,0.73]}},""xg_casa"":1.39,""xg_fora"":1.99,""xg_total"":3.38,""xs_casa"":1.68,""xs_fora"":2.34,""xs_total"":4.02,""p_btts"":0.5705,""db"":{""xg_casa"":1.39,""xg_fora"":1.99,""p_casa_marca"":0.7509,""p_fora_marca"":0.8633},""xcard_casa"":0.68,""xcard_fora"":2.04,""xcard_total"":2.72,""xfouls_casa"":2.81,""xfouls_fora"":10.21,""xfouls_total"":13.02,""xsaves_casa"":1.99,""xsaves_fora"":0.12,""xsaves_total"":2.11,""xtotalshots_casa"":0.7,""xtotalshots_fora"":9.87,""xtotalshots_total"":10.57,""p_casa_vence"":0.2679,""p_empate"":0.2172,""p_fora_vence"":0.5146,""placares_top5"":[{""placar"":""1×1"",""prob"":0.0942},{""placar"":""1×2"",""prob"":0.0937},{""placar"":""0×1"",""prob"":0.0678},{""placar"":""0×2"",""prob"":0.0674},{""placar"":""2×1"",""prob"":0.0655}]}","completed","6a62079ec6a7e6327c1bc826","2026-07-23T12:22:54.348000","2026-07-28T16:12:21.529000","6a397687c9763709d6ee2143","lauremank622@gmail.com","false"
"2026-07-23","{""goals"":{""t"":1.7,""c"":1.35},""corners"":{""t"":5.05,""c"":4},""cards"":{""t"":1.95,""c"":1.7},""crosses"":{""t"":3.2,""c"":4.5},""big_chance_created"":{""t"":3.05,""c"":2.65},""big_chance_missed"":{""t"":1.95,""c"":1.6},""big_chance_scored"":{""t"":1.1,""c"":1.05},""xg"":{""t"":1.59,""c"":1.54},""shots_on_target"":{""t"":5.8,""c"":5.2},""shots_in_box"":{""t"":9.35,""c"":9.5},""total_shots"":{""t"":13.9,""c"":14.15},""shots_outside_box"":{""t"":4.55,""c"":4.65},""clearances"":{""t"":21.8,""c"":21.85},""dispossessed"":{""t"":9.25,""c"":6.9},""errors_goal"":{""t"":0.1,""c"":0.35},""errors_shot"":{""t"":0.5,""c"":0.7},""fouls"":{""t"":11.5,""c"":10.05},""gk_saves"":{""t"":3.75,""c"":3.9},""interceptions"":{""t"":9.85,""c"":9.8},""tackles"":{""t"":15.5,""c"":19.5},""free_kicks"":{""t"":11.7,""c"":12.6},""goal_kicks"":{""t"":8.45,""c"":7.7},""throw_ins"":{""t"":15.5,""c"":14.9},""possession"":{""t"":56.85,""c"":43.15},""offsides"":{""t"":1.15,""c"":1.75},""passes"":{""t"":575.75,""c"":423.05},""touches_opp_box"":{""t"":28.55,""c"":28.35},""red_cards"":{""t"":0.15,""c"":0.1},""yellow_cards"":{""t"":1.8,""c"":1.6}}","{""goals"":{""t"":1.65,""c"":1.2},""corners"":{""t"":4.9,""c"":4.45},""cards"":{""t"":2.2,""c"":1.4},""crosses"":{""t"":5.15,""c"":4.7},""big_chance_created"":{""t"":1.75,""c"":1.05},""big_chance_missed"":{""t"":1.2,""c"":0.65},""big_chance_scored"":{""t"":0.55,""c"":0.4},""xg"":{""t"":1.39,""c"":1.1},""shots_on_target"":{""t"":5.75,""c"":4.1},""shots_in_box"":{""t"":10,""c"":7.45},""total_shots"":{""t"":14.9,""c"":12.1},""shots_outside_box"":{""t"":4.9,""c"":4.65},""clearances"":{""t"":22.45,""c"":21.5},""dispossessed"":{""t"":9.95,""c"":8.9},""errors_goal"":{""t"":0.05,""c"":0.1},""errors_shot"":{""t"":1.15,""c"":1.15},""fouls"":{""t"":14.05,""c"":10.25},""gk_saves"":{""t"":2.9,""c"":4.1},""interceptions"":{""t"":12.3,""c"":13.1},""tackles"":{""t"":15.05,""c"":13.45},""free_kicks"":{""t"":8.55,""c"":12.95},""goal_kicks"":{""t"":6.75,""c"":8.85},""throw_ins"":{""t"":18.85,""c"":19.85},""possession"":{""t"":48.25,""c"":51.75},""offsides"":{""t"":1.5,""c"":1.2},""passes"":{""t"":465.5,""c"":490.15},""touches_opp_box"":{""t"":26.65,""c"":20.9},""red_cards"":{""t"":0,""c"":0.1},""yellow_cards"":{""t"":2.2,""c"":1.3}}","","","Nords","","","","{""corners_home"":8,""corners_away"":6,""goals_home"":1,""goals_away"":0,""cards_home"":1,""cards_away"":0,""fouls_home"":13,""fouls_away"":13,""saves_home"":1,""saves_away"":3,""totalshots_home"":16,""totalshots_away"":10,""shots_home"":4,""shots_away"":1,""btts"":0}","","Gais","{""xc_casa"":5.12,""xc_fora"":5.08,""xc_total"":10.2,""dc"":{""base"":4.45,""indice_ofensivo"":1.0117,""indice_defensivo"":0.9812,""indice_composto"":0.9995,""detalhes_of"":{""shots_on_target"":[0.27,1.05],""shots_in_box"":[0.22,1.026],""big_chance_missed"":[0.13,0.857],""crosses"":[0.13,1.067],""touches_opp_box"":[0.13,0.969],""total_shots"":[0.1,1.026],""possession"":[0.08,1.056]},""detalhes_def"":{""gk_saves"":[0.5,0.832],""clearances"":[0.25,1.305],""shots_ced"":[0.25,0.955]}},""df"":{""base"":4.75,""indice_ofensivo"":1.1343,""indice_defensivo"":0.9705,""indice_composto"":1.0688,""detalhes_of"":{""shots_on_target"":[0.27,1.172],""shots_in_box"":[0.22,1.113],""big_chance_missed"":[0.13,1.5],""crosses"":[0.13,0.81],""touches_opp_box"":[0.13,1.155],""total_shots"":[0.1,1.069],""possession"":[0.08,1.047]},""detalhes_def"":{""gk_saves"":[0.5,0.85],""clearances"":[0.25,1.332],""shots_ced"":[0.25,0.85]}},""xg_casa"":1.43,""xg_fora"":1.5,""xg_total"":2.93,""xs_casa"":5.42,""xs_fora"":5.6,""xs_total"":11.02,""p_btts"":0.4609,""db"":{""xg_casa"":1.43,""xg_fora"":1.5,""p_casa_marca"":0.7607,""p_fora_marca"":0.7769},""xcard_casa"":1.99,""xcard_fora"":1.72,""xcard_total"":3.71,""xfouls_casa"":16.53,""xfouls_fora"":13.78,""xfouls_total"":30.31,""xsaves_casa"":4.09,""xsaves_fora"":3.86,""xsaves_total"":7.95,""xtotalshots_casa"":14.08,""xtotalshots_fora"":15.06,""xtotalshots_total"":29.14,""p_casa_vence"":0.3614,""p_empate"":0.2461,""p_fora_vence"":0.3925,""placares_top5"":[{""placar"":""1×1"",""prob"":0.1145},{""placar"":""1×2"",""prob"":0.0859},{""placar"":""2×1"",""prob"":0.0819},{""placar"":""0×1"",""prob"":0.0801},{""placar"":""1×0"",""prob"":0.0764}]}","completed","6a620765b771a8f2563891d4","2026-07-23T12:21:57.241000","2026-07-24T10:51:19.005000","6a397687c9763709d6ee2143","lauremank622@gmail.com","false"
"2026-07-23","{""goals"":{""t"":1.3,""c"":1.05},""corners"":{""t"":4,""c"":5.35},""cards"":{""t"":1.4,""c"":1.65},""crosses"":{""t"":4.5,""c"":5},""big_chance_created"":{""t"":1.95,""c"":2.95},""big_chance_missed"":{""t"":0.9,""c"":2.3},""big_chance_scored"":{""t"":1.1,""c"":0.65},""xg"":{""t"":1.4,""c"":1.44},""shots_on_target"":{""t"":3.85,""c"":4.1},""shots_in_box"":{""t"":6.75,""c"":8.95},""total_shots"":{""t"":10.75,""c"":14.6},""shots_outside_box"":{""t"":4,""c"":5.65},""clearances"":{""t"":27.15,""c"":24.15},""dispossessed"":{""t"":8.65,""c"":7.1},""errors_goal"":{""t"":0.15,""c"":0.2},""errors_shot"":{""t"":0.75,""c"":0.45},""fouls"":{""t"":10.95,""c"":11.15},""gk_saves"":{""t"":2.9,""c"":2.35},""interceptions"":{""t"":8.35,""c"":8.75},""tackles"":{""t"":13.8,""c"":14.5},""free_kicks"":{""t"":12.15,""c"":12.65},""goal_kicks"":{""t"":8.85,""c"":7.2},""throw_ins"":{""t"":22.95,""c"":21.75},""possession"":{""t"":46.45,""c"":53.55},""offsides"":{""t"":1.8,""c"":1.15},""passes"":{""t"":365.6,""c"":421.45},""touches_opp_box"":{""t"":19.65,""c"":23.2},""red_cards"":{""t"":0.05,""c"":0.1},""yellow_cards"":{""t"":1.35,""c"":1.55}}","{""goals"":{""t"":1.85,""c"":0.95},""corners"":{""t"":5.35,""c"":3.65},""cards"":{""t"":1.3,""c"":1.45},""crosses"":{""t"":6.95,""c"":3.55},""big_chance_created"":{""t"":2,""c"":0.75},""big_chance_missed"":{""t"":0.8,""c"":0.3},""big_chance_scored"":{""t"":1.2,""c"":0.45},""xg"":{""t"":1.9,""c"":1},""shots_on_target"":{""t"":5.4,""c"":2.9},""shots_in_box"":{""t"":10.45,""c"":6.05},""total_shots"":{""t"":14.45,""c"":9.6},""shots_outside_box"":{""t"":4,""c"":3.55},""clearances"":{""t"":22.5,""c"":23.8},""dispossessed"":{""t"":8.05,""c"":6.75},""errors_goal"":{""t"":0.1,""c"":0.1},""errors_shot"":{""t"":0.15,""c"":0.1},""fouls"":{""t"":12.1,""c"":11.5},""gk_saves"":{""t"":2,""c"":3.35},""interceptions"":{""t"":8.3,""c"":7.55},""tackles"":{""t"":14.85,""c"":14.75},""free_kicks"":{""t"":11.85,""c"":13.3},""goal_kicks"":{""t"":6.25,""c"":7.9},""throw_ins"":{""t"":18.35,""c"":20.7},""possession"":{""t"":50.4,""c"":49.6},""offsides"":{""t"":1.25,""c"":0.45},""passes"":{""t"":503.15,""c"":497.85},""touches_opp_box"":{""t"":30.45,""c"":19.9},""red_cards"":{""t"":0.05,""c"":0},""yellow_cards"":{""t"":1.25,""c"":1.45}}","","","Hradec","","","","{""corners_home"":4,""corners_away"":1,""goals_home"":0,""goals_away"":1,""shots_home"":6,""shots_away"":1,""cards_home"":1,""cards_away"":2,""fouls_home"":8,""fouls_away"":9,""saves_home"":0,""saves_away"":6,""totalshots_home"":15,""totalshots_away"":5,""btts"":0}","","Tromso","{""xc_casa"":5.94,""xc_fora"":4.22,""xc_total"":10.16,""dc"":{""base"":5.35,""indice_ofensivo"":1.0254,""indice_defensivo"":0.8757,""indice_composto"":0.9655,""detalhes_of"":{""shots_on_target"":[0.27,1.137],""shots_in_box"":[0.22,1.077],""big_chance_missed"":[0.13,0.516],""crosses"":[0.13,1.163],""touches_opp_box"":[0.13,1.135],""total_shots"":[0.1,0.995],""possession"":[0.08,0.97]},""detalhes_def"":{""gk_saves"":[0.5,0.651],""clearances"":[0.25,1.323],""shots_ced"":[0.25,0.878]}},""df"":{""base"":3.825,""indice_ofensivo"":1.1251,""indice_defensivo"":1.073,""indice_composto"":1.1043,""detalhes_of"":{""shots_on_target"":[0.27,1.141],""shots_in_box"":[0.22,1.055],""big_chance_missed"":[0.13,1.5],""crosses"":[0.13,1.118],""touches_opp_box"":[0.13,0.994],""total_shots"":[0.1,1.057],""possession"":[0.08,0.967]},""detalhes_def"":{""gk_saves"":[0.5,0.931],""clearances"":[0.25,1.568],""shots_ced"":[0.25,0.862]}},""xg_casa"":1.54,""xg_fora"":1.18,""xg_total"":2.72,""xs_casa"":4.59,""xs_fora"":3.89,""xs_total"":8.48,""p_btts"":0.4245,""db"":{""xg_casa"":1.54,""xg_fora"":1.18,""p_casa_marca"":0.7856,""p_fora_marca"":0.6927},""xcard_casa"":1.4,""xcard_fora"":1.49,""xcard_total"":2.89,""xfouls_casa"":15.44,""xfouls_fora"":15.15,""xfouls_total"":30.59,""xsaves_casa"":2.54,""xsaves_fora"":3.27,""xsaves_total"":5.81,""xtotalshots_casa"":14.96,""xtotalshots_fora"":11.41,""xtotalshots_total"":26.37,""p_casa_vence"":0.4561,""p_empate"":0.2523,""p_fora_vence"":0.2916,""placares_top5"":[{""placar"":""1×1"",""prob"":0.1197},{""placar"":""1×0"",""prob"":0.1014},{""placar"":""2×1"",""prob"":0.0922},{""placar"":""2×0"",""prob"":0.0781},{""placar"":""0×1"",""prob"":0.0777}]}","completed","6a6207029f0d5aa54e697508","2026-07-23T12:20:18.178000","2026-07-28T16:11:29.947000","6a397687c9763709d6ee2143","lauremank622@gmail.com","false"
"2026-07-23","{""goals"":{""t"":1.55,""c"":2},""corners"":{""t"":5.05,""c"":5.7},""cards"":{""t"":2.7,""c"":2.65},""crosses"":{""t"":3.5,""c"":5.9},""big_chance_created"":{""t"":1.9,""c"":2.6},""big_chance_missed"":{""t"":1.1,""c"":1.35},""big_chance_scored"":{""t"":0.8,""c"":1.25},""xg"":{""t"":1.36,""c"":1.73},""shots_on_target"":{""t"":5,""c"":5.2},""shots_in_box"":{""t"":8.55,""c"":11.6},""total_shots"":{""t"":14.25,""c"":15.75},""shots_outside_box"":{""t"":5.7,""c"":4.15},""clearances"":{""t"":23.65,""c"":26.05},""dispossessed"":{""t"":8.25,""c"":9.6},""errors_goal"":{""t"":0.2,""c"":0.25},""errors_shot"":{""t"":0.35,""c"":0.1},""fouls"":{""t"":14.7,""c"":10.5},""gk_saves"":{""t"":3.1,""c"":3.4},""interceptions"":{""t"":9.1,""c"":10.7},""tackles"":{""t"":16.85,""c"":16.05},""free_kicks"":{""t"":11.6,""c"":16.1},""goal_kicks"":{""t"":8.85,""c"":7.2},""throw_ins"":{""t"":19.5,""c"":18.2},""possession"":{""t"":52.05,""c"":47.95},""offsides"":{""t"":1.5,""c"":1.2},""passes"":{""t"":436.45,""c"":397.55},""touches_opp_box"":{""t"":21.35,""c"":31.3},""red_cards"":{""t"":0.2,""c"":0},""yellow_cards"":{""t"":2.5,""c"":2.65}}","{""goals"":{""t"":1.55,""c"":2},""corners"":{""t"":5.05,""c"":5.7},""cards"":{""t"":2.7,""c"":2.65},""crosses"":{""t"":3.5,""c"":5.9},""big_chance_created"":{""t"":1.9,""c"":2.6},""big_chance_missed"":{""t"":1.1,""c"":1.35},""big_chance_scored"":{""t"":0.8,""c"":1.25},""xg"":{""t"":1.36,""c"":1.73},""shots_on_target"":{""t"":5,""c"":5.2},""shots_in_box"":{""t"":8.55,""c"":11.6},""total_shots"":{""t"":14.25,""c"":15.75},""shots_outside_box"":{""t"":5.7,""c"":4.15},""clearances"":{""t"":23.65,""c"":26.05},""dispossessed"":{""t"":8.25,""c"":9.6},""errors_goal"":{""t"":0.2,""c"":0.25},""errors_shot"":{""t"":0.35,""c"":0.1},""fouls"":{""t"":14.7,""c"":10.5},""gk_saves"":{""t"":3.1,""c"":3.4},""interceptions"":{""t"":9.1,""c"":10.7},""tackles"":{""t"":16.85,""c"":16.05},""free_kicks"":{""t"":11.6,""c"":16.1},""goal_kicks"":{""t"":8.85,""c"":7.2},""throw_ins"":{""t"":19.5,""c"":18.2},""possession"":{""t"":52.05,""c"":47.95},""offsides"":{""t"":1.5,""c"":1.2},""passes"":{""t"":436.45,""c"":397.55},""touches_opp_box"":{""t"":21.35,""c"":31.3},""red_cards"":{""t"":0.2,""c"":0},""yellow_cards"":{""t"":2.5,""c"":2.65}}","","","Anderletch","","","","{""corners_home"":5,""corners_away"":2,""goals_home"":1,""goals_away"":1,""shots_home"":6,""shots_away"":4,""cards_home"":2,""cards_away"":3,""fouls_home"":14,""fouls_away"":13,""saves_home"":3,""saves_away"":5,""totalshots_home"":12,""totalshots_away"":6,""btts"":1}","","Hammarby","{""xc_casa"":5.87,""xc_fora"":5.11,""xc_total"":10.98,""dc"":{""base"":5.375,""indice_ofensivo"":0.895,""indice_defensivo"":1.0334,""indice_composto"":0.9503,""detalhes_of"":{""shots_on_target"":[0.27,0.98],""shots_in_box"":[0.22,0.849],""big_chance_missed"":[0.13,0.898],""crosses"":[0.13,0.745],""touches_opp_box"":[0.13,0.811],""total_shots"":[0.1,0.95],""possession"":[0.08,1.041]},""detalhes_def"":{""gk_saves"":[0.5,0.827],""clearances"":[0.25,1.461],""shots_ced"":[0.25,1.018]}},""df"":{""base"":5.375,""indice_ofensivo"":0.895,""indice_defensivo"":1.0334,""indice_composto"":0.9503,""detalhes_of"":{""shots_on_target"":[0.27,0.98],""shots_in_box"":[0.22,0.849],""big_chance_missed"":[0.13,0.898],""crosses"":[0.13,0.745],""touches_opp_box"":[0.13,0.811],""total_shots"":[0.1,0.95],""possession"":[0.08,1.041]},""detalhes_def"":{""gk_saves"":[0.5,0.827],""clearances"":[0.25,1.461],""shots_ced"":[0.25,1.018]}},""xg_casa"":1.76,""xg_fora"":1.5,""xg_total"":3.26,""xs_casa"":4.9,""xs_fora"":4.9,""xs_total"":9.8,""p_btts"":0.566,""db"":{""xg_casa"":1.76,""xg_fora"":1.5,""p_casa_marca"":0.828,""p_fora_marca"":0.7769},""xcard_casa"":2.53,""xcard_fora"":2.75,""xcard_total"":5.28,""xfouls_casa"":16.28,""xfouls_fora"":16.28,""xfouls_total"":32.56,""xsaves_casa"":2.96,""xsaves_fora"":2.96,""xsaves_total"":5.92,""xtotalshots_casa"":12.74,""xtotalshots_fora"":12.74,""xtotalshots_total"":25.48,""p_casa_vence"":0.4399,""p_empate"":0.2298,""p_fora_vence"":0.3301,""placares_top5"":[{""placar"":""1×1"",""prob"":0.1013},{""placar"":""2×1"",""prob"":0.0892},{""placar"":""1×2"",""prob"":0.076},{""placar"":""1×0"",""prob"":0.0676},{""placar"":""2×2"",""prob"":0.0669}]}","completed","6a6206dfc0205f26a888ad82","2026-07-23T12:19:43.641000","2026-07-28T12:11:46.702000","6a397687c9763709d6ee2143","lauremank622@gmail.com","false"
"2026-07-23","{""goals"":{""t"":1.4,""c"":0.95},""corners"":{""t"":4.9,""c"":4.4},""cards"":{""t"":1.8,""c"":2.2},""crosses"":{""t"":3.1,""c"":3.55},""big_chance_created"":{""t"":2,""c"":1.7},""big_chance_missed"":{""t"":1.05,""c"":1.1},""big_chance_scored"":{""t"":0.95,""c"":0.6},""xg"":{""t"":1.15,""c"":0.92},""shots_on_target"":{""t"":3.3,""c"":3.2},""shots_in_box"":{""t"":5.8,""c"":6.5},""total_shots"":{""t"":8.45,""c"":9.75},""shots_outside_box"":{""t"":2.65,""c"":3.25},""clearances"":{""t"":21.45,""c"":20.75},""dispossessed"":{""t"":5.55,""c"":5.6},""errors_goal"":{""t"":0.1,""c"":0.15},""errors_shot"":{""t"":0.45,""c"":0.35},""fouls"":{""t"":12.45,""c"":12.6},""gk_saves"":{""t"":2.15,""c"":1.55},""interceptions"":{""t"":6.15,""c"":7.45},""tackles"":{""t"":12.45,""c"":11.95},""free_kicks"":{""t"":14.55,""c"":14.7},""goal_kicks"":{""t"":6.35,""c"":6},""throw_ins"":{""t"":21.3,""c"":18.7},""possession"":{""t"":55.25,""c"":44.75},""offsides"":{""t"":2.15,""c"":2},""passes"":{""t"":391.85,""c"":311.7},""touches_opp_box"":{""t"":19.25,""c"":17.7},""red_cards"":{""t"":0,""c"":0},""yellow_cards"":{""t"":1.8,""c"":2.2}}","{""goals"":{""t"":2.15,""c"":1},""corners"":{""t"":5.8,""c"":3.35},""cards"":{""t"":1.4,""c"":2},""crosses"":{""t"":4.45,""c"":3.25},""big_chance_created"":{""t"":0.25,""c"":0.4},""big_chance_missed"":{""t"":0.15,""c"":0.3},""big_chance_scored"":{""t"":0.1,""c"":0.1},""xg"":{""t"":1.92,""c"":0.86},""shots_on_target"":{""t"":5.4,""c"":2.5},""shots_in_box"":{""t"":8.35,""c"":4.5},""total_shots"":{""t"":15.15,""c"":7.4},""shots_outside_box"":{""t"":5.7,""c"":2.35},""clearances"":{""t"":15,""c"":20},""dispossessed"":{""t"":5.35,""c"":5.55},""errors_goal"":{""t"":0,""c"":0},""errors_shot"":{""t"":1,""c"":2.8},""fouls"":{""t"":9.75,""c"":9.65},""gk_saves"":{""t"":1.75,""c"":3.75},""interceptions"":{""t"":11.25,""c"":13.2},""tackles"":{""t"":3.2,""c"":3.3},""free_kicks"":{""t"":5.25,""c"":5.2},""goal_kicks"":{""t"":5.05,""c"":9.25},""throw_ins"":{""t"":19.4,""c"":17.9},""possession"":{""t"":48.3,""c"":36.7},""offsides"":{""t"":1.65,""c"":1.95},""passes"":{""t"":392.55,""c"":288.75},""touches_opp_box"":{""t"":23.25,""c"":10.9},""red_cards"":{""t"":0.05,""c"":0},""yellow_cards"":{""t"":1.35,""c"":2}}","","","PAOK","","","","{""corners_home"":2,""corners_away"":1,""goals_home"":2,""goals_away"":3,""shots_home"":5,""shots_away"":7,""cards_home"":1,""cards_away"":3,""fouls_home"":13,""fouls_away"":10,""totalshots_home"":10,""totalshots_away"":14,""saves_home"":4,""saves_away"":3,""btts"":1}","","Dinamo Kyev","{""xc_casa"":5.55,""xc_fora"":4.82,""xc_total"":10.37,""dc"":{""base"":5.1,""indice_ofensivo"":1.0516,""indice_defensivo"":0.7898,""indice_composto"":0.9469,""detalhes_of"":{""shots_on_target"":[0.27,1.256],""shots_in_box"":[0.22,1.125],""big_chance_missed"":[0.13,0.24],""crosses"":[0.13,1.113],""touches_opp_box"":[0.13,1.136],""total_shots"":[0.1,1.217],""possession"":[0.08,1.038]},""detalhes_def"":{""gk_saves"":[0.5,0.504],""clearances"":[0.25,1.378],""shots_ced"":[0.25,0.773]}},""df"":{""base"":4.125,""indice_ofensivo"":1.182,""indice_defensivo"":1.1459,""indice_composto"":1.1676,""detalhes_of"":{""shots_on_target"":[0.27,1.138],""shots_in_box"":[0.22,1.126],""big_chance_missed"":[0.13,1.556],""crosses"":[0.13,0.976],""touches_opp_box"":[0.13,1.277],""total_shots"":[0.1,1.066],""possession"":[0.08,1.202]},""detalhes_def"":{""gk_saves"":[0.5,1.068],""clearances"":[0.25,1.588],""shots_ced"":[0.25,0.859]}},""xg_casa"":1.42,""xg_fora"":1.43,""xg_total"":2.85,""xs_casa"":3.88,""xs_fora"":3.68,""xs_total"":7.56,""p_btts"":0.4499,""db"":{""xg_casa"":1.42,""xg_fora"":1.43,""p_casa_marca"":0.7583,""p_fora_marca"":0.7607},""xcard_casa"":1.57,""xcard_fora"":1.98,""xcard_total"":3.55,""xfouls_casa"":12.51,""xfouls_fora"":15.56,""xfouls_total"":28.07,""xsaves_casa"":2.02,""xsaves_fora"":3.11,""xsaves_total"":5.13,""xtotalshots_casa"":11.5,""xtotalshots_fora"":10.1,""xtotalshots_total"":21.6,""p_casa_vence"":0.3726,""p_empate"":0.2502,""p_fora_vence"":0.3771,""placares_top5"":[{""placar"":""1×1"",""prob"":0.1175},{""placar"":""1×2"",""prob"":0.084},{""placar"":""2×1"",""prob"":0.0834},{""placar"":""0×1"",""prob"":0.0827},{""placar"":""1×0"",""prob"":0.0821}]}","completed","6a6206a7d17130686f2f3cd5","2026-07-23T12:18:47.598000","2026-07-28T12:10:53.772000","6a397687c9763709d6ee2143","lauremank622@gmail.com","false"
"2026-07-23","{""goals"":{""t"":1.9,""c"":1.55},""corners"":{""t"":4.75,""c"":4.5},""cards"":{""t"":2.6,""c"":1.8},""crosses"":{""t"":3.2,""c"":3.3},""big_chance_created"":{""t"":2.8,""c"":2.85},""big_chance_missed"":{""t"":1.55,""c"":1.8},""big_chance_scored"":{""t"":1.25,""c"":1.05},""xg"":{""t"":0.04,""c"":0.3},""shots_on_target"":{""t"":5,""c"":4.55},""shots_in_box"":{""t"":9.15,""c"":7.9},""total_shots"":{""t"":13.1,""c"":12.75},""shots_outside_box"":{""t"":3.95,""c"":4.85},""clearances"":{""t"":20.9,""c"":19.85},""dispossessed"":{""t"":7.9,""c"":7.35},""errors_goal"":{""t"":0.15,""c"":0.05},""errors_shot"":{""t"":0.8,""c"":0.5},""fouls"":{""t"":13.35,""c"":13.65},""gk_saves"":{""t"":2.95,""c"":3.1},""interceptions"":{""t"":7.25,""c"":7.75},""tackles"":{""t"":15.85,""c"":15.75},""free_kicks"":{""t"":15.4,""c"":14.65},""goal_kicks"":{""t"":7.9,""c"":7.9},""throw_ins"":{""t"":17.65,""c"":21},""possession"":{""t"":50.5,""c"":49.5},""offsides"":{""t"":1.55,""c"":2},""passes"":{""t"":378.85,""c"":370},""touches_opp_box"":{""t"":22.1,""c"":19.25},""red_cards"":{""t"":0.1,""c"":0.05},""yellow_cards"":{""t"":2.5,""c"":1.75}}","{""goals"":{""t"":1.05,""c"":2.15},""corners"":{""t"":0.8,""c"":2.65},""cards"":{""t"":2.05,""c"":1.3},""crosses"":{""t"":0.6,""c"":1.8},""big_chance_created"":{""t"":0.35,""c"":1.25},""big_chance_missed"":{""t"":0.25,""c"":0.6},""big_chance_scored"":{""t"":0.1,""c"":0.65},""xg"":{""t"":0.16,""c"":0.64},""shots_on_target"":{""t"":0.8,""c"":2.15},""shots_in_box"":{""t"":1.35,""c"":3.65},""total_shots"":{""t"":2.45,""c"":6.05},""shots_outside_box"":{""t"":1.1,""c"":2.4},""clearances"":{""t"":8.45,""c"":4.25},""dispossessed"":{""t"":3,""c"":3.55},""errors_goal"":{""t"":0.05,""c"":0},""errors_shot"":{""t"":0.1,""c"":0},""fouls"":{""t"":3.9,""c"":4.65},""gk_saves"":{""t"":1.25,""c"":0.6},""interceptions"":{""t"":3.4,""c"":2.85},""tackles"":{""t"":6.8,""c"":6.2},""free_kicks"":{""t"":5,""c"":4.2},""goal_kicks"":{""t"":3.5,""c"":1.75},""throw_ins"":{""t"":5.6,""c"":8.45},""possession"":{""t"":14.25,""c"":20.75},""offsides"":{""t"":0.35,""c"":0.45},""passes"":{""t"":128.5,""c"":183.45},""touches_opp_box"":{""t"":0.85,""c"":1.85},""red_cards"":{""t"":0.15,""c"":0.05},""yellow_cards"":{""t"":1.9,""c"":1.25}}","","","Tel Aviv","","","","{""corners_home"":4,""corners_away"":5,""goals_home"":0,""goals_away"":5,""shots_home"":6,""shots_away"":12,""cards_home"":5,""cards_away"":1,""fouls_home"":12,""fouls_away"":9,""saves_home"":7,""saves_away"":6,""totalshots_home"":10,""totalshots_away"":19,""btts"":0}","","Sheriff","{""xc_casa"":2.95,""xc_fora"":3.91,""xc_total"":6.86,""dc"":{""base"":2.65,""indice_ofensivo"":0.2789,""indice_defensivo"":2,""indice_composto"":0.9674,""detalhes_of"":{""shots_on_target"":[0.27,0.299],""shots_in_box"":[0.22,0.292],""big_chance_missed"":[0.13,0.244],""crosses"":[0.13,0.308],""touches_opp_box"":[0.13,0.085],""total_shots"":[0.1,0.322],""possession"":[0.08,0.447]},""detalhes_def"":{""gk_saves"":[0.5,2],""clearances"":[0.25,2],""shots_ced"":[0.25,2]}},""df"":{""base"":3.7,""indice_ofensivo"":1.4492,""indice_defensivo"":0.4701,""indice_composto"":1.0576,""detalhes_of"":{""shots_on_target"":[0.27,1.399],""shots_in_box"":[0.22,1.43],""big_chance_missed"":[0.13,1.442],""crosses"":[0.13,1.28],""touches_opp_box"":[0.13,1.846],""total_shots"":[0.1,1.368],""possession"":[0.08,1.418]},""detalhes_def"":{""gk_saves"":[0.5,0.262],""clearances"":[0.25,0.716],""shots_ced"":[0.25,0.64]}},""xg_casa"":1.41,""xg_fora"":1.77,""xg_total"":3.18,""xs_casa"":2.57,""xs_fora"":3.77,""xs_total"":6.34,""p_btts"":0.5519,""db"":{""xg_casa"":1.41,""xg_fora"":1.77,""p_casa_marca"":0.7559,""p_fora_marca"":0.8297},""xcard_casa"":1.23,""xcard_fora"":2.71,""xcard_total"":3.94,""xfouls_casa"":5.71,""xfouls_fora"":16.5,""xfouls_total"":22.21,""xsaves_casa"":2.71,""xsaves_fora"":0.59,""xsaves_total"":3.3,""xtotalshots_casa"":1.86,""xtotalshots_fora"":14.42,""xtotalshots_total"":16.28,""p_casa_vence"":0.3076,""p_empate"":0.2312,""p_fora_vence"":0.4611,""placares_top5"":[{""placar"":""1×1"",""prob"":0.1038},{""placar"":""1×2"",""prob"":0.0919},{""placar"":""0×1"",""prob"":0.0736},{""placar"":""2×1"",""prob"":0.0732},{""placar"":""0×2"",""prob"":0.0651}]}","completed","6a62064abdd828923e2f1078","2026-07-23T12:17:14.766000","2026-07-28T12:09:38.963000","6a397687c9763709d6ee2143","lauremank622@gmail.com","false"
"2026-07-23","{""goals"":{""t"":1.35,""c"":2.1},""corners"":{""t"":2.8,""c"":4.85},""cards"":{""t"":2.35,""c"":2.2},""crosses"":{""t"":3.15,""c"":6},""big_chance_created"":{""t"":1.45,""c"":3.55},""big_chance_missed"":{""t"":0.9,""c"":2.3},""big_chance_scored"":{""t"":0.55,""c"":1.25},""xg"":{""t"":0.79,""c"":1.95},""shots_on_target"":{""t"":2.95,""c"":5.45},""shots_in_box"":{""t"":4.6,""c"":9.9},""total_shots"":{""t"":8.75,""c"":18.4},""shots_outside_box"":{""t"":4.15,""c"":8.5},""clearances"":{""t"":26.2,""c"":15.05},""dispossessed"":{""t"":10,""c"":7},""errors_goal"":{""t"":0.05,""c"":0.1},""errors_shot"":{""t"":0.4,""c"":0.25},""fouls"":{""t"":11.2,""c"":11},""gk_saves"":{""t"":3.55,""c"":2},""interceptions"":{""t"":9.1,""c"":8.6},""tackles"":{""t"":14.8,""c"":18.2},""free_kicks"":{""t"":12.85,""c"":12.95},""goal_kicks"":{""t"":12.25,""c"":5.95},""throw_ins"":{""t"":19.55,""c"":21.65},""possession"":{""t"":40.25,""c"":59.75},""offsides"":{""t"":1.95,""c"":1.95},""passes"":{""t"":322.25,""c"":487.55},""touches_opp_box"":{""t"":11.4,""c"":22.35},""red_cards"":{""t"":0.25,""c"":0.15},""yellow_cards"":{""t"":2.1,""c"":2.05}}","{""goals"":{""t"":1.75,""c"":1.2},""corners"":{""t"":4.35,""c"":5},""cards"":{""t"":2.7,""c"":2.9},""crosses"":{""t"":3.25,""c"":5.95},""big_chance_created"":{""t"":1.1,""c"":1.05},""big_chance_missed"":{""t"":0.45,""c"":0.65},""big_chance_scored"":{""t"":0.65,""c"":0.4},""xg"":{""t"":1.05,""c"":0.86},""shots_on_target"":{""t"":4.3,""c"":4.55},""shots_in_box"":{""t"":6.75,""c"":6.75},""total_shots"":{""t"":11.65,""c"":14.05},""shots_outside_box"":{""t"":4.95,""c"":7.3},""clearances"":{""t"":24.15,""c"":21.95},""dispossessed"":{""t"":5.6,""c"":5.5},""errors_goal"":{""t"":0.05,""c"":0.15},""errors_shot"":{""t"":0,""c"":0.15},""fouls"":{""t"":11.9,""c"":9.35},""gk_saves"":{""t"":3.65,""c"":2.65},""interceptions"":{""t"":7.9,""c"":7.9},""tackles"":{""t"":11.6,""c"":12.3},""free_kicks"":{""t"":10.65,""c"":13.4},""goal_kicks"":{""t"":10.25,""c"":8.55},""throw_ins"":{""t"":19.95,""c"":20.5},""possession"":{""t"":45.9,""c"":54.1},""offsides"":{""t"":1.5,""c"":1.45},""passes"":{""t"":323.25,""c"":383.6},""touches_opp_box"":{""t"":14.2,""c"":16.35},""red_cards"":{""t"":0.1,""c"":0.2},""yellow_cards"":{""t"":2.6,""c"":2.7}}","","","Caracas","","","","{""corners_home"":5,""corners_away"":2,""goals_home"":2,""goals_away"":0,""cards_home"":0,""cards_away"":0,""fouls_home"":10,""fouls_away"":6,""saves_home"":0,""saves_away"":1,""totalshots_home"":13,""totalshots_away"":10,""shots_home"":3,""shots_away"":1,""btts"":0}","","Santa Fé","{""xc_casa"":4.4,""xc_fora"":3.88,""xc_total"":8.28,""dc"":{""base"":4.6,""indice_ofensivo"":0.7533,""indice_defensivo"":0.9477,""indice_composto"":0.8311,""detalhes_of"":{""shots_on_target"":[0.27,0.882],""shots_in_box"":[0.22,0.811],""big_chance_missed"":[0.13,0.327],""crosses"":[0.13,0.703],""touches_opp_box"":[0.13,0.777],""total_shots"":[0.1,0.775],""possession"":[0.08,0.869]},""detalhes_def"":{""gk_saves"":[0.5,0.659],""clearances"":[0.25,1.356],""shots_ced"":[0.25,1.118]}},""df"":{""base"":3.9,""indice_ofensivo"":0.8335,""indice_defensivo"":1.2378,""indice_composto"":0.9952,""detalhes_of"":{""shots_on_target"":[0.27,0.787],""shots_in_box"":[0.22,0.811],""big_chance_missed"":[0.13,1.161],""crosses"":[0.13,0.692],""touches_opp_box"":[0.13,0.822],""total_shots"":[0.1,0.768],""possession"":[0.08,0.853]},""detalhes_def"":{""gk_saves"":[0.5,0.943],""clearances"":[0.25,1.819],""shots_ced"":[0.25,1.248]}},""xg_casa"":1.67,""xg_fora"":1.19,""xg_total"":2.86,""xs_casa"":3.96,""xs_fora"":3.94,""xs_total"":7.9,""p_btts"":0.4405,""db"":{""xg_casa"":1.67,""xg_fora"":1.19,""p_casa_marca"":0.8118,""p_fora_marca"":0.6958},""xcard_casa"":2.19,""xcard_fora"":2.89,""xcard_total"":5.08,""xfouls_casa"":13.23,""xfouls_fora"":14.21,""xfouls_total"":27.44,""xsaves_casa"":2.48,""xsaves_fora"":2.35,""xsaves_total"":4.83,""xtotalshots_casa"":10.84,""xtotalshots_fora"":10.04,""xtotalshots_total"":20.88,""p_casa_vence"":0.4859,""p_empate"":0.2418,""p_fora_vence"":0.2723,""placares_top5"":[{""placar"":""1×1"",""prob"":0.1138},{""placar"":""1×0"",""prob"":0.0956},{""placar"":""2×1"",""prob"":0.095},{""placar"":""2×0"",""prob"":0.0799},{""placar"":""0×1"",""prob"":0.0681}]}","completed","6a62062c8f1b5a252a3a321a","2026-07-23T12:16:44.495000","2026-07-24T10:48:44.595000","6a397687c9763709d6ee2143","lauremank622@gmail.com","false"
"2026-07-23","{""goals"":{""t"":1.1,""c"":0.9},""corners"":{""t"":3.9,""c"":4.9},""cards"":{""t"":2.75,""c"":2.9},""crosses"":{""t"":3.9,""c"":4.6},""big_chance_created"":{""t"":1.5,""c"":1.85},""big_chance_missed"":{""t"":0.8,""c"":1.35},""big_chance_scored"":{""t"":0.7,""c"":0.5},""xg"":{""t"":1,""c"":1.13},""shots_on_target"":{""t"":3.7,""c"":3.95},""shots_in_box"":{""t"":6.1,""c"":7.45},""total_shots"":{""t"":11.75,""c"":13.15},""shots_outside_box"":{""t"":5.65,""c"":5.7},""clearances"":{""t"":25.15,""c"":24.35},""dispossessed"":{""t"":7.65,""c"":7.4},""errors_goal"":{""t"":0.15,""c"":0.1},""errors_shot"":{""t"":0.4,""c"":0.45},""fouls"":{""t"":12.55,""c"":14.3},""gk_saves"":{""t"":2.9,""c"":2.45},""interceptions"":{""t"":8.4,""c"":8.9},""tackles"":{""t"":13.95,""c"":15.95},""free_kicks"":{""t"":14.8,""c"":14.05},""goal_kicks"":{""t"":9.35,""c"":7.45},""throw_ins"":{""t"":16.9,""c"":16.85},""possession"":{""t"":55.05,""c"":44.95},""offsides"":{""t"":1.55,""c"":0.75},""passes"":{""t"":434.8,""c"":357.95},""touches_opp_box"":{""t"":14.7,""c"":20.2},""red_cards"":{""t"":0.3,""c"":0.35},""yellow_cards"":{""t"":2.45,""c"":2.55}}","{""goals"":{""t"":1.8,""c"":1.05},""corners"":{""t"":5.4,""c"":3},""cards"":{""t"":2.05,""c"":3.3},""crosses"":{""t"":4.35,""c"":3.55},""big_chance_created"":{""t"":2.1,""c"":1.3},""big_chance_missed"":{""t"":1,""c"":0.75},""big_chance_scored"":{""t"":1.1,""c"":0.55},""xg"":{""t"":1.06,""c"":0.87},""shots_on_target"":{""t"":6.3,""c"":3.7},""shots_in_box"":{""t"":8.75,""c"":6.1},""total_shots"":{""t"":16.2,""c"":11.5},""shots_outside_box"":{""t"":7.45,""c"":5.4},""clearances"":{""t"":16.4,""c"":24},""dispossessed"":{""t"":6.55,""c"":8},""errors_goal"":{""t"":0.1,""c"":0.05},""errors_shot"":{""t"":0.15,""c"":0.2},""fouls"":{""t"":10.7,""c"":12.45},""gk_saves"":{""t"":2.75,""c"":4.55},""interceptions"":{""t"":6.35,""c"":7.15},""tackles"":{""t"":14.15,""c"":14},""free_kicks"":{""t"":14.15,""c"":12.65},""goal_kicks"":{""t"":8.7,""c"":10.8},""throw_ins"":{""t"":21.35,""c"":16.8},""possession"":{""t"":59.3,""c"":40.7},""offsides"":{""t"":2.05,""c"":2},""passes"":{""t"":449.4,""c"":313.15},""touches_opp_box"":{""t"":22.3,""c"":15.2},""red_cards"":{""t"":0.1,""c"":0.25},""yellow_cards"":{""t"":1.95,""c"":3.05}}","","","Gremio","","","","{""corners_home"":6,""corners_away"":6,""goals_home"":3,""goals_away"":2,""cards_home"":0,""cards_away"":2,""fouls_home"":12,""fouls_away"":5,""saves_home"":2,""saves_away"":7,""totalshots_home"":31,""totalshots_away"":13,""shots_home"":10,""shots_away"":5,""btts"":1}","","Bolivar","{""xc_casa"":5.89,""xc_fora"":3.79,""xc_total"":9.68,""dc"":{""base"":5.15,""indice_ofensivo"":1.0796,""indice_defensivo"":0.8675,""indice_composto"":0.9948,""detalhes_of"":{""shots_on_target"":[0.27,1.229],""shots_in_box"":[0.22,1.08],""big_chance_missed"":[0.13,0.851],""crosses"":[0.13,0.972],""touches_opp_box"":[0.13,1.049],""total_shots"":[0.1,1.104],""possession"":[0.08,1.138]},""detalhes_def"":{""gk_saves"":[0.5,0.623],""clearances"":[0.25,1.42],""shots_ced"":[0.25,0.805]}},""df"":{""base"":3.45,""indice_ofensivo"":1.02,""indice_defensivo"":1.2143,""indice_composto"":1.0977,""detalhes_of"":{""shots_on_target"":[0.27,1],""shots_in_box"":[0.22,1],""big_chance_missed"":[0.13,1.032],""crosses"":[0.13,1.047],""touches_opp_box"":[0.13,0.983],""total_shots"":[0.1,1.011],""possession"":[0.08,1.15]},""detalhes_def"":{""gk_saves"":[0.5,1.107],""clearances"":[0.25,1.642],""shots_ced"":[0.25,1]}},""xg_casa"":1.48,""xg_fora"":1.12,""xg_total"":2.6,""xs_casa"":5.26,""xs_fora"":4.24,""xs_total"":9.5,""p_btts"":0.4059,""db"":{""xg_casa"":1.48,""xg_fora"":1.12,""p_casa_marca"":0.7724,""p_fora_marca"":0.6737},""xcard_casa"":2.18,""xcard_fora"":3.05,""xcard_total"":5.23,""xfouls_casa"":14.8,""xfouls_fora"":16.16,""xfouls_total"":30.96,""xsaves_casa"":2.66,""xsaves_fora"":4.17,""xsaves_total"":6.83,""xtotalshots_casa"":15.58,""xtotalshots_fora"":12.05,""xtotalshots_total"":27.63,""p_casa_vence"":0.4544,""p_empate"":0.2588,""p_fora_vence"":0.2867,""placares_top5"":[{""placar"":""1×1"",""prob"":0.1231},{""placar"":""1×0"",""prob"":0.1099},{""placar"":""2×1"",""prob"":0.0911},{""placar"":""0×1"",""prob"":0.0832},{""placar"":""2×0"",""prob"":0.0813}]}","completed","6a62060fbc8e4fdf6d1a92de","2026-07-23T12:16:15.300000","2026-07-24T10:47:47.572000","6a397687c9763709d6ee2143","lauremank622@gmail.com","false"
"2026-07-23","{""goals"":{""t"":1.25,""c"":1.35},""corners"":{""t"":3.6,""c"":5.05},""cards"":{""t"":2.5,""c"":2.7},""crosses"":{""t"":3.15,""c"":5.35},""big_chance_created"":{""t"":1.5,""c"":2.15},""big_chance_missed"":{""t"":0.8,""c"":1.4},""big_chance_scored"":{""t"":0.7,""c"":0.75},""xg"":{""t"":0.9,""c"":1.44},""shots_on_target"":{""t"":4.15,""c"":4.65},""shots_in_box"":{""t"":6.05,""c"":9},""total_shots"":{""t"":10.5,""c"":14.9},""shots_outside_box"":{""t"":4.45,""c"":5.9},""clearances"":{""t"":26.85,""c"":23.85},""dispossessed"":{""t"":7.05,""c"":7.2},""errors_goal"":{""t"":0,""c"":0.15},""errors_shot"":{""t"":0.25,""c"":0.35},""fouls"":{""t"":13.05,""c"":15.15},""gk_saves"":{""t"":3.3,""c"":2.8},""interceptions"":{""t"":9.15,""c"":7.85},""tackles"":{""t"":15.3,""c"":14.15},""free_kicks"":{""t"":16,""c"":14.2},""goal_kicks"":{""t"":8.65,""c"":5.25},""throw_ins"":{""t"":17.4,""c"":19.3},""possession"":{""t"":43.85,""c"":56.15},""offsides"":{""t"":1.35,""c"":1.05},""passes"":{""t"":342.9,""c"":431.35},""touches_opp_box"":{""t"":13.35,""c"":17.75},""red_cards"":{""t"":0.05,""c"":0.2},""yellow_cards"":{""t"":2.45,""c"":2.5}}","{""goals"":{""t"":1.95,""c"":1.35},""corners"":{""t"":5.3,""c"":4.55},""cards"":{""t"":2.75,""c"":2.5},""crosses"":{""t"":5.55,""c"":4.8},""big_chance_created"":{""t"":3.45,""c"":2.2},""big_chance_missed"":{""t"":2.25,""c"":1.4},""big_chance_scored"":{""t"":1.2,""c"":0.8},""xg"":{""t"":1.8,""c"":1.18},""shots_on_target"":{""t"":6.65,""c"":4.6},""shots_in_box"":{""t"":11.05,""c"":8.1},""total_shots"":{""t"":17.45,""c"":13.25},""shots_outside_box"":{""t"":6.4,""c"":5.15},""clearances"":{""t"":22.4,""c"":28.95},""dispossessed"":{""t"":7.4,""c"":7.85},""errors_goal"":{""t"":0.25,""c"":0.3},""errors_shot"":{""t"":0.4,""c"":0.45},""fouls"":{""t"":12.4,""c"":11.3},""gk_saves"":{""t"":3.35,""c"":4.65},""interceptions"":{""t"":8.2,""c"":8.45},""tackles"":{""t"":15.4,""c"":14.8},""free_kicks"":{""t"":12.85,""c"":13.4},""goal_kicks"":{""t"":7.3,""c"":10.95},""throw_ins"":{""t"":20.15,""c"":17.8},""possession"":{""t"":51.65,""c"":48.35},""offsides"":{""t"":1,""c"":1.6},""passes"":{""t"":400.25,""c"":369.9},""touches_opp_box"":{""t"":23.95,""c"":17.1},""red_cards"":{""t"":0.05,""c"":0.1},""yellow_cards"":{""t"":2.7,""c"":2.4}}","","","Vitória","","","","{""corners_home"":9,""corners_away"":3,""goals_home"":0,""goals_away"":0,""cards_home"":1,""cards_away"":1,""fouls_home"":16,""fouls_away"":14,""saves_home"":1,""saves_away"":6,""totalshots_home"":19,""totalshots_away"":5,""shots_home"":6,""shots_away"":1,""btts"":0}","","Botafogo","{""xc_casa"":6.05,""xc_fora"":4.12,""xc_total"":10.17,""dc"":{""base"":5.175,""indice_ofensivo"":1.1196,""indice_defensivo"":0.8635,""indice_composto"":1.0172,""detalhes_of"":{""shots_on_target"":[0.27,1.177],""shots_in_box"":[0.22,1.102],""big_chance_missed"":[0.13,1.233],""crosses"":[0.13,1.018],""touches_opp_box"":[0.13,1.149],""total_shots"":[0.1,1.079],""possession"":[0.08,0.958]},""detalhes_def"":{""gk_saves"":[0.5,0.656],""clearances"":[0.25,1.291],""shots_ced"":[0.25,0.851]}},""df"":{""base"":4.075,""indice_ofensivo"":0.8682,""indice_defensivo"":1.2262,""indice_composto"":1.0114,""detalhes_of"":{""shots_on_target"":[0.27,0.949],""shots_in_box"":[0.22,0.855],""big_chance_missed"":[0.13,0.727],""crosses"":[0.13,0.792],""touches_opp_box"":[0.13,0.877],""total_shots"":[0.1,0.884],""possession"":[0.08,0.951]},""detalhes_def"":{""gk_saves"":[0.5,1.057],""clearances"":[0.25,1.741],""shots_ced"":[0.25,1.051]}},""xg_casa"":1.87,""xg_fora"":1.22,""xg_total"":3.09,""xs_casa"":5.85,""xs_fora"":4.59,""xs_total"":10.44,""p_btts"":0.5246,""db"":{""xg_casa"":1.87,""xg_fora"":1.22,""p_casa_marca"":0.8459,""p_fora_marca"":0.7048},""xcard_casa"":2.52,""xcard_fora"":2.51,""xcard_total"":5.03,""xfouls_casa"":17.38,""xfouls_fora"":15.57,""xfouls_total"":32.95,""xsaves_casa"":2.72,""xsaves_fora"":4.57,""xsaves_total"":7.29,""xtotalshots_casa"":18.01,""xtotalshots_fora"":10.16,""xtotalshots_total"":28.17,""p_casa_vence"":0.5257,""p_empate"":0.2259,""p_fora_vence"":0.2483,""placares_top5"":[{""placar"":""1×1"",""prob"":0.1038},{""placar"":""2×1"",""prob"":0.0971},{""placar"":""1×0"",""prob"":0.0851},{""placar"":""2×0"",""prob"":0.0796},{""placar"":""1×2"",""prob"":0.0633}]}","completed","6a6205f62e74b3b017b78419","2026-07-23T12:15:50.390000","2026-07-24T10:46:25.381000","6a397687c9763709d6ee2143","lauremank622@gmail.com","false"
"2026-07-23","{""goals"":{""t"":1.3,""c"":1.55},""corners"":{""t"":4.45,""c"":6.85},""cards"":{""t"":2.05,""c"":2.05},""crosses"":{""t"":3.5,""c"":5.9},""big_chance_created"":{""t"":2.05,""c"":2.45},""big_chance_missed"":{""t"":1.15,""c"":1.45},""big_chance_scored"":{""t"":0.9,""c"":1},""xg"":{""t"":1.01,""c"":1.33},""shots_on_target"":{""t"":4.05,""c"":5.35},""shots_in_box"":{""t"":6,""c"":9},""total_shots"":{""t"":11.8,""c"":13.85},""shots_outside_box"":{""t"":5.8,""c"":4.85},""clearances"":{""t"":27.7,""c"":24.2},""dispossessed"":{""t"":6.4,""c"":7.9},""errors_goal"":{""t"":0.2,""c"":0.15},""errors_shot"":{""t"":0.15,""c"":0.3},""fouls"":{""t"":11.55,""c"":12.35},""gk_saves"":{""t"":3.95,""c"":2.75},""interceptions"":{""t"":10.15,""c"":8.15},""tackles"":{""t"":16.1,""c"":11.8},""free_kicks"":{""t"":15.8,""c"":13.05},""goal_kicks"":{""t"":8.15,""c"":7.05},""throw_ins"":{""t"":17.9,""c"":19.1},""possession"":{""t"":41.9,""c"":58.1},""offsides"":{""t"":1.55,""c"":3.55},""passes"":{""t"":329.7,""c"":468.8},""touches_opp_box"":{""t"":12.2,""c"":24.25},""red_cards"":{""t"":0.15,""c"":0},""yellow_cards"":{""t"":1.9,""c"":2.05}}","{""goals"":{""t"":1.1,""c"":0.85},""corners"":{""t"":5.15,""c"":3.95},""cards"":{""t"":2.05,""c"":2.5},""crosses"":{""t"":5.45,""c"":3},""big_chance_created"":{""t"":1.85,""c"":1.1},""big_chance_missed"":{""t"":1.15,""c"":0.55},""big_chance_scored"":{""t"":0.7,""c"":0.55},""xg"":{""t"":0.95,""c"":0.8},""shots_on_target"":{""t"":4.45,""c"":3.6},""shots_in_box"":{""t"":7.3,""c"":4.9},""total_shots"":{""t"":13.5,""c"":11.1},""shots_outside_box"":{""t"":6.2,""c"":6.2},""clearances"":{""t"":21.9,""c"":24.45},""dispossessed"":{""t"":6.05,""c"":7},""errors_goal"":{""t"":0.2,""c"":0.1},""errors_shot"":{""t"":0.3,""c"":0.25},""fouls"":{""t"":11.75,""c"":14.7},""gk_saves"":{""t"":2.85,""c"":3.3},""interceptions"":{""t"":8.1,""c"":9.8},""tackles"":{""t"":13.7,""c"":13.35},""free_kicks"":{""t"":16.15,""c"":13.15},""goal_kicks"":{""t"":7.1,""c"":8.15},""throw_ins"":{""t"":19.5,""c"":20.2},""possession"":{""t"":57.7,""c"":42.3},""offsides"":{""t"":1.5,""c"":1.45},""passes"":{""t"":466.45,""c"":337.3},""touches_opp_box"":{""t"":15.25,""c"":12.2},""red_cards"":{""t"":0.2,""c"":0.15},""yellow_cards"":{""t"":1.85,""c"":2.35}}","","","Remo","","","","{""corners_home"":3,""corners_away"":4,""goals_home"":3,""goals_away"":0,""cards_home"":1,""cards_away"":1,""fouls_home"":12,""fouls_away"":9,""saves_home"":0,""saves_away"":4,""totalshots_home"":15,""totalshots_away"":3,""shots_home"":7,""shots_away"":0,""btts"":0}","","Corinthians","{""xc_casa"":6.63,""xc_fora"":4.6,""xc_total"":11.23,""dc"":{""base"":6,""indice_ofensivo"":0.9065,""indice_defensivo"":1.0435,""indice_composto"":0.9613,""detalhes_of"":{""shots_on_target"":[0.27,0.908],""shots_in_box"":[0.22,0.896],""big_chance_missed"":[0.13,0.885],""crosses"":[0.13,0.96],""touches_opp_box"":[0.13,0.772],""total_shots"":[0.1,0.987],""possession"":[0.08,0.997]},""detalhes_def"":{""gk_saves"":[0.5,0.78],""clearances"":[0.25,1.525],""shots_ced"":[0.25,1.09]}},""df"":{""base"":4.2,""indice_ofensivo"":1.0912,""indice_defensivo"":1.1018,""indice_composto"":1.0954,""detalhes_of"":{""shots_on_target"":[0.27,1.059],""shots_in_box"":[0.22,1.101],""big_chance_missed"":[0.13,1.353],""crosses"":[0.13,1.077],""touches_opp_box"":[0.13,1],""total_shots"":[0.1,1.031],""possession"":[0.08,0.995]},""detalhes_def"":{""gk_saves"":[0.5,0.901],""clearances"":[0.25,1.663],""shots_ced"":[0.25,0.942]}},""xg_casa"":1.34,""xg_fora"":1.11,""xg_total"":2.45,""xs_casa"":4.75,""xs_fora"":4.39,""xs_total"":9.14,""p_btts"":0.386,""db"":{""xg_casa"":1.34,""xg_fora"":1.11,""p_casa_marca"":0.7382,""p_fora_marca"":0.6704},""xcard_casa"":1.82,""xcard_fora"":2.26,""xcard_total"":4.08,""xfouls_casa"":14.87,""xfouls_fora"":16.64,""xfouls_total"":31.51,""xsaves_casa"":3.12,""xsaves_fora"":3.26,""xsaves_total"":6.38,""xtotalshots_casa"":12,""xtotalshots_fora"":12.62,""xtotalshots_total"":24.62,""p_casa_vence"":0.4196,""p_empate"":0.271,""p_fora_vence"":0.3093,""placares_top5"":[{""placar"":""1×1"",""prob"":0.1284},{""placar"":""1×0"",""prob"":0.1156},{""placar"":""0×1"",""prob"":0.0958},{""placar"":""0×0"",""prob"":0.0863},{""placar"":""2×1"",""prob"":0.086}]}","completed","6a6205d9ee72c64882cdce37","2026-07-23T12:15:21.821000","2026-07-24T10:45:41.275000","6a397687c9763709d6ee2143","lauremank622@gmail.com","false"
"2026-07-22","{""goals"":{""t"":0.9,""c"":1.55},""corners"":{""t"":1.45,""c"":2.05},""cards"":{""t"":1.3,""c"":1.05},""crosses"":{""t"":1.1,""c"":1},""big_chance_created"":{""t"":0.45,""c"":0.95},""big_chance_missed"":{""t"":0.3,""c"":0.45},""big_chance_scored"":{""t"":0.15,""c"":0.5},""xg"":{""t"":0.31,""c"":0.56},""shots_on_target"":{""t"":0.95,""c"":1.85},""shots_in_box"":{""t"":2.3,""c"":2.45},""total_shots"":{""t"":3.8,""c"":4.55},""shots_outside_box"":{""t"":1.15,""c"":1.3},""clearances"":{""t"":6.7,""c"":8.5},""dispossessed"":{""t"":2.85,""c"":2.85},""errors_goal"":{""t"":0.05,""c"":0.05},""errors_shot"":{""t"":0.15,""c"":0.15},""fouls"":{""t"":5.35,""c"":3.2},""gk_saves"":{""t"":1.1,""c"":0.75},""interceptions"":{""t"":3.75,""c"":2.3},""tackles"":{""t"":4.95,""c"":5.5},""free_kicks"":{""t"":3.5,""c"":5.7},""goal_kicks"":{""t"":2.65,""c"":2.5},""throw_ins"":{""t"":6.35,""c"":7.3},""possession"":{""t"":14.2,""c"":20.8},""offsides"":{""t"":0.6,""c"":0.35},""passes"":{""t"":107.8,""c"":152.05},""touches_opp_box"":{""t"":5.9,""c"":6.45},""red_cards"":{""t"":0.05,""c"":0.05},""yellow_cards"":{""t"":1.25,""c"":1}}","{""goals"":{""t"":1.28,""c"":1.78},""corners"":{""t"":2.22,""c"":3.78},""cards"":{""t"":1.17,""c"":1.28},""crosses"":{""t"":0.56,""c"":1.33},""big_chance_created"":{""t"":0.33,""c"":0.56},""big_chance_missed"":{""t"":0.22,""c"":0.28},""big_chance_scored"":{""t"":0.11,""c"":0.28},""xg"":{""t"":0,""c"":0},""shots_on_target"":{""t"":1.61,""c"":2.06},""shots_in_box"":{""t"":1.17,""c"":2.94},""total_shots"":{""t"":4.28,""c"":5.44},""shots_outside_box"":{""t"":1.22,""c"":1.5},""clearances"":{""t"":6.5,""c"":2.39},""dispossessed"":{""t"":2.78,""c"":2.5},""errors_goal"":{""t"":0,""c"":0},""errors_shot"":{""t"":0,""c"":0},""fouls"":{""t"":5.06,""c"":5.39},""gk_saves"":{""t"":1.28,""c"":1.17},""interceptions"":{""t"":3.89,""c"":2.61},""tackles"":{""t"":5.06,""c"":5.17},""free_kicks"":{""t"":6.11,""c"":6.5},""goal_kicks"":{""t"":2.67,""c"":3.17},""throw_ins"":{""t"":7.5,""c"":9.44},""possession"":{""t"":8.39,""c"":13.83},""offsides"":{""t"":1.28,""c"":0.5},""passes"":{""t"":71.39,""c"":113.5},""touches_opp_box"":{""t"":0,""c"":0},""red_cards"":{""t"":0.06,""c"":0.06},""yellow_cards"":{""t"":1.11,""c"":1.22}}","","","MINSK","","","","{""corners_home"":5,""corners_away"":3,""goals_home"":2,""goals_away"":4,""shots_home"":4,""shots_away"":7,""cards_home"":1,""cards_away"":1,""saves_home"":3,""saves_away"":2,""totalshots_home"":13,""totalshots_away"":13,""fouls_home"":10,""fouls_away"":12,""btts"":1}","","NEFTCI","{""xc_casa"":2.18,""xc_fora"":2.85,""xc_total"":5.03,""dc"":{""base"":2.135,""indice_ofensivo"":0.7689,""indice_defensivo"":1.0646,""indice_composto"":0.8872,""detalhes_of"":{""shots_on_target"":[0.27,0.931],""shots_in_box"":[0.22,0.646],""big_chance_missed"":[0.13,0.657],""crosses"":[0.13,0.718],""touches_opp_box"":[0.13,0],""total_shots"":[0.1,0.969],""possession"":[0.08,0.575]},""detalhes_def"":{""gk_saves"":[0.5,0.583],""clearances"":[0.25,2],""shots_ced"":[0.25,1.092]}},""df"":{""base"":2.615,""indice_ofensivo"":0.9802,""indice_defensivo"":1.2543,""indice_composto"":1.0899,""detalhes_of"":{""shots_on_target"":[0.27,0.631],""shots_in_box"":[0.22,0.878],""big_chance_missed"":[0.13,1.034],""crosses"":[0.13,0.905],""touches_opp_box"":[0.13,2],""total_shots"":[0.1,0.823],""possession"":[0.08,1.013]},""detalhes_def"":{""gk_saves"":[0.5,1.16],""clearances"":[0.25,1.023],""shots_ced"":[0.25,1.675]}},""xg_casa"":1.22,""xg_fora"":1.56,""xg_total"":2.78,""xs_casa"":1.49,""xs_fora"":1.6,""xs_total"":3.09,""p_btts"":0.4342,""db"":{""xg_casa"":1.22,""xg_fora"":1.56,""p_casa_marca"":0.7048,""p_fora_marca"":0.7899},""xcard_casa"":1.12,""xcard_fora"":1.38,""xcard_total"":2.5,""xfouls_casa"":5.83,""xfouls_fora"":7.09,""xfouls_total"":12.92,""xsaves_casa"":0.93,""xsaves_fora"":0.89,""xsaves_total"":1.82,""xtotalshots_casa"":2.68,""xtotalshots_fora"":5.51,""xtotalshots_total"":8.19,""p_casa_vence"":0.2982,""p_empate"":0.2497,""p_fora_vence"":0.4521,""placares_top5"":[{""placar"":""1×1"",""prob"":0.1181},{""placar"":""0×1"",""prob"":0.0968},{""placar"":""1×2"",""prob"":0.0921},{""placar"":""1×0"",""prob"":0.0757},{""placar"":""0×2"",""prob"":0.0755}]}","completed","6a60a08a0263d69cad5d901f","2026-07-22T10:50:50.726000","2026-07-22T19:42:06.108000","6a397687c9763709d6ee2143","lauremank622@gmail.com","false"
"2026-07-22","{""goals"":{""t"":1.5,""c"":0.85},""corners"":{""t"":4.95,""c"":3.15},""cards"":{""t"":1.2,""c"":1.2},""crosses"":{""t"":5.35,""c"":2.5},""big_chance_created"":{""t"":0,""c"":0},""big_chance_missed"":{""t"":0,""c"":0},""big_chance_scored"":{""t"":0,""c"":0},""xg"":{""t"":1.29,""c"":0.66},""shots_on_target"":{""t"":3.95,""c"":2.15},""shots_in_box"":{""t"":7,""c"":3.3},""total_shots"":{""t"":9.85,""c"":6.1},""shots_outside_box"":{""t"":2.85,""c"":2.8},""clearances"":{""t"":12.15,""c"":16.45},""dispossessed"":{""t"":6.6,""c"":5.9},""errors_goal"":{""t"":0,""c"":0},""errors_shot"":{""t"":0.95,""c"":2},""fouls"":{""t"":8.2,""c"":7.75},""gk_saves"":{""t"":1.55,""c"":2.85},""interceptions"":{""t"":10.1,""c"":11.25},""tackles"":{""t"":1.4,""c"":1.7},""free_kicks"":{""t"":2.5,""c"":3.4},""goal_kicks"":{""t"":4.9,""c"":7.3},""throw_ins"":{""t"":15,""c"":16.1},""possession"":{""t"":43.95,""c"":36.05},""offsides"":{""t"":1.4,""c"":1.15},""passes"":{""t"":407.25,""c"":328.65},""touches_opp_box"":{""t"":21.2,""c"":9.9},""red_cards"":{""t"":0,""c"":0},""yellow_cards"":{""t"":1.2,""c"":1.2}}","{""goals"":{""t"":1.95,""c"":0.95},""corners"":{""t"":4.4,""c"":4.85},""cards"":{""t"":2,""c"":1.8},""crosses"":{""t"":5.1,""c"":3.7},""big_chance_created"":{""t"":3.05,""c"":1.75},""big_chance_missed"":{""t"":1.8,""c"":1.2},""big_chance_scored"":{""t"":1.25,""c"":0.55},""xg"":{""t"":1.79,""c"":1.15},""shots_on_target"":{""t"":5.35,""c"":3.7},""shots_in_box"":{""t"":10.5,""c"":7.15},""total_shots"":{""t"":14.3,""c"":12.1},""shots_outside_box"":{""t"":3.8,""c"":4.95},""clearances"":{""t"":18.6,""c"":21.75},""dispossessed"":{""t"":7.65,""c"":6.25},""errors_goal"":{""t"":0.1,""c"":0.4},""errors_shot"":{""t"":0.3,""c"":0.55},""fouls"":{""t"":13.25,""c"":12.35},""gk_saves"":{""t"":2.75,""c"":3.55},""interceptions"":{""t"":8.05,""c"":7.4},""tackles"":{""t"":11.7,""c"":13.65},""free_kicks"":{""t"":15.4,""c"":14.45},""goal_kicks"":{""t"":7.3,""c"":9.1},""throw_ins"":{""t"":18.05,""c"":16.65},""possession"":{""t"":53.35,""c"":46.65},""offsides"":{""t"":1.2,""c"":3.25},""passes"":{""t"":433.05,""c"":375.85},""touches_opp_box"":{""t"":23.9,""c"":17.85},""red_cards"":{""t"":0.05,""c"":0.1},""yellow_cards"":{""t"":1.95,""c"":1.7}}","","","INTER","","","","{""corners_home"":8,""corners_away"":1,""goals_home"":1,""goals_away"":1,""cards_home"":1,""cards_away"":2,""fouls_home"":13,""fouls_away"":9,""saves_home"":3,""saves_away"":8,""totalshots_home"":24,""totalshots_away"":12,""shots_home"":9,""shots_away"":5,""btts"":1}","","BASAKSEHIR","{""xc_casa"":5.28,""xc_fora"":5.17,""xc_total"":10.45,""dc"":{""base"":3.775,""indice_ofensivo"":1.4849,""indice_defensivo"":0.8125,""indice_composto"":1.2159,""detalhes_of"":{""shots_on_target"":[0.27,1.427],""shots_in_box"":[0.22,1.522],""big_chance_missed"":[0.13,2],""crosses"":[0.13,1.342],""touches_opp_box"":[0.13,1.414],""total_shots"":[0.1,1.402],""possession"":[0.08,1.194]},""detalhes_def"":{""gk_saves"":[0.5,0.729],""clearances"":[0.25,1.171],""shots_ced"":[0.25,0.621]}},""df"":{""base"":4.9,""indice_ofensivo"":1.0309,""indice_defensivo"":1.0912,""indice_composto"":1.055,""detalhes_of"":{""shots_on_target"":[0.27,1.033],""shots_in_box"":[0.22,0.989],""big_chance_missed"":[0.13,0],""crosses"":[0.13,1.182],""touches_opp_box"":[0.13,1.086],""total_shots"":[0.1,0.897],""possession"":[0.08,0.97]},""detalhes_def"":{""gk_saves"":[0.5,0.947],""clearances"":[0.25,1.503],""shots_ced"":[0.25,0.968]}},""xg_casa"":2,""xg_fora"":1.18,""xg_total"":3.18,""xs_casa"":4.88,""xs_fora"":4.04,""xs_total"":8.92,""p_btts"":0.5271,""db"":{""xg_casa"":2,""xg_fora"":1.18,""p_casa_marca"":0.8647,""p_fora_marca"":0.6927},""xcard_casa"":1.74,""xcard_fora"":1.34,""xcard_total"":3.08,""xfouls_casa"":17.04,""xfouls_fora"":10.4,""xfouls_total"":27.44,""xsaves_casa"":2.81,""xsaves_fora"":3.96,""xsaves_total"":6.77,""xtotalshots_casa"":15.64,""xtotalshots_fora"":11.53,""xtotalshots_total"":27.17,""p_casa_vence"":0.5634,""p_empate"":0.2153,""p_fora_vence"":0.221,""placares_top5"":[{""placar"":""1×1"",""prob"":0.0981},{""placar"":""2×1"",""prob"":0.0981},{""placar"":""1×0"",""prob"":0.0832},{""placar"":""2×0"",""prob"":0.0832},{""placar"":""3×1"",""prob"":0.0654}]}","completed","6a60a058fd7a0c6ffd3c0e4c","2026-07-22T10:50:00.157000","2026-07-22T19:40:09.035000","6a397687c9763709d6ee2143","lauremank622@gmail.com","false"
"2026-07-22","{""goals"":{""t"":1.4,""c"":1.6},""corners"":{""t"":1.5,""c"":2.35},""cards"":{""t"":1.1,""c"":1.2},""crosses"":{""t"":0.75,""c"":1.35},""big_chance_created"":{""t"":0.4,""c"":0.4},""big_chance_missed"":{""t"":0.3,""c"":0.2},""big_chance_scored"":{""t"":0.1,""c"":0.2},""xg"":{""t"":0.2,""c"":0.34},""shots_on_target"":{""t"":1.45,""c"":1.75},""shots_in_box"":{""t"":1.6,""c"":2.35},""total_shots"":{""t"":5,""c"":5.8},""shots_outside_box"":{""t"":1.3,""c"":1.45},""clearances"":{""t"":6,""c"":4.2},""dispossessed"":{""t"":3.2,""c"":2.8},""errors_goal"":{""t"":0,""c"":0},""errors_shot"":{""t"":0,""c"":0},""fouls"":{""t"":3.95,""c"":6.85},""gk_saves"":{""t"":1.3,""c"":1},""interceptions"":{""t"":2.75,""c"":3.65},""tackles"":{""t"":6.4,""c"":6.3},""free_kicks"":{""t"":6.95,""c"":4.45},""goal_kicks"":{""t"":4.3,""c"":3.4},""throw_ins"":{""t"":8.35,""c"":10.7},""possession"":{""t"":23.65,""c"":21.35},""offsides"":{""t"":0.65,""c"":0.35},""passes"":{""t"":141.9,""c"":117.9},""touches_opp_box"":{""t"":0,""c"":0},""red_cards"":{""t"":0,""c"":0},""yellow_cards"":{""t"":1.1,""c"":1.2}}","{""goals"":{""t"":1.6,""c"":1.25},""corners"":{""t"":5.3,""c"":4.1},""cards"":{""t"":1.9,""c"":2.55},""crosses"":{""t"":4.65,""c"":3.55},""big_chance_created"":{""t"":2.2,""c"":1.7},""big_chance_missed"":{""t"":1.25,""c"":1.2},""big_chance_scored"":{""t"":0.95,""c"":0.5},""xg"":{""t"":1.37,""c"":1.09},""shots_on_target"":{""t"":4.3,""c"":3.55},""shots_in_box"":{""t"":9.1,""c"":6.4},""total_shots"":{""t"":13.9,""c"":10},""shots_outside_box"":{""t"":4.85,""c"":3.6},""clearances"":{""t"":26.15,""c"":25.8},""dispossessed"":{""t"":8.8,""c"":6.7},""errors_goal"":{""t"":0.1,""c"":0.15},""errors_shot"":{""t"":0.25,""c"":0.4},""fouls"":{""t"":10,""c"":10.95},""gk_saves"":{""t"":2.15,""c"":2.9},""interceptions"":{""t"":5.8,""c"":8.85},""tackles"":{""t"":13.5,""c"":16.95},""free_kicks"":{""t"":11.8,""c"":11},""goal_kicks"":{""t"":6.75,""c"":8.6},""throw_ins"":{""t"":20.55,""c"":17.15},""possession"":{""t"":52.65,""c"":37.35},""offsides"":{""t"":1.1,""c"":1.1},""passes"":{""t"":426.55,""c"":301},""touches_opp_box"":{""t"":22.3,""c"":17},""red_cards"":{""t"":0.1,""c"":0.2},""yellow_cards"":{""t"":1.8,""c"":2.35}}","","","BALLKANI","","","","{""corners_home"":4,""corners_away"":3,""goals_home"":2,""goals_away"":1,""shots_home"":4,""shots_away"":2,""cards_home"":0,""cards_away"":3,""totalshots_home"":11,""totalshots_away"":8,""fouls_home"":7,""fouls_away"":13,""saves_away"":2,""saves_home"":1,""btts"":1}","","BOHEMIAN","{""xc_casa"":5.11,""xc_fora"":2.73,""xc_total"":7.84,""dc"":{""base"":3.825,""indice_ofensivo"":1.5793,""indice_defensivo"":0.5377,""indice_composto"":1.1627,""detalhes_of"":{""shots_on_target"":[0.27,1.421],""shots_in_box"":[0.22,1.59],""big_chance_missed"":[0.13,1.724],""crosses"":[0.13,1.55],""touches_opp_box"":[0.13,2],""total_shots"":[0.1,1.411],""possession"":[0.08,1.423]},""detalhes_def"":{""gk_saves"":[0.5,0.416],""clearances"":[0.25,0.713],""shots_ced"":[0.25,0.607]}},""df"":{""base"":2.8,""indice_ofensivo"":0.5061,""indice_defensivo"":1.6821,""indice_composto"":0.9765,""detalhes_of"":{""shots_on_target"":[0.27,0.58],""shots_in_box"":[0.22,0.4],""big_chance_missed"":[0.13,0.4],""crosses"":[0.13,0.349],""touches_opp_box"":[0.13,0],""total_shots"":[0.1,0.667],""possession"":[0.08,0.775]},""detalhes_def"":{""gk_saves"":[0.5,1.519],""clearances"":[0.25,2],""shots_ced"":[0.25,1.691]}},""xg_casa"":2.13,""xg_fora"":1.18,""xg_total"":3.31,""xs_casa"":3.58,""xs_fora"":2.45,""xs_total"":6.03,""p_btts"":0.5372,""db"":{""xg_casa"":2.13,""xg_fora"":1.18,""p_casa_marca"":0.8812,""p_fora_marca"":0.6927},""xcard_casa"":1.83,""xcard_fora"":1.25,""xcard_total"":3.08,""xfouls_casa"":14.4,""xfouls_fora"":5.09,""xfouls_total"":19.49,""xsaves_casa"":0.76,""xsaves_fora"":3.21,""xsaves_total"":3.97,""xtotalshots_casa"":16.67,""xtotalshots_fora"":3.38,""xtotalshots_total"":20.05,""p_casa_vence"":0.5906,""p_empate"":0.2049,""p_fora_vence"":0.2041,""placares_top5"":[{""placar"":""2×1"",""prob"":0.0977},{""placar"":""1×1"",""prob"":0.0918},{""placar"":""2×0"",""prob"":0.0828},{""placar"":""1×0"",""prob"":0.0778},{""placar"":""3×1"",""prob"":0.0694}]}","completed","6a60a02be454b6101828f7b2","2026-07-22T10:49:15.424000","2026-07-23T12:13:08.410000","6a397687c9763709d6ee2143","lauremank622@gmail.com","false"
"2026-07-22","{""goals"":{""t"":1.55,""c"":0.7},""corners"":{""t"":4.4,""c"":2.65},""cards"":{""t"":2.25,""c"":2.2},""crosses"":{""t"":5.35,""c"":3.15},""big_chance_created"":{""t"":1.9,""c"":1.35},""big_chance_missed"":{""t"":1.15,""c"":0.9},""big_chance_scored"":{""t"":0.75,""c"":0.45},""xg"":{""t"":0.98,""c"":0.61},""shots_on_target"":{""t"":4.25,""c"":1.95},""shots_in_box"":{""t"":7.65,""c"":4.4},""total_shots"":{""t"":13.1,""c"":6.75},""shots_outside_box"":{""t"":5.45,""c"":2.35},""clearances"":{""t"":20.5,""c"":24.05},""dispossessed"":{""t"":7.45,""c"":6.85},""errors_goal"":{""t"":0.1,""c"":0.2},""errors_shot"":{""t"":0.2,""c"":0.55},""fouls"":{""t"":10,""c"":10.35},""gk_saves"":{""t"":1.3,""c"":2.9},""interceptions"":{""t"":7.9,""c"":8.35},""tackles"":{""t"":14.1,""c"":13.9},""free_kicks"":{""t"":13.85,""c"":11.65},""goal_kicks"":{""t"":5.45,""c"":8.45},""throw_ins"":{""t"":21.85,""c"":22},""possession"":{""t"":51.2,""c"":38.8},""offsides"":{""t"":1.35,""c"":2.75},""passes"":{""t"":427.6,""c"":323.35},""touches_opp_box"":{""t"":19.7,""c"":11.7},""red_cards"":{""t"":0.15,""c"":0.05},""yellow_cards"":{""t"":2.1,""c"":2.15}}","{""goals"":{""t"":1.75,""c"":0.75},""corners"":{""t"":4.3,""c"":2.3},""cards"":{""t"":1.5,""c"":1.85},""crosses"":{""t"":4.5,""c"":2},""big_chance_created"":{""t"":0,""c"":0},""big_chance_missed"":{""t"":0,""c"":0},""big_chance_scored"":{""t"":0,""c"":0},""xg"":{""t"":1.27,""c"":0.57},""shots_on_target"":{""t"":3.25,""c"":1.55},""shots_in_box"":{""t"":6.2,""c"":3.05},""total_shots"":{""t"":9.9,""c"":6.05},""shots_outside_box"":{""t"":3.7,""c"":3},""clearances"":{""t"":9.6,""c"":19.3},""dispossessed"":{""t"":6.3,""c"":5.1},""errors_goal"":{""t"":0,""c"":0},""errors_shot"":{""t"":2.2,""c"":2.2},""fouls"":{""t"":9.15,""c"":9.9},""gk_saves"":{""t"":1,""c"":2.15},""interceptions"":{""t"":9.25,""c"":10.65},""tackles"":{""t"":1.5,""c"":2.75},""free_kicks"":{""t"":2.35,""c"":3.05},""goal_kicks"":{""t"":4.5,""c"":6.95},""throw_ins"":{""t"":18.35,""c"":13},""possession"":{""t"":49.15,""c"":30.85},""offsides"":{""t"":1.3,""c"":0.45},""passes"":{""t"":405.4,""c"":236.15},""touches_opp_box"":{""t"":16.05,""c"":7.7},""red_cards"":{""t"":0.05,""c"":0.15},""yellow_cards"":{""t"":1.45,""c"":1.7}}","","","CRAIOVA","","","","{""corners_home"":3,""corners_away"":4,""goals_home"":1,""goals_away"":0,""shots_home"":4,""shots_away"":1,""cards_home"":3,""cards_away"":2,""fouls_home"":13,""fouls_away"":5,""saves_home"":0,""saves_away"":3,""totalshots_home"":8,""totalshots_away"":15,""btts"":0}","","LEVSKI","{""xc_casa"":4.56,""xc_fora"":4.12,""xc_total"":8.68,""dc"":{""base"":3.475,""indice_ofensivo"":1.1898,""indice_defensivo"":1.0651,""indice_composto"":1.1399,""detalhes_of"":{""shots_on_target"":[0.27,1.25],""shots_in_box"":[0.22,1.17],""big_chance_missed"":[0.13,0],""crosses"":[0.13,1.176],""touches_opp_box"":[0.13,1.157],""total_shots"":[0.1,1.189],""possession"":[0.08,1.118]},""detalhes_def"":{""gk_saves"":[0.5,0.941],""clearances"":[0.25,1.632],""shots_ced"":[0.25,0.748]}},""df"":{""base"":3.35,""indice_ofensivo"":1.4935,""indice_defensivo"":0.8359,""indice_composto"":1.2305,""detalhes_of"":{""shots_on_target"":[0.27,1.466],""shots_in_box"":[0.22,1.43],""big_chance_missed"":[0.13,2],""crosses"":[0.13,1.456],""touches_opp_box"":[0.13,1.438],""total_shots"":[0.1,1.368],""possession"":[0.08,1.248]},""detalhes_def"":{""gk_saves"":[0.5,0.692],""clearances"":[0.25,1.395],""shots_ced"":[0.25,0.565]}},""xg_casa"":1.51,""xg_fora"":1.37,""xg_total"":2.88,""xs_casa"":3.08,""xs_fora"":3.8,""xs_total"":6.88,""p_btts"":0.4533,""db"":{""xg_casa"":1.51,""xg_fora"":1.37,""p_casa_marca"":0.7791,""p_fora_marca"":0.7459},""xcard_casa"":1.54,""xcard_fora"":2.26,""xcard_total"":3.8,""xfouls_casa"":10.07,""xfouls_fora"":15.56,""xfouls_total"":25.63,""xsaves_casa"":2.96,""xsaves_fora"":2.13,""xsaves_total"":5.09,""xtotalshots_casa"":9.64,""xtotalshots_fora"":14.72,""xtotalshots_total"":24.36,""p_casa_vence"":0.4073,""p_empate"":0.2481,""p_fora_vence"":0.3446,""placares_top5"":[{""placar"":""1×1"",""prob"":0.1161},{""placar"":""2×1"",""prob"":0.0877},{""placar"":""1×0"",""prob"":0.0848},{""placar"":""1×2"",""prob"":0.0795},{""placar"":""0×1"",""prob"":0.0769}]}","completed","6a609ff23ae6d33c4c400ee5","2026-07-22T10:48:18.161000","2026-07-23T12:09:50.479000","6a397687c9763709d6ee2143","lauremank622@gmail.com","false"
"2026-07-22","{""goals"":{""t"":1.25,""c"":1.7},""corners"":{""t"":2.15,""c"":4.55},""cards"":{""t"":1.3,""c"":1.4},""crosses"":{""t"":1.8,""c"":2.4},""big_chance_created"":{""t"":0.5,""c"":2.5},""big_chance_missed"":{""t"":0.25,""c"":1.85},""big_chance_scored"":{""t"":0.25,""c"":0.65},""xg"":{""t"":0.31,""c"":1.18},""shots_on_target"":{""t"":1.6,""c"":3.95},""shots_in_box"":{""t"":2.7,""c"":6.15},""total_shots"":{""t"":5.65,""c"":9.55},""shots_outside_box"":{""t"":2.95,""c"":3.4},""clearances"":{""t"":18.15,""c"":11.9},""dispossessed"":{""t"":4.5,""c"":5.4},""errors_goal"":{""t"":0.05,""c"":0.05},""errors_shot"":{""t"":0.15,""c"":0.2},""fouls"":{""t"":6.45,""c"":8},""gk_saves"":{""t"":2.7,""c"":1.2},""interceptions"":{""t"":5.8,""c"":4.5},""tackles"":{""t"":11.25,""c"":7.6},""free_kicks"":{""t"":8.75,""c"":6.95},""goal_kicks"":{""t"":5.3,""c"":3.7},""throw_ins"":{""t"":8.75,""c"":12.2},""possession"":{""t"":22.45,""c"":32.55},""offsides"":{""t"":0.65,""c"":0.8},""passes"":{""t"":206.9,""c"":303.15},""touches_opp_box"":{""t"":7.1,""c"":18.35},""red_cards"":{""t"":0,""c"":0.05},""yellow_cards"":{""t"":1.3,""c"":1.35}}","{""goals"":{""t"":2.2,""c"":0.8},""corners"":{""t"":4.7,""c"":4.6},""cards"":{""t"":2.35,""c"":2.5},""crosses"":{""t"":4.95,""c"":4.4},""big_chance_created"":{""t"":0.5,""c"":0.15},""big_chance_missed"":{""t"":0.45,""c"":0.05},""big_chance_scored"":{""t"":0.05,""c"":0.1},""xg"":{""t"":2.05,""c"":0.91},""shots_on_target"":{""t"":5.95,""c"":3.2},""shots_in_box"":{""t"":8.65,""c"":5.05},""total_shots"":{""t"":13.45,""c"":10.65},""shots_outside_box"":{""t"":4.8,""c"":5.6},""clearances"":{""t"":17.3,""c"":13.75},""dispossessed"":{""t"":7.35,""c"":6.45},""errors_goal"":{""t"":0.05,""c"":0.05},""errors_shot"":{""t"":2.15,""c"":2.4},""fouls"":{""t"":11.5,""c"":13},""gk_saves"":{""t"":2.5,""c"":3.8},""interceptions"":{""t"":13.1,""c"":13.4},""tackles"":{""t"":3.45,""c"":4.15},""free_kicks"":{""t"":4.55,""c"":4.8},""goal_kicks"":{""t"":7.75,""c"":7.65},""throw_ins"":{""t"":18.35,""c"":18.1},""possession"":{""t"":48.15,""c"":51.85},""offsides"":{""t"":1,""c"":0.8},""passes"":{""t"":390.05,""c"":397.45},""touches_opp_box"":{""t"":22.4,""c"":15.3},""red_cards"":{""t"":0.05,""c"":0.1},""yellow_cards"":{""t"":2.3,""c"":2.4}}","","","KAIRAT","","","","{""corners_home"":1,""corners_away"":11,""goals_home"":1,""goals_away"":0,""cards_home"":2,""cards_away"":3,""fouls_home"":10,""fouls_away"":7,""totalshots_home"":5,""totalshots_away"":14,""shots_home"":2,""shots_away"":3,""saves_home"":3,""saves_away"":2,""btts"":0}","","OMONIA","{""xc_casa"":4.97,""xc_fora"":3.87,""xc_total"":8.84,""dc"":{""base"":4.625,""indice_ofensivo"":1.0972,""indice_defensivo"":0.6916,""indice_composto"":0.935,""detalhes_of"":{""shots_on_target"":[0.27,1.202],""shots_in_box"":[0.22,1.169],""big_chance_missed"":[0.13,0.391],""crosses"":[0.13,1.347],""touches_opp_box"":[0.13,1.099],""total_shots"":[0.1,1.17],""possession"":[0.08,1.193]},""detalhes_def"":{""gk_saves"":[0.5,0.407],""clearances"":[0.25,1.128],""shots_ced"":[0.25,0.825]}},""df"":{""base"":3.375,""indice_ofensivo"":0.7788,""indice_defensivo"":1.6963,""indice_composto"":1.1458,""detalhes_of"":{""shots_on_target"":[0.27,0.667],""shots_in_box"":[0.22,0.697],""big_chance_missed"":[0.13,1.667],""crosses"":[0.13,0.581],""touches_opp_box"":[0.13,0.634],""total_shots"":[0.1,0.693],""possession"":[0.08,0.604]},""detalhes_def"":{""gk_saves"":[0.5,1.642],""clearances"":[0.25,2],""shots_ced"":[0.25,1.502]}},""xg_casa"":1.71,""xg_fora"":1.12,""xg_total"":2.83,""xs_casa"":4.26,""xs_fora"":2.97,""xs_total"":7.23,""p_btts"":0.4305,""db"":{""xg_casa"":1.71,""xg_fora"":1.12,""p_casa_marca"":0.8191,""p_fora_marca"":0.6737},""xcard_casa"":2.03,""xcard_fora"":1.7,""xcard_total"":3.73,""xfouls_casa"":14.01,""xfouls_fora"":10.65,""xfouls_total"":24.66,""xsaves_casa"":1.51,""xsaves_fora"":3.39,""xsaves_total"":4.9,""xtotalshots_casa"":11.42,""xtotalshots_fora"":6.83,""xtotalshots_total"":18.25,""p_casa_vence"":0.5117,""p_empate"":0.2392,""p_fora_vence"":0.2491,""placares_top5"":[{""placar"":""1×1"",""prob"":0.113},{""placar"":""1×0"",""prob"":0.1009},{""placar"":""2×1"",""prob"":0.0966},{""placar"":""2×0"",""prob"":0.0863},{""placar"":""0×1"",""prob"":0.0661}]}","completed","6a609fcbe454b6101828f746","2026-07-22T10:47:39","2026-07-23T12:09:08.040000","6a397687c9763709d6ee2143","lauremank622@gmail.com","false"
"2026-07-21","{""goals"":{""t"":1.9,""c"":0.85},""corners"":{""t"":5,""c"":4.4},""cards"":{""t"":2.35,""c"":2.7},""crosses"":{""t"":4.2,""c"":3.25},""big_chance_created"":{""t"":3.15,""c"":0.9},""big_chance_missed"":{""t"":1.85,""c"":0.6},""big_chance_scored"":{""t"":1.3,""c"":0.3},""xg"":{""t"":1.68,""c"":0.81},""shots_on_target"":{""t"":6.3,""c"":3.4},""shots_in_box"":{""t"":10.05,""c"":6.55},""total_shots"":{""t"":16.8,""c"":11.5},""shots_outside_box"":{""t"":6.75,""c"":4.95},""clearances"":{""t"":19.25,""c"":23.35},""dispossessed"":{""t"":6.5,""c"":7.8},""errors_goal"":{""t"":0.1,""c"":0.15},""errors_shot"":{""t"":0.2,""c"":0.25},""fouls"":{""t"":10.55,""c"":12},""gk_saves"":{""t"":2.5,""c"":4.2},""interceptions"":{""t"":7.15,""c"":9.2},""tackles"":{""t"":14.15,""c"":12.9},""free_kicks"":{""t"":13.45,""c"":11.6},""goal_kicks"":{""t"":6.2,""c"":8.4},""throw_ins"":{""t"":15.75,""c"":15.1},""possession"":{""t"":56.6,""c"":43.4},""offsides"":{""t"":1.05,""c"":1.6},""passes"":{""t"":523.85,""c"":397.65},""touches_opp_box"":{""t"":21.7,""c"":14.55},""red_cards"":{""t"":0.25,""c"":0.1},""yellow_cards"":{""t"":2.1,""c"":2.6}}","{""goals"":{""t"":0.95,""c"":1.8},""corners"":{""t"":3.85,""c"":6.5},""cards"":{""t"":2.5,""c"":1.7},""crosses"":{""t"":5.05,""c"":6.3},""big_chance_created"":{""t"":1.3,""c"":3.05},""big_chance_missed"":{""t"":0.8,""c"":1.65},""big_chance_scored"":{""t"":0.5,""c"":1.4},""xg"":{""t"":0.9,""c"":1.63},""shots_on_target"":{""t"":3.1,""c"":6.35},""shots_in_box"":{""t"":6.5,""c"":10.4},""total_shots"":{""t"":12.3,""c"":17.4},""shots_outside_box"":{""t"":5.8,""c"":7},""clearances"":{""t"":29.95,""c"":20.15},""dispossessed"":{""t"":6.6,""c"":5.6},""errors_goal"":{""t"":0.15,""c"":0.1},""errors_shot"":{""t"":0.3,""c"":0.2},""fouls"":{""t"":12.7,""c"":10.4},""gk_saves"":{""t"":4.45,""c"":2.25},""interceptions"":{""t"":7.6,""c"":6.55},""tackles"":{""t"":12.2,""c"":12.65},""free_kicks"":{""t"":11.05,""c"":13.75},""goal_kicks"":{""t"":10.45,""c"":8.15},""throw_ins"":{""t"":19.15,""c"":19.35},""possession"":{""t"":41.8,""c"":58.2},""offsides"":{""t"":1.3,""c"":0.8},""passes"":{""t"":347.3,""c"":490.3},""touches_opp_box"":{""t"":13.2,""c"":21.95},""red_cards"":{""t"":0.1,""c"":0.1},""yellow_cards"":{""t"":2.4,""c"":1.6}}","","","Flamengo","","","","{""corners_home"":5,""corners_away"":3,""goals_home"":0,""goals_away"":4,""cards_home"":1,""cards_away"":0,""fouls_home"":9,""fouls_away"":8,""saves_home"":3,""saves_away"":3,""totalshots_home"":13,""totalshots_away"":10,""shots_home"":3,""shots_away"":6,""btts"":0}","","Chapecoense","{""xc_casa"":5.28,""xc_fora"":5.35,""xc_total"":10.63,""dc"":{""base"":4.125,""indice_ofensivo"":1.0274,""indice_defensivo"":1.2428,""indice_composto"":1.1136,""detalhes_of"":{""shots_on_target"":[0.27,0.954],""shots_in_box"":[0.22,0.996],""big_chance_missed"":[0.13,1.143],""crosses"":[0.13,1.217],""touches_opp_box"":[0.13,0.951],""total_shots"":[0.1,1.034],""possession"":[0.08,0.981]},""detalhes_def"":{""gk_saves"":[0.5,1.168],""clearances"":[0.25,1.584],""shots_ced"":[0.25,1.05]}},""df"":{""base"":5.75,""indice_ofensivo"":0.9745,""indice_defensivo"":0.8649,""indice_composto"":0.9307,""detalhes_of"":{""shots_on_target"":[0.27,0.996],""shots_in_box"":[0.22,0.983],""big_chance_missed"":[0.13,1.057],""crosses"":[0.13,0.8],""touches_opp_box"":[0.13,0.994],""total_shots"":[0.1,0.982],""possession"":[0.08,0.986]},""detalhes_def"":{""gk_saves"":[0.5,0.593],""clearances"":[0.25,1.27],""shots_ced"":[0.25,1.003]}},""xg_casa"":1.09,""xg_fora"":1.6,""xg_total"":2.69,""xs_casa"":3.76,""xs_fora"":5.95,""xs_total"":9.71,""p_btts"":0.4132,""db"":{""xg_casa"":1.09,""xg_fora"":1.6,""p_casa_marca"":0.6638,""p_fora_marca"":0.7981},""xcard_casa"":2.35,""xcard_fora"":2.15,""xcard_total"":4.5,""xfouls_casa"":15.64,""xfouls_fora"":13.68,""xfouls_total"":29.32,""xsaves_casa"":4.31,""xsaves_fora"":2.44,""xsaves_total"":6.75,""xtotalshots_casa"":12.52,""xtotalshots_fora"":16.58,""xtotalshots_total"":29.1,""p_casa_vence"":0.259,""p_empate"":0.2491,""p_fora_vence"":0.4919,""placares_top5"":[{""placar"":""1×1"",""prob"":0.1184},{""placar"":""0×1"",""prob"":0.1086},{""placar"":""1×2"",""prob"":0.0947},{""placar"":""0×2"",""prob"":0.0869},{""placar"":""1×0"",""prob"":0.074}]}","completed","6a5fd41c3db1f22cb63297c7","2026-07-21T20:18:36.440000","2026-07-23T12:06:11.350000","6a397687c9763709d6ee2143","lauremank622@gmail.com","false"
"2026-07-21","{""goals"":{""t"":1.4,""c"":0.95},""corners"":{""t"":4.75,""c"":4.4},""cards"":{""t"":2.7,""c"":2.95},""crosses"":{""t"":4.35,""c"":4.45},""big_chance_created"":{""t"":2.8,""c"":1.45},""big_chance_missed"":{""t"":1.95,""c"":0.85},""big_chance_scored"":{""t"":0.85,""c"":0.6},""xg"":{""t"":1.5,""c"":0.84},""shots_on_target"":{""t"":4.95,""c"":3.2},""shots_in_box"":{""t"":8.2,""c"":6.4},""total_shots"":{""t"":13.6,""c"":11},""shots_outside_box"":{""t"":5.4,""c"":4.65},""clearances"":{""t"":26,""c"":25.5},""dispossessed"":{""t"":7.3,""c"":8.55},""errors_goal"":{""t"":0,""c"":0},""errors_shot"":{""t"":0.1,""c"":0.4},""fouls"":{""t"":14.25,""c"":15.9},""gk_saves"":{""t"":2.2,""c"":3.5},""interceptions"":{""t"":7.7,""c"":9.25},""tackles"":{""t"":15.05,""c"":14.55},""free_kicks"":{""t"":17.15,""c"":15.25},""goal_kicks"":{""t"":8.3,""c"":8.75},""throw_ins"":{""t"":19.3,""c"":20.35},""possession"":{""t"":54.85,""c"":45.15},""offsides"":{""t"":1.2,""c"":1.45},""passes"":{""t"":421.9,""c"":344.55},""touches_opp_box"":{""t"":18.1,""c"":15.5},""red_cards"":{""t"":0.2,""c"":0.1},""yellow_cards"":{""t"":2.5,""c"":2.85}}","{""goals"":{""t"":1.3,""c"":1.25},""corners"":{""t"":6.75,""c"":3.85},""cards"":{""t"":2.4,""c"":2.5},""crosses"":{""t"":4.45,""c"":4.35},""big_chance_created"":{""t"":1.85,""c"":1.7},""big_chance_missed"":{""t"":1.15,""c"":0.95},""big_chance_scored"":{""t"":0.75,""c"":0.75},""xg"":{""t"":1.38,""c"":0.92},""shots_on_target"":{""t"":4.95,""c"":3.6},""shots_in_box"":{""t"":8.55,""c"":6.95},""total_shots"":{""t"":15,""c"":10.75},""shots_outside_box"":{""t"":6.45,""c"":3.8},""clearances"":{""t"":22,""c"":32.85},""dispossessed"":{""t"":8.2,""c"":9.45},""errors_goal"":{""t"":0.2,""c"":0.1},""errors_shot"":{""t"":0.2,""c"":0.7},""fouls"":{""t"":15.95,""c"":14.7},""gk_saves"":{""t"":2.3,""c"":3.6},""interceptions"":{""t"":8.7,""c"":9.35},""tackles"":{""t"":17.55,""c"":15.15},""free_kicks"":{""t"":16.55,""c"":17.9},""goal_kicks"":{""t"":7.05,""c"":8.6},""throw_ins"":{""t"":20.95,""c"":18.9},""possession"":{""t"":51.75,""c"":48.25},""offsides"":{""t"":2.1,""c"":1.9},""passes"":{""t"":407.4,""c"":385.3},""touches_opp_box"":{""t"":22.95,""c"":14.2},""red_cards"":{""t"":0.05,""c"":0.2},""yellow_cards"":{""t"":2.35,""c"":2.3}}","","","Cruzeiro","","","","{""corners_home"":5,""corners_away"":7,""goals_home"":1,""goals_away"":2,""cards_home"":2,""cards_away"":6,""fouls_home"":18,""fouls_away"":14,""saves_home"":3,""saves_away"":1,""totalshots_home"":21,""totalshots_away"":13,""shots_home"":3,""shots_away"":6,""btts"":1}","","Internacional","{""xc_casa"":6.94,""xc_fora"":4.7,""xc_total"":11.64,""dc"":{""base"":5.575,""indice_ofensivo"":1.1464,""indice_defensivo"":0.9859,""indice_composto"":1.0822,""detalhes_of"":{""shots_on_target"":[0.27,1.215],""shots_in_box"":[0.22,1.144],""big_chance_missed"":[0.13,1.15],""crosses"":[0.13,1],""touches_opp_box"":[0.13,1.194],""total_shots"":[0.1,1.154],""possession"":[0.08,1.068]},""detalhes_def"":{""gk_saves"":[0.5,0.843],""clearances"":[0.25,1.452],""shots_ced"":[0.25,0.805]}},""df"":{""base"":4.3,""indice_ofensivo"":1.1303,""indice_defensivo"":1.0385,""indice_composto"":1.0936,""detalhes_of"":{""shots_on_target"":[0.27,1.158],""shots_in_box"":[0.22,1.083],""big_chance_missed"":[0.13,1.345],""crosses"":[0.13,1],""touches_opp_box"":[0.13,1.121],""total_shots"":[0.1,1.117],""possession"":[0.08,1.064]},""detalhes_def"":{""gk_saves"":[0.5,0.856],""clearances"":[0.25,1.587],""shots_ced"":[0.25,0.856]}},""xg_casa"":1.39,""xg_fora"":1.32,""xg_total"":2.71,""xs_casa"":4.56,""xs_fora"":4.86,""xs_total"":9.42,""p_btts"":0.4293,""db"":{""xg_casa"":1.39,""xg_fora"":1.32,""p_casa_marca"":0.7509,""p_fora_marca"":0.7329},""xcard_casa"":2.54,""xcard_fora"":2.48,""xcard_total"":5.02,""xfouls_casa"":20.82,""xfouls_fora"":17.54,""xfouls_total"":38.36,""xsaves_casa"":3.37,""xsaves_fora"":3.42,""xsaves_total"":6.79,""xtotalshots_casa"":14.6,""xtotalshots_fora"":13.57,""xtotalshots_total"":28.17,""p_casa_vence"":0.3874,""p_empate"":0.2574,""p_fora_vence"":0.3552,""placares_top5"":[{""placar"":""1×1"",""prob"":0.1221},{""placar"":""1×0"",""prob"":0.0925},{""placar"":""0×1"",""prob"":0.0878},{""placar"":""2×1"",""prob"":0.0848},{""placar"":""1×2"",""prob"":0.0806}]}","completed","6a5fd3fda8ea09d705c3a4e3","2026-07-21T20:18:05.087000","2026-07-23T12:05:20.628000","6a397687c9763709d6ee2143","lauremank622@gmail.com","false"
"2026-07-21","{""goals"":{""t"":1.4,""c"":0.95},""corners"":{""t"":4.95,""c"":4.3},""cards"":{""t"":2.35,""c"":3.35},""crosses"":{""t"":4.15,""c"":3.3},""big_chance_created"":{""t"":2.35,""c"":1.3},""big_chance_missed"":{""t"":1.5,""c"":0.9},""big_chance_scored"":{""t"":0.85,""c"":0.45},""xg"":{""t"":1.27,""c"":0.85},""shots_on_target"":{""t"":4.7,""c"":3.35},""shots_in_box"":{""t"":7.55,""c"":6.2},""total_shots"":{""t"":12.1,""c"":10.45},""shots_outside_box"":{""t"":4.55,""c"":4.25},""clearances"":{""t"":18.9,""c"":24.55},""dispossessed"":{""t"":6.9,""c"":7.75},""errors_goal"":{""t"":0.1,""c"":0.1},""errors_shot"":{""t"":0.45,""c"":0.45},""fouls"":{""t"":14.25,""c"":13.45},""gk_saves"":{""t"":2.4,""c"":3.45},""interceptions"":{""t"":8.2,""c"":8.65},""tackles"":{""t"":13.9,""c"":13.75},""free_kicks"":{""t"":15.15,""c"":15.8},""goal_kicks"":{""t"":7.55,""c"":7.95},""throw_ins"":{""t"":19.25,""c"":16.1},""possession"":{""t"":49.3,""c"":50.7},""offsides"":{""t"":1.55,""c"":1.9},""passes"":{""t"":382.2,""c"":405.9},""touches_opp_box"":{""t"":15.95,""c"":14.5},""red_cards"":{""t"":0.1,""c"":0.35},""yellow_cards"":{""t"":2.25,""c"":3}}","{""goals"":{""t"":1.05,""c"":1.05},""corners"":{""t"":7,""c"":4.7},""cards"":{""t"":2.4,""c"":2.35},""crosses"":{""t"":4.3,""c"":5.5},""big_chance_created"":{""t"":1.75,""c"":1.45},""big_chance_missed"":{""t"":1.15,""c"":0.85},""big_chance_scored"":{""t"":0.6,""c"":0.6},""xg"":{""t"":1.15,""c"":1.03},""shots_on_target"":{""t"":3.8,""c"":3.8},""shots_in_box"":{""t"":7.55,""c"":7.8},""total_shots"":{""t"":12,""c"":13.5},""shots_outside_box"":{""t"":4.45,""c"":5.7},""clearances"":{""t"":25.95,""c"":25.75},""dispossessed"":{""t"":7.35,""c"":7.65},""errors_goal"":{""t"":0.05,""c"":0.2},""errors_shot"":{""t"":0.25,""c"":0.25},""fouls"":{""t"":13.25,""c"":14.35},""gk_saves"":{""t"":2.7,""c"":2.7},""interceptions"":{""t"":6.95,""c"":8.9},""tackles"":{""t"":13.9,""c"":14.65},""free_kicks"":{""t"":15.45,""c"":14.5},""goal_kicks"":{""t"":7.85,""c"":8.05},""throw_ins"":{""t"":20,""c"":18.4},""possession"":{""t"":54.35,""c"":45.65},""offsides"":{""t"":1.35,""c"":1.2},""passes"":{""t"":429.9,""c"":357.4},""touches_opp_box"":{""t"":19.35,""c"":17.15},""red_cards"":{""t"":0.1,""c"":0.05},""yellow_cards"":{""t"":2.3,""c"":2.3}}","","","Athletico Paranaense","","","","{""corners_home"":7,""corners_away"":3,""goals_home"":1,""goals_away"":2,""cards_home"":0,""cards_away"":1,""fouls_home"":7,""fouls_away"":15,""saves_home"":1,""saves_away"":2,""totalshots_home"":18,""totalshots_away"":11,""shots_home"":3,""shots_away"":3,""btts"":1}","","São Paulo","{""xc_casa"":7.09,""xc_fora"":4.89,""xc_total"":11.98,""dc"":{""base"":5.65,""indice_ofensivo"":1.0942,""indice_defensivo"":1.0877,""indice_composto"":1.0916,""detalhes_of"":{""shots_on_target"":[0.27,1.063],""shots_in_box"":[0.22,1.098],""big_chance_missed"":[0.13,1.122],""crosses"":[0.13,1.132],""touches_opp_box"":[0.13,1.143],""total_shots"":[0.1,1.069],""possession"":[0.08,1.035]},""detalhes_def"":{""gk_saves"":[0.5,0.952],""clearances"":[0.25,1.51],""shots_ced"":[0.25,0.937]}},""df"":{""base"":4.825,""indice_ofensivo"":1.0337,""indice_defensivo"":0.9841,""indice_composto"":1.0138,""detalhes_of"":{""shots_on_target"":[0.27,1.106],""shots_in_box"":[0.22,0.984],""big_chance_missed"":[0.13,1.277],""crosses"":[0.13,0.86],""touches_opp_box"":[0.13,0.964],""total_shots"":[0.1,0.945],""possession"":[0.08,1.038]},""detalhes_def"":{""gk_saves"":[0.5,0.752],""clearances"":[0.25,1.532],""shots_ced"":[0.25,0.901]}},""xg_casa"":1.15,""xg_fora"":1.14,""xg_total"":2.29,""xs_casa"":4.05,""xs_fora"":4.45,""xs_total"":8.5,""p_btts"":0.3626,""db"":{""xg_casa"":1.15,""xg_fora"":1.14,""p_casa_marca"":0.6834,""p_fora_marca"":0.6802},""xcard_casa"":2.6,""xcard_fora"":2.32,""xcard_total"":4.92,""xfouls_casa"":16.75,""xfouls_fora"":17.76,""xfouls_total"":34.51,""xsaves_casa"":3.33,""xsaves_fora"":2.8,""xsaves_total"":6.13,""xtotalshots_casa"":12.54,""xtotalshots_fora"":13.12,""xtotalshots_total"":25.66,""p_casa_vence"":0.3603,""p_empate"":0.2844,""p_fora_vence"":0.3553,""placares_top5"":[{""placar"":""1×1"",""prob"":0.1328},{""placar"":""1×0"",""prob"":0.1165},{""placar"":""0×1"",""prob"":0.1154},{""placar"":""0×0"",""prob"":0.1013},{""placar"":""2×1"",""prob"":0.0763}]}","completed","6a5fd3c1dd0a28e27ab02d47","2026-07-21T20:17:05.278000","2026-07-23T12:04:33.033000","6a397687c9763709d6ee2143","lauremank622@gmail.com","false"
"2026-07-20","{""goals"":{""t"":1.35,""c"":1.2},""corners"":{""t"":4.25,""c"":4.9},""cards"":{""t"":2.95,""c"":2.45},""crosses"":{""t"":2.7,""c"":4.85},""big_chance_created"":{""t"":2.35,""c"":2.25},""big_chance_missed"":{""t"":1.5,""c"":1.4},""big_chance_scored"":{""t"":0.85,""c"":0.85},""xg"":{""t"":1.41,""c"":1.17},""shots_on_target"":{""t"":3.5,""c"":3.7},""shots_in_box"":{""t"":7.55,""c"":6.6},""total_shots"":{""t"":12.3,""c"":12.45},""shots_outside_box"":{""t"":4.8,""c"":5.85},""clearances"":{""t"":27.2,""c"":20.3},""dispossessed"":{""t"":7.05,""c"":9.85},""errors_goal"":{""t"":0.2,""c"":0.25},""errors_shot"":{""t"":0.45,""c"":0.25},""fouls"":{""t"":12.6,""c"":13.5},""gk_saves"":{""t"":2.5,""c"":2.1},""interceptions"":{""t"":9.55,""c"":10.45},""tackles"":{""t"":19.15,""c"":16},""free_kicks"":{""t"":15.2,""c"":13.9},""goal_kicks"":{""t"":7.55,""c"":7.25},""throw_ins"":{""t"":18.65,""c"":21.6},""possession"":{""t"":51.45,""c"":48.55},""offsides"":{""t"":1.5,""c"":1.8},""passes"":{""t"":430.6,""c"":405.25},""touches_opp_box"":{""t"":19.15,""c"":15.55},""red_cards"":{""t"":0.15,""c"":0},""yellow_cards"":{""t"":2.8,""c"":2.45}}","{""goals"":{""t"":1.25,""c"":1.88},""corners"":{""t"":2,""c"":6.75},""cards"":{""t"":2.88,""c"":1.63},""crosses"":{""t"":3.5,""c"":6.75},""big_chance_created"":{""t"":2,""c"":3.5},""big_chance_missed"":{""t"":1.13,""c"":1.88},""big_chance_scored"":{""t"":0.88,""c"":1.63},""xg"":{""t"":1.17,""c"":1.96},""shots_on_target"":{""t"":4.13,""c"":6},""shots_in_box"":{""t"":5.75,""c"":12.38},""total_shots"":{""t"":10.75,""c"":19.25},""shots_outside_box"":{""t"":5,""c"":6.88},""clearances"":{""t"":31.25,""c"":18.5},""dispossessed"":{""t"":5.5,""c"":6.88},""errors_goal"":{""t"":0,""c"":0.5},""errors_shot"":{""t"":0.75,""c"":0.63},""fouls"":{""t"":8.25,""c"":8.5},""gk_saves"":{""t"":4.13,""c"":2.88},""interceptions"":{""t"":10.25,""c"":7.25},""tackles"":{""t"":16.63,""c"":10.63},""free_kicks"":{""t"":9.88,""c"":8.75},""goal_kicks"":{""t"":13.13,""c"":7},""throw_ins"":{""t"":18.38,""c"":22.25},""possession"":{""t"":36.75,""c"":63.25},""offsides"":{""t"":0.75,""c"":1.5},""passes"":{""t"":301.5,""c"":510.88},""touches_opp_box"":{""t"":12.75,""c"":33.63},""red_cards"":{""t"":0,""c"":0.13},""yellow_cards"":{""t"":2.88,""c"":1.5}}","","","Santos","","","","{""corners_home"":2,""corners_away"":6,""goals_home"":1,""goals_away"":4,""cards_home"":2,""cards_away"":2,""fouls_home"":9,""fouls_away"":6,""saves_home"":3,""saves_away"":3,""totalshots_home"":8,""totalshots_away"":17,""shots_home"":4,""shots_away"":7,""btts"":1}","","UCV","{""xc_casa"":3.79,""xc_fora"":4.95,""xc_total"":8.74,""dc"":{""base"":3.45,""indice_ofensivo"":0.9373,""indice_defensivo"":0.983,""indice_composto"":0.9556,""detalhes_of"":{""shots_on_target"":[0.27,1.055],""shots_in_box"":[0.22,0.931],""big_chance_missed"":[0.13,0.893],""crosses"":[0.13,0.838],""touches_opp_box"":[0.13,0.901],""total_shots"":[0.1,0.927],""possession"":[0.08,0.862]},""detalhes_def"":{""gk_saves"":[0.5,0.692],""clearances"":[0.25,1.602],""shots_ced"":[0.25,0.946]}},""df"":{""base"":5.5,""indice_ofensivo"":0.7541,""indice_defensivo"":1.1202,""indice_composto"":0.9006,""detalhes_of"":{""shots_on_target"":[0.27,0.737],""shots_in_box"":[0.22,0.758],""big_chance_missed"":[0.13,0.888],""crosses"":[0.13,0.571],""touches_opp_box"":[0.13,0.726],""total_shots"":[0.1,0.78],""possession"":[0.08,0.897]},""detalhes_def"":{""gk_saves"":[0.5,0.901],""clearances"":[0.25,1.384],""shots_ced"":[0.25,1.294]}},""xg_casa"":1.28,""xg_fora"":1.31,""xg_total"":2.59,""xs_casa"":3.82,""xs_fora"":4.31,""xs_total"":8.13,""p_btts"":0.4112,""db"":{""xg_casa"":1.28,""xg_fora"":1.31,""p_casa_marca"":0.722,""p_fora_marca"":0.7302},""xcard_casa"":2.26,""xcard_fora"":2.69,""xcard_total"":4.95,""xfouls_casa"":11.84,""xfouls_fora"":14.92,""xfouls_total"":26.76,""xsaves_casa"":2.4,""xsaves_fora"":2.65,""xsaves_total"":5.05,""xtotalshots_casa"":10.49,""xtotalshots_fora"":11.88,""xtotalshots_total"":22.37,""p_casa_vence"":0.3607,""p_empate"":0.2645,""p_fora_vence"":0.3748,""placares_top5"":[{""placar"":""1×1"",""prob"":0.1258},{""placar"":""0×1"",""prob"":0.0983},{""placar"":""1×0"",""prob"":0.096},{""placar"":""1×2"",""prob"":0.0824},{""placar"":""2×1"",""prob"":0.0805}]}","completed","6a5e54e49a0549a956562a62","2026-07-20T17:03:32.282000","2026-07-22T10:44:49.709000","6a397687c9763709d6ee2143","lauremank622@gmail.com","false"
"2026-07-20","{""goals"":{""t"":1.15,""c"":0.9},""corners"":{""t"":5.75,""c"":4.15},""cards"":{""t"":2.95,""c"":1.95},""crosses"":{""t"":4.25,""c"":4.4},""big_chance_created"":{""t"":1.55,""c"":1.6},""big_chance_missed"":{""t"":1.1,""c"":1.15},""big_chance_scored"":{""t"":0.45,""c"":0.45},""xg"":{""t"":1.13,""c"":1.1},""shots_on_target"":{""t"":4.35,""c"":3.85},""shots_in_box"":{""t"":8.05,""c"":7.05},""total_shots"":{""t"":14.1,""c"":12.85},""shots_outside_box"":{""t"":6.05,""c"":5.8},""clearances"":{""t"":21.55,""c"":23.3},""dispossessed"":{""t"":6.9,""c"":6.7},""errors_goal"":{""t"":0,""c"":0.15},""errors_shot"":{""t"":0.15,""c"":0.3},""fouls"":{""t"":14.95,""c"":12.2},""gk_saves"":{""t"":3.05,""c"":3.35},""interceptions"":{""t"":7.4,""c"":8.9},""tackles"":{""t"":13.3,""c"":13.65},""free_kicks"":{""t"":12.95,""c"":16.75},""goal_kicks"":{""t"":7.15,""c"":8.5},""throw_ins"":{""t"":17,""c"":19.15},""possession"":{""t"":46.65,""c"":48.35},""offsides"":{""t"":1.85,""c"":0.95},""passes"":{""t"":380.95,""c"":395.05},""touches_opp_box"":{""t"":17.95,""c"":14.9},""red_cards"":{""t"":0.2,""c"":0.1},""yellow_cards"":{""t"":2.75,""c"":1.85}}","{""goals"":{""t"":1.7,""c"":1.55},""corners"":{""t"":4.25,""c"":4.55},""cards"":{""t"":3,""c"":3.1},""crosses"":{""t"":2.95,""c"":3},""big_chance_created"":{""t"":1.15,""c"":1.75},""big_chance_missed"":{""t"":0.35,""c"":1.05},""big_chance_scored"":{""t"":0.8,""c"":0.7},""xg"":{""t"":1.05,""c"":1.09},""shots_on_target"":{""t"":3.4,""c"":3.8},""shots_in_box"":{""t"":5.5,""c"":5.6},""total_shots"":{""t"":12,""c"":9.3},""shots_outside_box"":{""t"":6.5,""c"":3.7},""clearances"":{""t"":21.25,""c"":19.2},""dispossessed"":{""t"":7.6,""c"":6.45},""errors_goal"":{""t"":0.05,""c"":0.2},""errors_shot"":{""t"":0.25,""c"":0.4},""fouls"":{""t"":13.6,""c"":13.45},""gk_saves"":{""t"":2.7,""c"":2.1},""interceptions"":{""t"":7.55,""c"":7.95},""tackles"":{""t"":12.6,""c"":14.6},""free_kicks"":{""t"":16.55,""c"":15},""goal_kicks"":{""t"":7.05,""c"":8.55},""throw_ins"":{""t"":19.6,""c"":20.7},""possession"":{""t"":51.2,""c"":43.8},""offsides"":{""t"":1.4,""c"":3.2},""passes"":{""t"":353.45,""c"":309.6},""touches_opp_box"":{""t"":14.65,""c"":13.8},""red_cards"":{""t"":0.2,""c"":0.35},""yellow_cards"":{""t"":2.8,""c"":2.75}}","","","Fortaleza","","","","{""corners_home"":4,""corners_away"":4,""goals_home"":2,""goals_away"":1,""cards_home"":1,""cards_away"":3,""fouls_home"":18,""fouls_away"":12,""saves_home"":2,""saves_away"":3,""totalshots_home"":10,""totalshots_away"":9,""shots_home"":4,""shots_away"":3,""btts"":1}","","Vila Nova","{""xc_casa"":4.81,""xc_fora"":5.33,""xc_total"":10.14,""dc"":{""base"":4.2,""indice_ofensivo"":0.8668,""indice_defensivo"":1.1887,""indice_composto"":0.9956,""detalhes_of"":{""shots_on_target"":[0.27,0.938],""shots_in_box"":[0.22,0.876],""big_chance_missed"":[0.13,0.467],""crosses"":[0.13,0.803],""touches_opp_box"":[0.13,0.992],""total_shots"":[0.1,0.966],""possession"":[0.08,1.029]},""detalhes_def"":{""gk_saves"":[0.5,0.992],""clearances"":[0.25,1.704],""shots_ced"":[0.25,1.066]}},""df"":{""base"":5.15,""indice_ofensivo"":1.1162,""indice_defensivo"":0.9123,""indice_composto"":1.0346,""detalhes_of"":{""shots_on_target"":[0.27,1.067],""shots_in_box"":[0.22,1.179],""big_chance_missed"":[0.13,1.023],""crosses"":[0.13,1.172],""touches_opp_box"":[0.13,1.131],""total_shots"":[0.1,1.205],""possession"":[0.08,1.032]},""detalhes_def"":{""gk_saves"":[0.5,0.675],""clearances"":[0.25,1.365],""shots_ced"":[0.25,0.935]}},""xg_casa"":1.43,""xg_fora"":1.18,""xg_total"":2.61,""xs_casa"":3.84,""xs_fora"":4.26,""xs_total"":8.1,""p_btts"":0.411,""db"":{""xg_casa"":1.43,""xg_fora"":1.18,""p_casa_marca"":0.7607,""p_fora_marca"":0.6927},""xcard_casa"":2.38,""xcard_fora"":3.05,""xcard_total"":5.43,""xfouls_casa"":16.38,""xfouls_fora"":18.32,""xfouls_total"":34.7,""xsaves_casa"":3.27,""xsaves_fora"":2.35,""xsaves_total"":5.62,""xtotalshots_casa"":11.28,""xtotalshots_fora"":12.8,""xtotalshots_total"":24.08,""p_casa_vence"":0.4279,""p_empate"":0.2609,""p_fora_vence"":0.3112,""placares_top5"":[{""placar"":""1×1"",""prob"":0.1241},{""placar"":""1×0"",""prob"":0.1052},{""placar"":""2×1"",""prob"":0.0887},{""placar"":""0×1"",""prob"":0.0868},{""placar"":""2×0"",""prob"":0.0752}]}","completed","6a5e54c25308da039b94bdf6","2026-07-20T17:02:58.019000","2026-07-22T10:44:01.432000","6a397687c9763709d6ee2143","lauremank622@gmail.com","false"
"2026-07-20","{""goals"":{""t"":1,""c"":1.85},""corners"":{""t"":5.1,""c"":4.75},""cards"":{""t"":2.3,""c"":2.4},""crosses"":{""t"":4.45,""c"":4.3},""big_chance_created"":{""t"":1.5,""c"":1.7},""big_chance_missed"":{""t"":1,""c"":1},""big_chance_scored"":{""t"":0.5,""c"":0.7},""xg"":{""t"":1.14,""c"":1.35},""shots_on_target"":{""t"":4.1,""c"":4.5},""shots_in_box"":{""t"":6.65,""c"":6.75},""total_shots"":{""t"":11.7,""c"":12.65},""shots_outside_box"":{""t"":5.05,""c"":5.9},""clearances"":{""t"":18.4,""c"":23.5},""dispossessed"":{""t"":7.3,""c"":5.9},""errors_goal"":{""t"":0.3,""c"":0.05},""errors_shot"":{""t"":0.55,""c"":0.4},""fouls"":{""t"":12.4,""c"":13.9},""gk_saves"":{""t"":2.95,""c"":3.3},""interceptions"":{""t"":6.35,""c"":6.7},""tackles"":{""t"":11.4,""c"":13.55},""free_kicks"":{""t"":15,""c"":13.85},""goal_kicks"":{""t"":7.4,""c"":8.15},""throw_ins"":{""t"":17.6,""c"":15.45},""possession"":{""t"":52.1,""c"":42.9},""offsides"":{""t"":1.55,""c"":1.15},""passes"":{""t"":381.6,""c"":317.25},""touches_opp_box"":{""t"":17.5,""c"":17.7},""red_cards"":{""t"":0.1,""c"":0.1},""yellow_cards"":{""t"":2.2,""c"":2.3}}","{""goals"":{""t"":1.2,""c"":1.5},""corners"":{""t"":3,""c"":5.4},""cards"":{""t"":2.75,""c"":2.35},""crosses"":{""t"":2.25,""c"":4.2},""big_chance_created"":{""t"":0.75,""c"":1.85},""big_chance_missed"":{""t"":0.45,""c"":1.15},""big_chance_scored"":{""t"":0.3,""c"":0.7},""xg"":{""t"":0.85,""c"":1.15},""shots_on_target"":{""t"":2.75,""c"":4.4},""shots_in_box"":{""t"":4.7,""c"":7.05},""total_shots"":{""t"":9.25,""c"":12.9},""shots_outside_box"":{""t"":4.55,""c"":5.85},""clearances"":{""t"":22.85,""c"":19.3},""dispossessed"":{""t"":7,""c"":6.55},""errors_goal"":{""t"":0.15,""c"":0.1},""errors_shot"":{""t"":0.4,""c"":0.15},""fouls"":{""t"":12.15,""c"":13.2},""gk_saves"":{""t"":3.35,""c"":1.9},""interceptions"":{""t"":8.35,""c"":6.45},""tackles"":{""t"":12.7,""c"":14.05},""free_kicks"":{""t"":14.55,""c"":13.1},""goal_kicks"":{""t"":7.9,""c"":5.55},""throw_ins"":{""t"":18.45,""c"":19.85},""possession"":{""t"":41.15,""c"":43.85},""offsides"":{""t"":1.15,""c"":1.4},""passes"":{""t"":325.5,""c"":346.1},""touches_opp_box"":{""t"":12.25,""c"":17.8},""red_cards"":{""t"":0.15,""c"":0.1},""yellow_cards"":{""t"":2.6,""c"":2.25}}","","","América MG","","","","{""corners_home"":3,""corners_away"":3,""goals_home"":2,""goals_away"":1,""cards_home"":0,""cards_away"":5,""fouls_home"":12,""fouls_away"":19,""saves_home"":5,""saves_away"":2,""totalshots_home"":10,""totalshots_away"":8,""shots_home"":4,""shots_away"":6,""btts"":1}","","Avaí","{""xc_casa"":4.46,""xc_fora"":5.1,""xc_total"":9.56,""dc"":{""base"":3.875,""indice_ofensivo"":0.7779,""indice_defensivo"":1.3337,""indice_composto"":1.0002,""detalhes_of"":{""shots_on_target"":[0.27,0.759],""shots_in_box"":[0.22,0.821],""big_chance_missed"":[0.13,0.621],""crosses"":[0.13,0.687],""touches_opp_box"":[0.13,0.818],""total_shots"":[0.1,0.845],""possession"":[0.08,0.979]},""detalhes_def"":{""gk_saves"":[0.5,1.104],""clearances"":[0.25,1.838],""shots_ced"":[0.25,1.29]}},""df"":{""base"":5.25,""indice_ofensivo"":0.9808,""indice_defensivo"":0.9554,""indice_composto"":0.9706,""detalhes_of"":{""shots_on_target"":[0.27,0.965],""shots_in_box"":[0.22,0.971],""big_chance_missed"":[0.13,0.93],""crosses"":[0.13,1.029],""touches_opp_box"":[0.13,0.992],""total_shots"":[0.1,0.951],""possession"":[0.08,1.086]},""detalhes_def"":{""gk_saves"":[0.5,0.654],""clearances"":[0.25,1.48],""shots_ced"":[0.25,1.035]}},""xg_casa"":1.65,""xg_fora"":1.12,""xg_total"":2.77,""xs_casa"":3.75,""xs_fora"":4.13,""xs_total"":7.88,""p_btts"":0.4246,""db"":{""xg_casa"":1.65,""xg_fora"":1.12,""p_casa_marca"":0.808,""p_fora_marca"":0.6737},""xcard_casa"":2.42,""xcard_fora"":2.28,""xcard_total"":4.7,""xfouls_casa"":16.24,""xfouls_fora"":16.05,""xfouls_total"":32.29,""xsaves_casa"":3.18,""xsaves_fora"":1.84,""xsaves_total"":5.02,""xtotalshots_casa"":8.51,""xtotalshots_fora"":12.08,""xtotalshots_total"":20.59,""p_casa_vence"":0.4972,""p_empate"":0.2443,""p_fora_vence"":0.2585,""placares_top5"":[{""placar"":""1×1"",""prob"":0.1158},{""placar"":""1×0"",""prob"":0.1034},{""placar"":""2×1"",""prob"":0.0955},{""placar"":""2×0"",""prob"":0.0853},{""placar"":""0×1"",""prob"":0.0702}]}","completed","6a5e542ec0f59538f6322c73","2026-07-20T17:00:30.027000","2026-07-22T10:43:12.636000","6a397687c9763709d6ee2143","lauremank622@gmail.com","false"
"2026-07-20","{""goals"":{""t"":1.2,""c"":0.65},""corners"":{""t"":6,""c"":3.95},""cards"":{""t"":2.25,""c"":2.55},""crosses"":{""t"":5.35,""c"":3.45},""big_chance_created"":{""t"":1.45,""c"":1.05},""big_chance_missed"":{""t"":0.85,""c"":0.75},""big_chance_scored"":{""t"":0.6,""c"":0.3},""xg"":{""t"":1.2,""c"":0.9},""shots_on_target"":{""t"":3.7,""c"":3.35},""shots_in_box"":{""t"":7.85,""c"":6.45},""total_shots"":{""t"":13.25,""c"":12.35},""shots_outside_box"":{""t"":5.4,""c"":5.9},""clearances"":{""t"":27.55,""c"":23.6},""dispossessed"":{""t"":6.8,""c"":6.6},""errors_goal"":{""t"":0.1,""c"":0},""errors_shot"":{""t"":0.2,""c"":0.4},""fouls"":{""t"":13.4,""c"":13.95},""gk_saves"":{""t"":2.7,""c"":2.5},""interceptions"":{""t"":9.1,""c"":9.2},""tackles"":{""t"":13.05,""c"":13.15},""free_kicks"":{""t"":15.35,""c"":15.1},""goal_kicks"":{""t"":7.75,""c"":9},""throw_ins"":{""t"":20.95,""c"":21.75},""possession"":{""t"":48.55,""c"":46.45},""offsides"":{""t"":1.7,""c"":1.5},""passes"":{""t"":357.8,""c"":344.35},""touches_opp_box"":{""t"":18.6,""c"":16.15},""red_cards"":{""t"":0.1,""c"":0.05},""yellow_cards"":{""t"":2.15,""c"":2.5}}","{""goals"":{""t"":1.75,""c"":1.1},""corners"":{""t"":5.2,""c"":4.95},""cards"":{""t"":1.95,""c"":2.85},""crosses"":{""t"":5.25,""c"":2.75},""big_chance_created"":{""t"":1.9,""c"":1.2},""big_chance_missed"":{""t"":1.15,""c"":0.85},""big_chance_scored"":{""t"":0.85,""c"":0.35},""xg"":{""t"":1.39,""c"":0.84},""shots_on_target"":{""t"":4.7,""c"":3.15},""shots_in_box"":{""t"":7.7,""c"":5.85},""total_shots"":{""t"":13.4,""c"":9.85},""shots_outside_box"":{""t"":5.7,""c"":4},""clearances"":{""t"":18.85,""c"":22.2},""dispossessed"":{""t"":5.65,""c"":5.9},""errors_goal"":{""t"":0.25,""c"":0.15},""errors_shot"":{""t"":0.2,""c"":0.15},""fouls"":{""t"":12.55,""c"":12.7},""gk_saves"":{""t"":2.35,""c"":3.05},""interceptions"":{""t"":7.3,""c"":6.15},""tackles"":{""t"":11.15,""c"":11.65},""free_kicks"":{""t"":14.8,""c"":14.1},""goal_kicks"":{""t"":5.8,""c"":9.05},""throw_ins"":{""t"":20.65,""c"":19.4},""possession"":{""t"":46.55,""c"":48.45},""offsides"":{""t"":1.6,""c"":2.2},""passes"":{""t"":325.95,""c"":344.6},""touches_opp_box"":{""t"":19.2,""c"":12.65},""red_cards"":{""t"":0,""c"":0.25},""yellow_cards"":{""t"":1.95,""c"":2.6}}","","","Criciúma","","","","{""corners_home"":7,""corners_away"":7,""goals_home"":0,""goals_away"":1,""cards_home"":3,""cards_away"":1,""fouls_home"":14,""fouls_away"":10,""saves_home"":0,""saves_away"":2,""totalshots_home"":13,""totalshots_away"":10,""shots_home"":2,""shots_away"":1,""btts"":0}","","Novorizontino","{""xc_casa"":5.54,""xc_fora"":5.99,""xc_total"":11.53,""dc"":{""base"":4.575,""indice_ofensivo"":1.1268,""indice_defensivo"":0.9412,""indice_composto"":1.0525,""detalhes_of"":{""shots_on_target"":[0.27,1.168],""shots_in_box"":[0.22,1.088],""big_chance_missed"":[0.13,1.211],""crosses"":[0.13,1.207],""touches_opp_box"":[0.13,1.086],""total_shots"":[0.1,1.041],""possession"":[0.08,1.001]},""detalhes_def"":{""gk_saves"":[0.5,0.72],""clearances"":[0.25,1.48],""shots_ced"":[0.25,0.845]}},""df"":{""base"":5.475,""indice_ofensivo"":1.1274,""indice_defensivo"":1.0423,""indice_composto"":1.0934,""detalhes_of"":{""shots_on_target"":[0.27,1.08],""shots_in_box"":[0.22,1.146],""big_chance_missed"":[0.13,1],""crosses"":[0.13,1.321],""touches_opp_box"":[0.13,1.19],""total_shots"":[0.1,1.147],""possession"":[0.08,1.001]},""detalhes_def"":{""gk_saves"":[0.5,0.904],""clearances"":[0.25,1.442],""shots_ced"":[0.25,0.92]}},""xg_casa"":1.5,""xg_fora"":1.14,""xg_total"":2.64,""xs_casa"":4.35,""xs_fora"":3.85,""xs_total"":8.2,""p_btts"":0.4122,""db"":{""xg_casa"":1.5,""xg_fora"":1.14,""p_casa_marca"":0.7769,""p_fora_marca"":0.6802},""xcard_casa"":1.98,""xcard_fora"":2.71,""xcard_total"":4.69,""xfouls_casa"":16.21,""xfouls_fora"":18.23,""xfouls_total"":34.44,""xsaves_casa"":2.71,""xsaves_fora"":3.34,""xsaves_total"":6.05,""xtotalshots_casa"":14.62,""xtotalshots_fora"":13.28,""xtotalshots_total"":27.9,""p_casa_vence"":0.455,""p_empate"":0.2566,""p_fora_vence"":0.2884,""placares_top5"":[{""placar"":""1×1"",""prob"":0.122},{""placar"":""1×0"",""prob"":0.107},{""placar"":""2×1"",""prob"":0.0915},{""placar"":""0×1"",""prob"":0.0814},{""placar"":""2×0"",""prob"":0.0803}]}","completed","6a5e54141b6c88c3eb35da58","2026-07-20T17:00:04.971000","2026-07-22T10:42:19.861000","6a397687c9763709d6ee2143","lauremank622@gmail.com","false"
"2026-07-20","{""goals"":{""t"":1.55,""c"":1.6},""corners"":{""t"":6.25,""c"":5.2},""cards"":{""t"":2.75,""c"":3},""crosses"":{""t"":5.85,""c"":4.4},""big_chance_created"":{""t"":1.95,""c"":2.15},""big_chance_missed"":{""t"":1.1,""c"":1.25},""big_chance_scored"":{""t"":0.85,""c"":0.9},""xg"":{""t"":1.34,""c"":1.19},""shots_on_target"":{""t"":5.1,""c"":4.7},""shots_in_box"":{""t"":8.55,""c"":7.5},""total_shots"":{""t"":13.45,""c"":12.7},""shots_outside_box"":{""t"":4.9,""c"":5.2},""clearances"":{""t"":23.8,""c"":27.85},""dispossessed"":{""t"":7.45,""c"":8.1},""errors_goal"":{""t"":0.05,""c"":0.1},""errors_shot"":{""t"":0.15,""c"":0.2},""fouls"":{""t"":14.05,""c"":15.5},""gk_saves"":{""t"":3.35,""c"":3.7},""interceptions"":{""t"":8.85,""c"":9.2},""tackles"":{""t"":15.3,""c"":15.05},""free_kicks"":{""t"":17.05,""c"":15.8},""goal_kicks"":{""t"":6.4,""c"":7.5},""throw_ins"":{""t"":18.45,""c"":16.55},""possession"":{""t"":58.4,""c"":41.6},""offsides"":{""t"":1.9,""c"":1.85},""passes"":{""t"":461.5,""c"":330.7},""touches_opp_box"":{""t"":21.05,""c"":17.15},""red_cards"":{""t"":0,""c"":0.1},""yellow_cards"":{""t"":2.75,""c"":2.9}}","{""goals"":{""t"":1.5,""c"":1.2},""corners"":{""t"":4.45,""c"":3.6},""cards"":{""t"":2.1,""c"":2},""crosses"":{""t"":3.6,""c"":4.25},""big_chance_created"":{""t"":2.1,""c"":1.75},""big_chance_missed"":{""t"":1.35,""c"":1.05},""big_chance_scored"":{""t"":0.75,""c"":0.7},""xg"":{""t"":1.25,""c"":1.06},""shots_on_target"":{""t"":4.9,""c"":4.1},""shots_in_box"":{""t"":8.05,""c"":7.05},""total_shots"":{""t"":13.05,""c"":12.8},""shots_outside_box"":{""t"":5,""c"":5.75},""clearances"":{""t"":21,""c"":20.45},""dispossessed"":{""t"":6.9,""c"":5.75},""errors_goal"":{""t"":0.1,""c"":0.15},""errors_shot"":{""t"":0.2,""c"":0.15},""fouls"":{""t"":11.4,""c"":14.15},""gk_saves"":{""t"":2.9,""c"":3.35},""interceptions"":{""t"":8.45,""c"":9.4},""tackles"":{""t"":12,""c"":15.5},""free_kicks"":{""t"":15.25,""c"":12.8},""goal_kicks"":{""t"":8.6,""c"":7.3},""throw_ins"":{""t"":20.15,""c"":20.3},""possession"":{""t"":50.95,""c"":49.05},""offsides"":{""t"":1.5,""c"":1.2},""passes"":{""t"":436.45,""c"":408.95},""touches_opp_box"":{""t"":16.65,""c"":16.65},""red_cards"":{""t"":0.2,""c"":0.15},""yellow_cards"":{""t"":1.9,""c"":1.85}}","","","Bahia","","","","{""corners_home"":6,""corners_away"":4,""goals_home"":1,""goals_away"":1,""cards_home"":0,""cards_away"":2,""fouls_home"":4,""fouls_away"":12,""saves_home"":3,""saves_away"":3,""totalshots_home"":16,""totalshots_away"":21,""shots_home"":4,""shots_away"":4,""btts"":1}","","Atlético MG","{""xc_casa"":5.73,""xc_fora"":5.14,""xc_total"":10.87,""dc"":{""base"":4.825,""indice_ofensivo"":1.0122,""indice_defensivo"":1.0627,""indice_composto"":1.0324,""detalhes_of"":{""shots_on_target"":[0.27,1.021],""shots_in_box"":[0.22,1.035],""big_chance_missed"":[0.13,1.038],""crosses"":[0.13,0.9],""touches_opp_box"":[0.13,0.985],""total_shots"":[0.1,1.014],""possession"":[0.08,1.101]},""detalhes_def"":{""gk_saves"":[0.5,0.872],""clearances"":[0.25,1.526],""shots_ced"":[0.25,0.981]}},""df"":{""base"":4.925,""indice_ofensivo"":1.0931,""indice_defensivo"":0.9714,""indice_composto"":1.0444,""detalhes_of"":{""shots_on_target"":[0.27,1.109],""shots_in_box"":[0.22,1.096],""big_chance_missed"":[0.13,1.023],""crosses"":[0.13,1.158],""touches_opp_box"":[0.13,1.117],""total_shots"":[0.1,1.025],""possession"":[0.08,1.087]},""detalhes_def"":{""gk_saves"":[0.5,0.813],""clearances"":[0.25,1.359],""shots_ced"":[0.25,0.901]}},""xg_casa"":1.69,""xg_fora"":1.26,""xg_total"":2.95,""xs_casa"":5.12,""xs_fora"":4.87,""xs_total"":9.99,""p_btts"":0.4556,""db"":{""xg_casa"":1.69,""xg_fora"":1.26,""p_casa_marca"":0.8155,""p_fora_marca"":0.7163},""xcard_casa"":2.19,""xcard_fora"":2.51,""xcard_total"":4.7,""xfouls_casa"":15.4,""xfouls_fora"":18.74,""xfouls_total"":34.14,""xsaves_casa"":3.58,""xsaves_fora"":3.41,""xsaves_total"":6.99,""xtotalshots_casa"":12.91,""xtotalshots_fora"":14.43,""xtotalshots_total"":27.34,""p_casa_vence"":0.4749,""p_empate"":0.2392,""p_fora_vence"":0.2858,""placares_top5"":[{""placar"":""1×1"",""prob"":0.1115},{""placar"":""2×1"",""prob"":0.0942},{""placar"":""1×0"",""prob"":0.0885},{""placar"":""2×0"",""prob"":0.0747},{""placar"":""1×2"",""prob"":0.0702}]}","completed","6a5e53f963147ac62a607a7c","2026-07-20T16:59:37.094000","2026-07-22T10:40:52.774000","6a397687c9763709d6ee2143","lauremank622@gmail.com","false"
"2026-07-17","{""goals"":{""t"":1.2,""c"":1},""corners"":{""t"":4.7,""c"":5.4},""cards"":{""t"":3.05,""c"":3.2},""crosses"":{""t"":3.35,""c"":4.75},""big_chance_created"":{""t"":1.6,""c"":1.6},""big_chance_missed"":{""t"":1.05,""c"":0.9},""big_chance_scored"":{""t"":0.55,""c"":0.7},""xg"":{""t"":1.07,""c"":1.07},""shots_on_target"":{""t"":4.35,""c"":4.4},""shots_in_box"":{""t"":5.45,""c"":7.5},""total_shots"":{""t"":12.45,""c"":13.6},""shots_outside_box"":{""t"":7,""c"":6.1},""clearances"":{""t"":24.4,""c"":18.7},""dispossessed"":{""t"":7,""c"":8.2},""errors_goal"":{""t"":0,""c"":0.2},""errors_shot"":{""t"":0.2,""c"":0.3},""fouls"":{""t"":14.3,""c"":16.35},""gk_saves"":{""t"":3.3,""c"":3.15},""interceptions"":{""t"":9.35,""c"":9},""tackles"":{""t"":15.05,""c"":14.2},""free_kicks"":{""t"":18,""c"":16},""goal_kicks"":{""t"":8.4,""c"":7.35},""throw_ins"":{""t"":18.9,""c"":19.15},""possession"":{""t"":49.9,""c"":50.1},""offsides"":{""t"":1.85,""c"":1.8},""passes"":{""t"":393.8,""c"":390.75},""touches_opp_box"":{""t"":11.1,""c"":15.7},""red_cards"":{""t"":0.2,""c"":0.15},""yellow_cards"":{""t"":2.85,""c"":3.05}}","{""goals"":{""t"":1.55,""c"":1.25},""corners"":{""t"":5.05,""c"":4.45},""cards"":{""t"":2.7,""c"":3.3},""crosses"":{""t"":5.6,""c"":4.95},""big_chance_created"":{""t"":2,""c"":1.75},""big_chance_missed"":{""t"":1.15,""c"":1.2},""big_chance_scored"":{""t"":0.85,""c"":0.6},""xg"":{""t"":1.5,""c"":1.18},""shots_on_target"":{""t"":3.95,""c"":3.85},""shots_in_box"":{""t"":7.8,""c"":7.15},""total_shots"":{""t"":12.1,""c"":11.55},""shots_outside_box"":{""t"":4.3,""c"":4.4},""clearances"":{""t"":21.3,""c"":22.25},""dispossessed"":{""t"":6.05,""c"":5.8},""errors_goal"":{""t"":0.05,""c"":0.05},""errors_shot"":{""t"":0.15,""c"":0.25},""fouls"":{""t"":12.75,""c"":16.65},""gk_saves"":{""t"":2.8,""c"":2.6},""interceptions"":{""t"":7.3,""c"":6.75},""tackles"":{""t"":12.2,""c"":12.45},""free_kicks"":{""t"":16.55,""c"":13.1},""goal_kicks"":{""t"":7.9,""c"":7.25},""throw_ins"":{""t"":17.4,""c"":16.4},""possession"":{""t"":53,""c"":42},""offsides"":{""t"":1.2,""c"":1.65},""passes"":{""t"":362.5,""c"":282.55},""touches_opp_box"":{""t"":15.95,""c"":17},""red_cards"":{""t"":0.15,""c"":0.1},""yellow_cards"":{""t"":2.55,""c"":3.2}}","","","Operario","","","","{""corners_home"":7,""corners_away"":1,""goals_home"":2,""goals_away"":2,""cards_home"":6,""cards_away"":2,""fouls_home"":24,""fouls_away"":8,""saves_home"":4,""saves_away"":6,""totalshots_home"":23,""totalshots_away"":16,""shots_home"":8,""shots_away"":6,""btts"":1}","","Sport","{""xc_casa"":6.18,""xc_fora"":4.48,""xc_total"":10.66,""dc"":{""base"":5.225,""indice_ofensivo"":1.013,""indice_defensivo"":1.0511,""indice_composto"":1.0282,""detalhes_of"":{""shots_on_target"":[0.27,0.946],""shots_in_box"":[0.22,1.02],""big_chance_missed"":[0.13,1.122],""crosses"":[0.13,1.082],""touches_opp_box"":[0.13,1.008],""total_shots"":[0.1,0.942],""possession"":[0.08,1.028]},""detalhes_def"":{""gk_saves"":[0.5,0.89],""clearances"":[0.25,1.371],""shots_ced"":[0.25,1.054]}},""df"":{""base"":4.575,""indice_ofensivo"":0.94,""indice_defensivo"":1.0392,""indice_composto"":0.9797,""detalhes_of"":{""shots_on_target"":[0.27,1.061],""shots_in_box"":[0.22,0.865],""big_chance_missed"":[0.13,0.933],""crosses"":[0.13,0.807],""touches_opp_box"":[0.13,0.79],""total_shots"":[0.1,1.037],""possession"":[0.08,1.086]},""detalhes_def"":{""gk_saves"":[0.5,0.764],""clearances"":[0.25,1.688],""shots_ced"":[0.25,0.941]}},""xg_casa"":1.38,""xg_fora"":1.09,""xg_total"":2.47,""xs_casa"":4.38,""xs_fora"":4.14,""xs_total"":8.52,""p_btts"":0.3875,""db"":{""xg_casa"":1.38,""xg_fora"":1.09,""p_casa_marca"":0.7484,""p_fora_marca"":0.6638},""xcard_casa"":2.48,""xcard_fora"":3.3,""xcard_total"":5.78,""xfouls_casa"":16.82,""xfouls_fora"":20.3,""xfouls_total"":37.12,""xsaves_casa"":2.92,""xsaves_fora"":3,""xsaves_total"":5.92,""xtotalshots_casa"":13.44,""xtotalshots_fora"":10.64,""xtotalshots_total"":24.08,""p_casa_vence"":0.435,""p_empate"":0.2685,""p_fora_vence"":0.2966,""placares_top5"":[{""placar"":""1×1"",""prob"":0.1272},{""placar"":""1×0"",""prob"":0.1167},{""placar"":""0×1"",""prob"":0.0922},{""placar"":""2×1"",""prob"":0.0878},{""placar"":""0×0"",""prob"":0.0846}]}","completed","6a5a6ae2efd4923de45cd6d0","2026-07-17T17:48:18.100000","2026-07-20T16:58:08.799000","6a397687c9763709d6ee2143","lauremank622@gmail.com","false"
"2026-07-17","{""goals"":{""t"":1.85,""c"":1.55},""corners"":{""t"":4.15,""c"":4.3},""cards"":{""t"":3.05,""c"":3},""crosses"":{""t"":2.85,""c"":2.85},""big_chance_created"":{""t"":1.15,""c"":1.7},""big_chance_missed"":{""t"":0.35,""c"":1},""big_chance_scored"":{""t"":0.8,""c"":0.7},""xg"":{""t"":1.12,""c"":1.11},""shots_on_target"":{""t"":3.3,""c"":3.6},""shots_in_box"":{""t"":5.3,""c"":5.4},""total_shots"":{""t"":11.4,""c"":8.85},""shots_outside_box"":{""t"":6.1,""c"":3.45},""clearances"":{""t"":20,""c"":18.25},""dispossessed"":{""t"":7.4,""c"":6.2},""errors_goal"":{""t"":0.05,""c"":0.2},""errors_shot"":{""t"":0.25,""c"":0.4},""fouls"":{""t"":12.6,""c"":12.5},""gk_saves"":{""t"":2.6,""c"":2},""interceptions"":{""t"":7.3,""c"":7.2},""tackles"":{""t"":11.95,""c"":14.1},""free_kicks"":{""t"":15.4,""c"":13.95},""goal_kicks"":{""t"":6.75,""c"":8.2},""throw_ins"":{""t"":18.55,""c"":19.5},""possession"":{""t"":48.05,""c"":41.95},""offsides"":{""t"":1.35,""c"":3},""passes"":{""t"":333.25,""c"":298.05},""touches_opp_box"":{""t"":14.1,""c"":13.4},""red_cards"":{""t"":0.2,""c"":0.35},""yellow_cards"":{""t"":2.85,""c"":2.65}}","{""goals"":{""t"":1.15,""c"":0.65},""corners"":{""t"":6.25,""c"":4},""cards"":{""t"":2,""c"":2.5},""crosses"":{""t"":5.6,""c"":3.5},""big_chance_created"":{""t"":1.6,""c"":1.1},""big_chance_missed"":{""t"":0.95,""c"":0.8},""big_chance_scored"":{""t"":0.65,""c"":0.3},""xg"":{""t"":1.3,""c"":0.91},""shots_on_target"":{""t"":3.85,""c"":3.25},""shots_in_box"":{""t"":8.35,""c"":6.5},""total_shots"":{""t"":13.85,""c"":12.25},""shots_outside_box"":{""t"":5.5,""c"":5.75},""clearances"":{""t"":27.75,""c"":23.75},""dispossessed"":{""t"":6.85,""c"":6.55},""errors_goal"":{""t"":0.1,""c"":0},""errors_shot"":{""t"":0.2,""c"":0.4},""fouls"":{""t"":13.15,""c"":13.65},""gk_saves"":{""t"":2.6,""c"":2.7},""interceptions"":{""t"":8.7,""c"":9.3},""tackles"":{""t"":13.35,""c"":13},""free_kicks"":{""t"":15.1,""c"":14.7},""goal_kicks"":{""t"":7.65,""c"":9.35},""throw_ins"":{""t"":21.05,""c"":21.85},""possession"":{""t"":49.3,""c"":45.7},""offsides"":{""t"":1.55,""c"":1.55},""passes"":{""t"":362.5,""c"":340.1},""touches_opp_box"":{""t"":19.35,""c"":16.4},""red_cards"":{""t"":0.1,""c"":0.05},""yellow_cards"":{""t"":1.9,""c"":2.45}}","","","Vila Nova","","","","{""corners_home"":5,""corners_away"":2,""goals_home"":2,""goals_away"":0,""cards_home"":5,""cards_away"":3,""fouls_home"":19,""fouls_away"":20,""saves_home"":2,""saves_away"":2,""totalshots_home"":9,""totalshots_away"":12,""shots_home"":4,""shots_away"":2,""btts"":0}","","Criciuma","{""xc_casa"":6.38,""xc_fora"":4.07,""xc_total"":10.45,""dc"":{""base"":5.275,""indice_ofensivo"":1.139,""indice_defensivo"":0.9203,""indice_composto"":1.0515,""detalhes_of"":{""shots_on_target"":[0.27,1.034],""shots_in_box"":[0.22,1.215],""big_chance_missed"":[0.13,0.974],""crosses"":[0.13,1.325],""touches_opp_box"":[0.13,1.182],""total_shots"":[0.1,1.22],""possession"":[0.08,1.081]},""detalhes_def"":{""gk_saves"":[0.5,0.696],""clearances"":[0.25,1.323],""shots_ced"":[0.25,0.966]}},""df"":{""base"":4.075,""indice_ofensivo"":0.9095,""indice_defensivo"":1.1323,""indice_composto"":0.9987,""detalhes_of"":{""shots_on_target"":[0.27,1.008],""shots_in_box"":[0.22,0.898],""big_chance_missed"":[0.13,0.609],""crosses"":[0.13,0.898],""touches_opp_box"":[0.13,0.925],""total_shots"":[0.1,0.964],""possession"":[0.08,1.025]},""detalhes_def"":{""gk_saves"":[0.5,0.897],""clearances"":[0.25,1.743],""shots_ced"":[0.25,0.992]}},""xg_casa"":1.42,""xg_fora"":1.3,""xg_total"":2.72,""xs_casa"":3.96,""xs_fora"":3.49,""xs_total"":7.45,""p_btts"":0.4303,""db"":{""xg_casa"":1.42,""xg_fora"":1.3,""p_casa_marca"":0.7583,""p_fora_marca"":0.7275},""xcard_casa"":2.36,""xcard_fora"":2.74,""xcard_total"":5.1,""xfouls_casa"":17.12,""xfouls_fora"":16,""xfouls_total"":33.12,""xsaves_casa"":2.28,""xsaves_fora"":2.89,""xsaves_total"":5.17,""xtotalshots_casa"":13.04,""xtotalshots_fora"":11.22,""xtotalshots_total"":24.26,""p_casa_vence"":0.3993,""p_empate"":0.2565,""p_fora_vence"":0.3442,""placares_top5"":[{""placar"":""1×1"",""prob"":0.1216},{""placar"":""1×0"",""prob"":0.0935},{""placar"":""2×1"",""prob"":0.0863},{""placar"":""0×1"",""prob"":0.0856},{""placar"":""1×2"",""prob"":0.079}]}","completed","6a5a6ac57f75034a002b424d","2026-07-17T17:47:49.641000","2026-07-20T16:56:59.200000","6a397687c9763709d6ee2143","lauremank622@gmail.com","false"
"2026-07-17","{""goals"":{""t"":1.05,""c"":1.3},""corners"":{""t"":4.15,""c"":5.55},""cards"":{""t"":2.5,""c"":2.2},""crosses"":{""t"":3.95,""c"":4.35},""big_chance_created"":{""t"":1.65,""c"":1.85},""big_chance_missed"":{""t"":1.05,""c"":1.1},""big_chance_scored"":{""t"":0.6,""c"":0.75},""xg"":{""t"":1.06,""c"":1.13},""shots_on_target"":{""t"":3.35,""c"":4.5},""shots_in_box"":{""t"":6.1,""c"":7.45},""total_shots"":{""t"":10.85,""c"":13.7},""shots_outside_box"":{""t"":4.8,""c"":6.25},""clearances"":{""t"":19.8,""c"":20.1},""dispossessed"":{""t"":8.35,""c"":6.45},""errors_goal"":{""t"":0.1,""c"":0.1},""errors_shot"":{""t"":0.25,""c"":0.2},""fouls"":{""t"":13.1,""c"":12.9},""gk_saves"":{""t"":3.25,""c"":2.15},""interceptions"":{""t"":7.4,""c"":8.75},""tackles"":{""t"":12.6,""c"":14.8},""free_kicks"":{""t"":13.2,""c"":14.3},""goal_kicks"":{""t"":8.8,""c"":6.5},""throw_ins"":{""t"":20,""c"":16.5},""possession"":{""t"":49.6,""c"":45.4},""offsides"":{""t"":1.45,""c"":0.45},""passes"":{""t"":398.25,""c"":356.3},""touches_opp_box"":{""t"":13.8,""c"":13},""red_cards"":{""t"":0.25,""c"":0.15},""yellow_cards"":{""t"":2.25,""c"":2.05}}","{""goals"":{""t"":0.65,""c"":1.8},""corners"":{""t"":4.7,""c"":5.65},""cards"":{""t"":3.1,""c"":2.55},""crosses"":{""t"":3.25,""c"":5.5},""big_chance_created"":{""t"":1.25,""c"":1.95},""big_chance_missed"":{""t"":0.9,""c"":0.9},""big_chance_scored"":{""t"":0.4,""c"":1.05},""xg"":{""t"":0.87,""c"":1.43},""shots_on_target"":{""t"":2.85,""c"":5.4},""shots_in_box"":{""t"":5.7,""c"":9.9},""total_shots"":{""t"":9.45,""c"":15.9},""shots_outside_box"":{""t"":3.75,""c"":6},""clearances"":{""t"":25.3,""c"":22.85},""dispossessed"":{""t"":5.9,""c"":5.95},""errors_goal"":{""t"":0.1,""c"":0.05},""errors_shot"":{""t"":0.35,""c"":0.2},""fouls"":{""t"":14.8,""c"":12.55},""gk_saves"":{""t"":3.65,""c"":2.25},""interceptions"":{""t"":7.35,""c"":6.95},""tackles"":{""t"":12.9,""c"":12.1},""free_kicks"":{""t"":13.7,""c"":16.1},""goal_kicks"":{""t"":9.25,""c"":5.8},""throw_ins"":{""t"":18.85,""c"":18.05},""possession"":{""t"":38.25,""c"":51.75},""offsides"":{""t"":1.55,""c"":1.25},""passes"":{""t"":277.1,""c"":374.7},""touches_opp_box"":{""t"":13.55,""c"":22.85},""red_cards"":{""t"":0.4,""c"":0.15},""yellow_cards"":{""t"":2.7,""c"":2.4}}","","","Goiás","","","","{""corners_home"":5,""corners_away"":2,""goals_home"":1,""goals_away"":2,""cards_home"":1,""cards_away"":2,""fouls_home"":20,""fouls_away"":19,""saves_home"":0,""saves_away"":3,""totalshots_home"":14,""totalshots_away"":8,""shots_home"":4,""shots_away"":2,""btts"":1}","","Ponte Preta","{""xc_casa"":5.75,""xc_fora"":4.64,""xc_total"":10.39,""dc"":{""base"":5.125,""indice_ofensivo"":0.864,""indice_defensivo"":1.1425,""indice_composto"":0.9754,""detalhes_of"":{""shots_on_target"":[0.27,0.776],""shots_in_box"":[0.22,0.867],""big_chance_missed"":[0.13,0.9],""crosses"":[0.13,0.855],""touches_opp_box"":[0.13,1.021],""total_shots"":[0.1,0.816],""possession"":[0.08,0.915]},""detalhes_def"":{""gk_saves"":[0.5,0.851],""clearances"":[0.25,1.603],""shots_ced"":[0.25,1.265]}},""df"":{""base"":4.9,""indice_ofensivo"":0.8307,""indice_defensivo"":1.1211,""indice_composto"":0.9468,""detalhes_of"":{""shots_on_target"":[0.27,0.766],""shots_in_box"":[0.22,0.763],""big_chance_missed"":[0.13,1.077],""crosses"":[0.13,0.836],""touches_opp_box"":[0.13,0.753],""total_shots"":[0.1,0.811],""possession"":[0.08,0.979]},""detalhes_def"":{""gk_saves"":[0.5,0.802],""clearances"":[0.25,1.618],""shots_ced"":[0.25,1.263]}},""xg_casa"":1,""xg_fora"":1.24,""xg_total"":2.24,""xs_casa"":3.61,""xs_fora"":4.15,""xs_total"":7.76,""p_btts"":0.3504,""db"":{""xg_casa"":1,""xg_fora"":1.24,""p_casa_marca"":0.6321,""p_fora_marca"":0.7106},""xcard_casa"":2.54,""xcard_fora"":2.64,""xcard_total"":5.18,""xfouls_casa"":17.66,""xfouls_fora"":16.89,""xfouls_total"":34.55,""xsaves_casa"":2.34,""xsaves_fora"":2.25,""xsaves_total"":4.59,""xtotalshots_casa"":10.4,""xtotalshots_fora"":11.12,""xtotalshots_total"":21.52,""p_casa_vence"":0.2975,""p_empate"":0.2855,""p_fora_vence"":0.417,""placares_top5"":[{""placar"":""0×1"",""prob"":0.132},{""placar"":""1×1"",""prob"":0.132},{""placar"":""0×0"",""prob"":0.1065},{""placar"":""1×0"",""prob"":0.1065},{""placar"":""0×2"",""prob"":0.0818}]}","completed","6a5a6aabe819cd20de35d43a","2026-07-17T17:47:23.308000","2026-07-20T16:56:11.522000","6a397687c9763709d6ee2143","lauremank622@gmail.com","false"
"2026-07-17","{""goals"":{""t"":2.15,""c"":0.65},""corners"":{""t"":7.1,""c"":2.95},""cards"":{""t"":1,""c"":1.55},""crosses"":{""t"":5.6,""c"":2.4},""big_chance_created"":{""t"":3.55,""c"":0.9},""big_chance_missed"":{""t"":2.15,""c"":0.5},""big_chance_scored"":{""t"":1.45,""c"":0.45},""xg"":{""t"":2,""c"":0.66},""shots_on_target"":{""t"":6.45,""c"":2.25},""shots_in_box"":{""t"":11.8,""c"":4.6},""total_shots"":{""t"":17.3,""c"":7.6},""shots_outside_box"":{""t"":5.45,""c"":3},""clearances"":{""t"":15.05,""c"":29.1},""dispossessed"":{""t"":7.25,""c"":7.1},""errors_goal"":{""t"":0.2,""c"":0.15},""errors_shot"":{""t"":0.45,""c"":0.55},""fouls"":{""t"":9.3,""c"":12.75},""gk_saves"":{""t"":1.55,""c"":4.35},""interceptions"":{""t"":6.1,""c"":8},""tackles"":{""t"":13,""c"":16},""free_kicks"":{""t"":14.45,""c"":11.1},""goal_kicks"":{""t"":4.4,""c"":9.7},""throw_ins"":{""t"":16,""c"":14.7},""possession"":{""t"":65.1,""c"":34.9},""offsides"":{""t"":1.55,""c"":1.35},""passes"":{""t"":592.45,""c"":318.95},""touches_opp_box"":{""t"":36.35,""c"":12.5},""red_cards"":{""t"":0.05,""c"":0.05},""yellow_cards"":{""t"":0.95,""c"":1.5}}","{""goals"":{""t"":2.7,""c"":1.1},""corners"":{""t"":6.85,""c"":2.8},""cards"":{""t"":1.4,""c"":1.5},""crosses"":{""t"":3.8,""c"":1.75},""big_chance_created"":{""t"":3.75,""c"":1.75},""big_chance_missed"":{""t"":2.4,""c"":1},""big_chance_scored"":{""t"":1.35,""c"":0.75},""xg"":{""t"":2.25,""c"":0.91},""shots_on_target"":{""t"":7.05,""c"":2.45},""shots_in_box"":{""t"":11.95,""c"":5.2},""total_shots"":{""t"":19.1,""c"":7.65},""shots_outside_box"":{""t"":7.15,""c"":2.45},""clearances"":{""t"":14.75,""c"":22.9},""dispossessed"":{""t"":8.95,""c"":8.4},""errors_goal"":{""t"":0.05,""c"":0.1},""errors_shot"":{""t"":0.65,""c"":1.05},""fouls"":{""t"":9,""c"":10.55},""gk_saves"":{""t"":1.55,""c"":4.65},""interceptions"":{""t"":8.4,""c"":9.2},""tackles"":{""t"":14.45,""c"":19.85},""free_kicks"":{""t"":13.1,""c"":11.75},""goal_kicks"":{""t"":5.6,""c"":10.35},""throw_ins"":{""t"":17,""c"":15.95},""possession"":{""t"":60.75,""c"":39.25},""offsides"":{""t"":1.6,""c"":1.55},""passes"":{""t"":597.45,""c"":389.5},""touches_opp_box"":{""t"":37.4,""c"":13.25},""red_cards"":{""t"":0.1,""c"":0},""yellow_cards"":{""t"":1.3,""c"":1.5}}","","","Inglaterra","","","","{""corners_home"":3,""corners_away"":4,""goals_home"":4,""goals_away"":6,""cards_home"":0,""cards_away"":0,""fouls_home"":14,""fouls_away"":8,""saves_home"":4,""saves_away"":5,""totalshots_home"":19,""totalshots_away"":19,""shots_home"":9,""shots_away"":11,""btts"":1}","","França","{""xc_casa"":6.89,""xc_fora"":5.98,""xc_total"":12.87,""dc"":{""base"":4.9,""indice_ofensivo"":1.4539,""indice_defensivo"":0.8757,""indice_composto"":1.2226,""detalhes_of"":{""shots_on_target"":[0.27,1.516],""shots_in_box"":[0.22,1.444],""big_chance_missed"":[0.13,1.655],""crosses"":[0.13,1.226],""touches_opp_box"":[0.13,1.499],""total_shots"":[0.1,1.431],""possession"":[0.08,1.27]},""detalhes_def"":{""gk_saves"":[0.5,0.804],""clearances"":[0.25,1.329],""shots_ced"":[0.25,0.565]}},""df"":{""base"":4.95,""indice_ofensivo"":1.4164,""indice_defensivo"":0.8965,""indice_composto"":1.2084,""detalhes_of"":{""shots_on_target"":[0.27,1.449],""shots_in_box"":[0.22,1.388],""big_chance_missed"":[0.13,1.365],""crosses"":[0.13,1.524],""touches_opp_box"":[0.13,1.466],""total_shots"":[0.1,1.387],""possession"":[0.08,1.248]},""detalhes_def"":{""gk_saves"":[0.5,0.862],""clearances"":[0.25,1.245],""shots_ced"":[0.25,0.617]}},""xg_casa"":2.14,""xg_fora"":1.77,""xg_total"":3.91,""xs_casa"":5.99,""xs_fora"":5.47,""xs_total"":11.46,""p_btts"":0.6881,""db"":{""xg_casa"":2.14,""xg_fora"":1.77,""p_casa_marca"":0.8823,""p_fora_marca"":0.8297},""xcard_casa"":1.33,""xcard_fora"":1.13,""xcard_total"":2.46,""xfouls_casa"":13.72,""xfouls_fora"":11.94,""xfouls_total"":25.66,""xsaves_casa"":4.13,""xsaves_fora"":4.68,""xsaves_total"":8.81,""xtotalshots_casa"":19.28,""xtotalshots_fora"":17.43,""xtotalshots_total"":36.71,""p_casa_vence"":0.4682,""p_empate"":0.2065,""p_fora_vence"":0.3249,""placares_top5"":[{""placar"":""2×1"",""prob"":0.0812},{""placar"":""1×1"",""prob"":0.0759},{""placar"":""2×2"",""prob"":0.0719},{""placar"":""1×2"",""prob"":0.0672},{""placar"":""3×1"",""prob"":0.0579}]}","completed","6a5a6a7333061f77309eb025","2026-07-17T17:46:27.088000","2026-07-20T16:55:27.453000","6a397687c9763709d6ee2143","lauremank622@gmail.com","false"
"2026-07-17","{""goals"":{""t"":1.95,""c"":1.05},""corners"":{""t"":4.9,""c"":4.45},""cards"":{""t"":2,""c"":2.75},""crosses"":{""t"":4.7,""c"":2.65},""big_chance_created"":{""t"":1.75,""c"":1.1},""big_chance_missed"":{""t"":1,""c"":0.75},""big_chance_scored"":{""t"":0.85,""c"":0.35},""xg"":{""t"":1.52,""c"":0.8},""shots_on_target"":{""t"":4.5,""c"":2.95},""shots_in_box"":{""t"":7.2,""c"":5.25},""total_shots"":{""t"":12.45,""c"":9},""shots_outside_box"":{""t"":5.25,""c"":3.75},""clearances"":{""t"":17.7,""c"":20.15},""dispossessed"":{""t"":5.55,""c"":5.55},""errors_goal"":{""t"":0.2,""c"":0.15},""errors_shot"":{""t"":0.2,""c"":0.1},""fouls"":{""t"":12.25,""c"":11.85},""gk_saves"":{""t"":2.2,""c"":2.9},""interceptions"":{""t"":6.65,""c"":5.75},""tackles"":{""t"":10.6,""c"":11.2},""free_kicks"":{""t"":13.85,""c"":13.8},""goal_kicks"":{""t"":5.55,""c"":8.4},""throw_ins"":{""t"":19,""c"":18.3},""possession"":{""t"":43.45,""c"":46.55},""offsides"":{""t"":1.6,""c"":2.1},""passes"":{""t"":299.45,""c"":327.95},""touches_opp_box"":{""t"":17.9,""c"":11.6},""red_cards"":{""t"":0,""c"":0.25},""yellow_cards"":{""t"":2,""c"":2.5}}","{""goals"":{""t"":1.15,""c"":0.9},""corners"":{""t"":5.35,""c"":3.9},""cards"":{""t"":2.9,""c"":2.05},""crosses"":{""t"":4.35,""c"":3.9},""big_chance_created"":{""t"":1.55,""c"":1.45},""big_chance_missed"":{""t"":1.05,""c"":1},""big_chance_scored"":{""t"":0.5,""c"":0.45},""xg"":{""t"":1.11,""c"":1.07},""shots_on_target"":{""t"":4.3,""c"":3.7},""shots_in_box"":{""t"":7.65,""c"":6.65},""total_shots"":{""t"":13.7,""c"":12.2},""shots_outside_box"":{""t"":6.05,""c"":5.55},""clearances"":{""t"":20.4,""c"":23.1},""dispossessed"":{""t"":7,""c"":7.45},""errors_goal"":{""t"":0,""c"":0.1},""errors_shot"":{""t"":0.1,""c"":0.3},""fouls"":{""t"":14.85,""c"":12.75},""gk_saves"":{""t"":2.95,""c"":3.3},""interceptions"":{""t"":7.5,""c"":8.6},""tackles"":{""t"":13.9,""c"":13.6},""free_kicks"":{""t"":13.55,""c"":16.55},""goal_kicks"":{""t"":6.8,""c"":8.55},""throw_ins"":{""t"":16.8,""c"":18.5},""possession"":{""t"":46.6,""c"":48.4},""offsides"":{""t"":1.75,""c"":1},""passes"":{""t"":381.65,""c"":397.5},""touches_opp_box"":{""t"":16.9,""c"":13.6},""red_cards"":{""t"":0.2,""c"":0.15},""yellow_cards"":{""t"":2.7,""c"":1.9}}","","","Novorizontino","","","","{""corners_home"":10,""corners_away"":6,""goals_home"":1,""goals_away"":0,""cards_home"":4,""cards_away"":1,""fouls_home"":17,""fouls_away"":6,""saves_home"":3,""saves_away"":3,""totalshots_home"":17,""totalshots_away"":19,""shots_home"":4,""shots_away"":4,""btts"":0}","","Fortaleza","{""xc_casa"":6.17,""xc_fora"":4.61,""xc_total"":10.78,""dc"":{""base"":4.9,""indice_ofensivo"":1.1786,""indice_defensivo"":0.9676,""indice_composto"":1.0942,""detalhes_of"":{""shots_on_target"":[0.27,1.186],""shots_in_box"":[0.22,1.186],""big_chance_missed"":[0.13,1.167],""crosses"":[0.13,1.243],""touches_opp_box"":[0.13,1.186],""total_shots"":[0.1,1.207],""possession"":[0.08,1.001]},""detalhes_def"":{""gk_saves"":[0.5,0.816],""clearances"":[0.25,1.414],""shots_ced"":[0.25,0.824]}},""df"":{""base"":4.4,""indice_ofensivo"":1.0581,""indice_defensivo"":1.0328,""indice_composto"":1.048,""detalhes_of"":{""shots_on_target"":[0.27,1.098],""shots_in_box"":[0.22,1.04],""big_chance_missed"":[0.13,1],""crosses"":[0.13,1.093],""touches_opp_box"":[0.13,1.137],""total_shots"":[0.1,1.01],""possession"":[0.08,0.946]},""detalhes_def"":{""gk_saves"":[0.5,0.856],""clearances"":[0.25,1.512],""shots_ced"":[0.25,0.908]}},""xg_casa"":1.27,""xg_fora"":1.45,""xg_total"":2.72,""xs_casa"":4.07,""xs_fora"":4.42,""xs_total"":8.49,""p_btts"":0.4294,""db"":{""xg_casa"":1.27,""xg_fora"":1.45,""p_casa_marca"":0.7192,""p_fora_marca"":0.7654},""xcard_casa"":2.84,""xcard_fora"":1.91,""xcard_total"":4.75,""xfouls_casa"":19.11,""xfouls_fora"":15.08,""xfouls_total"":34.19,""xsaves_casa"":3.16,""xsaves_fora"":3.25,""xsaves_total"":6.41,""xtotalshots_casa"":13.23,""xtotalshots_fora"":13.21,""xtotalshots_total"":26.44,""p_casa_vence"":0.3308,""p_empate"":0.2559,""p_fora_vence"":0.4133,""placares_top5"":[{""placar"":""1×1"",""prob"":0.1213},{""placar"":""0×1"",""prob"":0.0955},{""placar"":""1×2"",""prob"":0.0879},{""placar"":""1×0"",""prob"":0.0837},{""placar"":""2×1"",""prob"":0.077}]}","completed","6a5a0c9f89479b8f2d301baf","2026-07-17T11:06:07.030000","2026-07-20T16:54:31.164000","6a397687c9763709d6ee2143","lauremank622@gmail.com","false"
"2026-07-17","{""goals"":{""t"":1.05,""c"":1},""corners"":{""t"":6.2,""c"":5.4},""cards"":{""t"":2.45,""c"":2.6},""crosses"":{""t"":6,""c"":4.2},""big_chance_created"":{""t"":1.4,""c"":1.05},""big_chance_missed"":{""t"":0.9,""c"":0.4},""big_chance_scored"":{""t"":0.5,""c"":0.6},""xg"":{""t"":1.19,""c"":0.96},""shots_on_target"":{""t"":3.65,""c"":3.25},""shots_in_box"":{""t"":7.1,""c"":5.7},""total_shots"":{""t"":12.1,""c"":11.8},""shots_outside_box"":{""t"":5,""c"":6.1},""clearances"":{""t"":27.35,""c"":26.45},""dispossessed"":{""t"":6.7,""c"":6.9},""errors_goal"":{""t"":0.05,""c"":0.1},""errors_shot"":{""t"":0.45,""c"":0.15},""fouls"":{""t"":14.2,""c"":13.75},""gk_saves"":{""t"":2.25,""c"":2.75},""interceptions"":{""t"":7.2,""c"":6.9},""tackles"":{""t"":13.35,""c"":13.2},""free_kicks"":{""t"":14.65,""c"":15.7},""goal_kicks"":{""t"":7.25,""c"":8},""throw_ins"":{""t"":21.4,""c"":21.5},""possession"":{""t"":46.25,""c"":48.75},""offsides"":{""t"":1.65,""c"":1.1},""passes"":{""t"":327.05,""c"":348.55},""touches_opp_box"":{""t"":20.8,""c"":14.85},""red_cards"":{""t"":0,""c"":0.2},""yellow_cards"":{""t"":2.45,""c"":2.4}}","{""goals"":{""t"":1.55,""c"":1.5},""corners"":{""t"":5.1,""c"":6},""cards"":{""t"":2.85,""c"":2.55},""crosses"":{""t"":3.2,""c"":5.25},""big_chance_created"":{""t"":1.55,""c"":1.75},""big_chance_missed"":{""t"":0.75,""c"":1},""big_chance_scored"":{""t"":0.8,""c"":0.75},""xg"":{""t"":1.05,""c"":1.35},""shots_on_target"":{""t"":3.35,""c"":4.3},""shots_in_box"":{""t"":5.4,""c"":7.95},""total_shots"":{""t"":10.7,""c"":13.6},""shots_outside_box"":{""t"":5.3,""c"":5.65},""clearances"":{""t"":24.95,""c"":18.4},""dispossessed"":{""t"":5.5,""c"":7},""errors_goal"":{""t"":0.05,""c"":0.1},""errors_shot"":{""t"":0.15,""c"":0.2},""fouls"":{""t"":12.35,""c"":13.45},""gk_saves"":{""t"":2.85,""c"":2.15},""interceptions"":{""t"":7.4,""c"":8.15},""tackles"":{""t"":13.35,""c"":11.7},""free_kicks"":{""t"":14.7,""c"":13.6},""goal_kicks"":{""t"":8.15,""c"":7.2},""throw_ins"":{""t"":17.85,""c"":19.9},""possession"":{""t"":43.35,""c"":51.65},""offsides"":{""t"":1.35,""c"":1.45},""passes"":{""t"":314.25,""c"":374.95},""touches_opp_box"":{""t"":12.5,""c"":17.55},""red_cards"":{""t"":0.15,""c"":0.2},""yellow_cards"":{""t"":2.7,""c"":2.35}}","","","Botafogo-SP","","","","{""corners_home"":8,""corners_away"":3,""goals_home"":0,""goals_away"":0,""cards_home"":2,""cards_away"":2,""fouls_home"":9,""fouls_away"":18,""saves_home"":0,""saves_away"":6,""totalshots_home"":22,""totalshots_away"":5,""shots_home"":5,""shots_away"":0,""btts"":0}","","Londrina","{""xc_casa"":6.38,""xc_fora"":5.99,""xc_total"":12.37,""dc"":{""base"":5.25,""indice_ofensivo"":0.9994,""indice_defensivo"":1.1417,""indice_composto"":1.0563,""detalhes_of"":{""shots_on_target"":[0.27,1.015],""shots_in_box"":[0.22,0.973],""big_chance_missed"":[0.13,1.304],""crosses"":[0.13,0.865],""touches_opp_box"":[0.13,0.914],""total_shots"":[0.1,0.951],""possession"":[0.08,0.941]},""detalhes_def"":{""gk_saves"":[0.5,0.899],""clearances"":[0.25,1.784],""shots_ced"":[0.25,0.984]}},""df"":{""base"":6.1,""indice_ofensivo"":0.9699,""indice_defensivo"":0.999,""indice_composto"":0.9815,""detalhes_of"":{""shots_on_target"":[0.27,0.918],""shots_in_box"":[0.22,0.944],""big_chance_missed"":[0.13,0.947],""crosses"":[0.13,1.067],""touches_opp_box"":[0.13,1.085],""total_shots"":[0.1,0.942],""possession"":[0.08,0.945]},""detalhes_def"":{""gk_saves"":[0.5,0.747],""clearances"":[0.25,1.418],""shots_ced"":[0.25,1.085]}},""xg_casa"":1.43,""xg_fora"":1.08,""xg_total"":2.51,""xs_casa"":3.65,""xs_fora"":3.88,""xs_total"":7.53,""p_btts"":0.3918,""db"":{""xg_casa"":1.43,""xg_fora"":1.08,""p_casa_marca"":0.7607,""p_fora_marca"":0.6604},""xcard_casa"":2.49,""xcard_fora"":2.54,""xcard_total"":5.03,""xfouls_casa"":16.14,""xfouls_fora"":18.02,""xfouls_total"":34.16,""xsaves_casa"":2.59,""xsaves_fora"":2.27,""xsaves_total"":4.86,""xtotalshots_casa"":11.11,""xtotalshots_fora"":12.65,""xtotalshots_total"":23.76,""p_casa_vence"":0.4506,""p_empate"":0.2644,""p_fora_vence"":0.285,""placares_top5"":[{""placar"":""1×1"",""prob"":0.1255},{""placar"":""1×0"",""prob"":0.1162},{""placar"":""2×1"",""prob"":0.0897},{""placar"":""0×1"",""prob"":0.0878},{""placar"":""2×0"",""prob"":0.0831}]}","completed","6a5a0c7dd3d5a90683433f16","2026-07-17T11:05:33.416000","2026-07-20T16:51:44.645000","6a397687c9763709d6ee2143","lauremank622@gmail.com","false"
"2026-07-17","{""goals"":{""t"":1.05,""c"":0.85},""corners"":{""t"":4.3,""c"":2.95},""cards"":{""t"":2.15,""c"":2.3},""crosses"":{""t"":4.5,""c"":3.3},""big_chance_created"":{""t"":1.45,""c"":0.9},""big_chance_missed"":{""t"":0.95,""c"":0.55},""big_chance_scored"":{""t"":0.5,""c"":0.35},""xg"":{""t"":1.03,""c"":0.75},""shots_on_target"":{""t"":4,""c"":2.1},""shots_in_box"":{""t"":6.7,""c"":4.5},""total_shots"":{""t"":11.65,""c"":9.15},""shots_outside_box"":{""t"":4.95,""c"":4.65},""clearances"":{""t"":18.7,""c"":25.65},""dispossessed"":{""t"":6.15,""c"":4.85},""errors_goal"":{""t"":0.05,""c"":0.1},""errors_shot"":{""t"":0.1,""c"":0.5},""fouls"":{""t"":13.7,""c"":11.7},""gk_saves"":{""t"":1.65,""c"":3.2},""interceptions"":{""t"":8.4,""c"":6.4},""tackles"":{""t"":11.6,""c"":11.1},""free_kicks"":{""t"":13.05,""c"":14.75},""goal_kicks"":{""t"":6.8,""c"":7.9},""throw_ins"":{""t"":18.25,""c"":19.75},""possession"":{""t"":44.55,""c"":45.45},""offsides"":{""t"":1.15,""c"":1.45},""passes"":{""t"":342.45,""c"":359.7},""touches_opp_box"":{""t"":16.45,""c"":11.9},""red_cards"":{""t"":0.1,""c"":0.1},""yellow_cards"":{""t"":2.05,""c"":2.2}}","{""goals"":{""t"":1.15,""c"":0.5},""corners"":{""t"":4.3,""c"":4.8},""cards"":{""t"":2.1,""c"":2.8},""crosses"":{""t"":5.15,""c"":3.7},""big_chance_created"":{""t"":2.1,""c"":1.1},""big_chance_missed"":{""t"":1.3,""c"":0.8},""big_chance_scored"":{""t"":0.8,""c"":0.3},""xg"":{""t"":1.07,""c"":0.97},""shots_on_target"":{""t"":4.75,""c"":3.35},""shots_in_box"":{""t"":7.9,""c"":5.95},""total_shots"":{""t"":12.75,""c"":12.05},""shots_outside_box"":{""t"":4.85,""c"":6.1},""clearances"":{""t"":23.5,""c"":23.05},""dispossessed"":{""t"":6.95,""c"":8.95},""errors_goal"":{""t"":0.1,""c"":0.05},""errors_shot"":{""t"":0.2,""c"":0.15},""fouls"":{""t"":16.7,""c"":16.4},""gk_saves"":{""t"":2.85,""c"":3.7},""interceptions"":{""t"":9.15,""c"":7.7},""tackles"":{""t"":15.75,""c"":12.3},""free_kicks"":{""t"":18.1,""c"":18.25},""goal_kicks"":{""t"":7.2,""c"":8.15},""throw_ins"":{""t"":17.65,""c"":21.45},""possession"":{""t"":49.5,""c"":50.5},""offsides"":{""t"":1.75,""c"":1.75},""passes"":{""t"":354.65,""c"":367.2},""touches_opp_box"":{""t"":16.3,""c"":12.5},""red_cards"":{""t"":0.05,""c"":0.3},""yellow_cards"":{""t"":2.05,""c"":2.5}}","","","Cuiaba","","","","{""corners_home"":3,""corners_away"":5,""goals_home"":2,""goals_away"":0,""cards_home"":3,""cards_away"":2,""fouls_home"":26,""fouls_away"":24,""saves_home"":5,""saves_away"":2,""totalshots_home"":14,""totalshots_away"":15,""shots_home"":4,""shots_away"":0,""btts"":0}","","Juventude","{""xc_casa"":4.76,""xc_fora"":4.91,""xc_total"":9.67,""dc"":{""base"":3.625,""indice_ofensivo"":1.2699,""indice_defensivo"":0.9473,""indice_composto"":1.1409,""detalhes_of"":{""shots_on_target"":[0.27,1.387],""shots_in_box"":[0.22,1.274],""big_chance_missed"":[0.13,1.405],""crosses"":[0.13,1.219],""touches_opp_box"":[0.13,1.156],""total_shots"":[0.1,1.164],""possession"":[0.08,1.043]},""detalhes_def"":{""gk_saves"":[0.5,0.82],""clearances"":[0.25,1.502],""shots_ced"":[0.25,0.647]}},""df"":{""base"":4.55,""indice_ofensivo"":1.0677,""indice_defensivo"":1.0986,""indice_composto"":1.0801,""detalhes_of"":{""shots_on_target"":[0.27,1.088],""shots_in_box"":[0.22,1.059],""big_chance_missed"":[0.13,1.086],""crosses"":[0.13,1.098],""touches_opp_box"":[0.13,1.136],""total_shots"":[0.1,0.983],""possession"":[0.08,0.937]},""detalhes_def"":{""gk_saves"":[0.5,0.962],""clearances"":[0.25,1.558],""shots_ced"":[0.25,0.913]}},""xg_casa"":1.21,""xg_fora"":0.77,""xg_total"":1.98,""xs_casa"":4.06,""xs_fora"":4.1,""xs_total"":8.16,""p_btts"":0.245,""db"":{""xg_casa"":1.21,""xg_fora"":0.77,""p_casa_marca"":0.7018,""p_fora_marca"":0.537},""xcard_casa"":2.28,""xcard_fora"":2.41,""xcard_total"":4.69,""xfouls_casa"":21.38,""xfouls_fora"":18.23,""xfouls_total"":39.61,""xsaves_casa"":3.24,""xsaves_fora"":3.5,""xsaves_total"":6.74,""xtotalshots_casa"":13.51,""xtotalshots_fora"":12.86,""xtotalshots_total"":26.37,""p_casa_vence"":0.4646,""p_empate"":0.3,""p_fora_vence"":0.2354,""placares_top5"":[{""placar"":""1×0"",""prob"":0.1671},{""placar"":""0×0"",""prob"":0.1381},{""placar"":""1×1"",""prob"":0.1286},{""placar"":""0×1"",""prob"":0.1063},{""placar"":""2×0"",""prob"":0.1011}]}","completed","6a5a0c5cfca4ba5a96b5f89b","2026-07-17T11:05:00.323000","2026-07-20T16:16:16.626000","6a397687c9763709d6ee2143","lauremank622@gmail.com","false"
"2026-07-17","{""goals"":{""t"":1.15,""c"":1.45},""corners"":{""t"":5.7,""c"":4.65},""cards"":{""t"":2.6,""c"":2.2},""crosses"":{""t"":4.1,""c"":4.2},""big_chance_created"":{""t"":1.55,""c"":1.9},""big_chance_missed"":{""t"":0.95,""c"":1.2},""big_chance_scored"":{""t"":0.55,""c"":0.7},""xg"":{""t"":1.01,""c"":1.16},""shots_on_target"":{""t"":4.15,""c"":3.9},""shots_in_box"":{""t"":7.85,""c"":6.7},""total_shots"":{""t"":13.4,""c"":11.9},""shots_outside_box"":{""t"":5.55,""c"":5.25},""clearances"":{""t"":21.65,""c"":30.1},""dispossessed"":{""t"":6.35,""c"":7.2},""errors_goal"":{""t"":0.1,""c"":0.15},""errors_shot"":{""t"":0.1,""c"":0.35},""fouls"":{""t"":14.5,""c"":14.95},""gk_saves"":{""t"":2.65,""c"":3.3},""interceptions"":{""t"":6.7,""c"":9.05},""tackles"":{""t"":14.2,""c"":13.85},""free_kicks"":{""t"":16.2,""c"":15.7},""goal_kicks"":{""t"":8.45,""c"":8.35},""throw_ins"":{""t"":21.85,""c"":19.7},""possession"":{""t"":50.55,""c"":49.45},""offsides"":{""t"":1.5,""c"":1.35},""passes"":{""t"":365.9,""c"":361.75},""touches_opp_box"":{""t"":17.85,""c"":14.2},""red_cards"":{""t"":0.2,""c"":0.1},""yellow_cards"":{""t"":2.4,""c"":2.1}}","{""goals"":{""t"":0.95,""c"":1.85},""corners"":{""t"":5.1,""c"":4.7},""cards"":{""t"":2.35,""c"":2.3},""crosses"":{""t"":4.45,""c"":4.3},""big_chance_created"":{""t"":1.45,""c"":1.85},""big_chance_missed"":{""t"":1,""c"":1.15},""big_chance_scored"":{""t"":0.45,""c"":0.7},""xg"":{""t"":1.13,""c"":1.38},""shots_on_target"":{""t"":4,""c"":4.55},""shots_in_box"":{""t"":6.55,""c"":6.95},""total_shots"":{""t"":11.55,""c"":12.8},""shots_outside_box"":{""t"":5,""c"":5.85},""clearances"":{""t"":18.25,""c"":23.05},""dispossessed"":{""t"":7.5,""c"":6.2},""errors_goal"":{""t"":0.3,""c"":0.05},""errors_shot"":{""t"":0.5,""c"":0.35},""fouls"":{""t"":12.4,""c"":13.55},""gk_saves"":{""t"":3,""c"":3.25},""interceptions"":{""t"":6.1,""c"":7},""tackles"":{""t"":11.4,""c"":13.95},""free_kicks"":{""t"":14.7,""c"":13.8},""goal_kicks"":{""t"":7.85,""c"":8.1},""throw_ins"":{""t"":17.6,""c"":15.6},""possession"":{""t"":51.7,""c"":43.3},""offsides"":{""t"":1.5,""c"":1.2},""passes"":{""t"":377,""c"":319},""touches_opp_box"":{""t"":17.15,""c"":18.1},""red_cards"":{""t"":0.1,""c"":0.1},""yellow_cards"":{""t"":2.25,""c"":2.2}}","","","Ceara","","","","{""corners_home"":4,""corners_away"":5,""goals_home"":1,""goals_away"":1,""cards_home"":3,""cards_away"":3,""fouls_home"":12,""fouls_away"":12,""saves_home"":2,""saves_away"":3,""totalshots_home"":12,""totalshots_away"":11,""shots_home"":4,""shots_away"":3,""btts"":1}","","América","{""xc_casa"":5.9,""xc_fora"":5.32,""xc_total"":11.22,""dc"":{""base"":4.875,""indice_ofensivo"":1.0051,""indice_defensivo"":1.1251,""indice_composto"":1.0531,""detalhes_of"":{""shots_on_target"":[0.27,1.013],""shots_in_box"":[0.22,0.989],""big_chance_missed"":[0.13,0.909],""crosses"":[0.13,1.029],""touches_opp_box"":[0.13,1.094],""total_shots"":[0.1,0.985],""possession"":[0.08,1.022]},""detalhes_def"":{""gk_saves"":[0.5,0.906],""clearances"":[0.25,1.7],""shots_ced"":[0.25,0.987]}},""df"":{""base"":5.2,""indice_ofensivo"":0.9934,""indice_defensivo"":1.0674,""indice_composto"":1.023,""detalhes_of"":{""shots_on_target"":[0.27,0.954],""shots_in_box"":[0.22,1.061],""big_chance_missed"":[0.13,0.905],""crosses"":[0.13,0.976],""touches_opp_box"":[0.13,0.993],""total_shots"":[0.1,1.023],""possession"":[0.08,1.077]},""detalhes_def"":{""gk_saves"":[0.5,0.883],""clearances"":[0.25,1.458],""shots_ced"":[0.25,1.046]}},""xg_casa"":1.33,""xg_fora"":1.38,""xg_total"":2.71,""xs_casa"":4.25,""xs_fora"":4.58,""xs_total"":8.83,""p_btts"":0.4294,""db"":{""xg_casa"":1.33,""xg_fora"":1.38,""p_casa_marca"":0.7355,""p_fora_marca"":0.7484},""xcard_casa"":1.98,""xcard_fora"":2.5,""xcard_total"":4.48,""xfouls_casa"":16.18,""xfouls_fora"":18.19,""xfouls_total"":34.37,""xsaves_casa"":3.04,""xsaves_fora"":2.87,""xsaves_total"":5.91,""xtotalshots_casa"":11.71,""xtotalshots_fora"":13.12,""xtotalshots_total"":24.83,""p_casa_vence"":0.3597,""p_empate"":0.2575,""p_fora_vence"":0.3827,""placares_top5"":[{""placar"":""1×1"",""prob"":0.1221},{""placar"":""0×1"",""prob"":0.0918},{""placar"":""1×0"",""prob"":0.0885},{""placar"":""1×2"",""prob"":0.0843},{""placar"":""2×1"",""prob"":0.0812}]}","completed","6a5a0c3f978238e602d2c74c","2026-07-17T11:04:31.393000","2026-07-20T16:15:29.693000","6a397687c9763709d6ee2143","lauremank622@gmail.com","false"
"2026-07-17","{""goals"":{""t"":1.15,""c"":1.45},""corners"":{""t"":3.35,""c"":5.6},""cards"":{""t"":2.75,""c"":2.3},""crosses"":{""t"":2.3,""c"":4.7},""big_chance_created"":{""t"":0.8,""c"":1.95},""big_chance_missed"":{""t"":0.5,""c"":1.3},""big_chance_scored"":{""t"":0.3,""c"":0.65},""xg"":{""t"":0.87,""c"":1.22},""shots_on_target"":{""t"":2.8,""c"":4.55},""shots_in_box"":{""t"":4.75,""c"":7.5},""total_shots"":{""t"":9.3,""c"":13.5},""shots_outside_box"":{""t"":4.55,""c"":6},""clearances"":{""t"":22.35,""c"":19.15},""dispossessed"":{""t"":7.15,""c"":6.55},""errors_goal"":{""t"":0.1,""c"":0.05},""errors_shot"":{""t"":0.35,""c"":0.15},""fouls"":{""t"":12.2,""c"":13.1},""gk_saves"":{""t"":3.55,""c"":2},""interceptions"":{""t"":8.2,""c"":6.3},""tackles"":{""t"":12.7,""c"":14.1},""free_kicks"":{""t"":14.45,""c"":13.1},""goal_kicks"":{""t"":8.3,""c"":5.6},""throw_ins"":{""t"":18.55,""c"":19.9},""possession"":{""t"":41.25,""c"":43.75},""offsides"":{""t"":1.1,""c"":1.4},""passes"":{""t"":322.7,""c"":340.85},""touches_opp_box"":{""t"":12.05,""c"":18.35},""red_cards"":{""t"":0.15,""c"":0.1},""yellow_cards"":{""t"":2.6,""c"":2.2}}","{""goals"":{""t"":1.4,""c"":0.95},""corners"":{""t"":3.35,""c"":6.15},""cards"":{""t"":2.5,""c"":2.5},""crosses"":{""t"":3.1,""c"":5.55},""big_chance_created"":{""t"":1.4,""c"":1.25},""big_chance_missed"":{""t"":0.65,""c"":0.8},""big_chance_scored"":{""t"":0.75,""c"":0.45},""xg"":{""t"":1.03,""c"":1.07},""shots_on_target"":{""t"":3.45,""c"":3.45},""shots_in_box"":{""t"":4.75,""c"":7.3},""total_shots"":{""t"":9.4,""c"":13.5},""shots_outside_box"":{""t"":4.65,""c"":6.2},""clearances"":{""t"":21.45,""c"":14.15},""dispossessed"":{""t"":5.35,""c"":5.3},""errors_goal"":{""t"":0.15,""c"":0.2},""errors_shot"":{""t"":0.5,""c"":0.15},""fouls"":{""t"":10.45,""c"":10.7},""gk_saves"":{""t"":2.95,""c"":2.35},""interceptions"":{""t"":7.35,""c"":7.9},""tackles"":{""t"":11.05,""c"":10.75},""free_kicks"":{""t"":12.1,""c"":11.8},""goal_kicks"":{""t"":9,""c"":5.35},""throw_ins"":{""t"":14.4,""c"":16.2},""possession"":{""t"":42,""c"":43},""offsides"":{""t"":1.55,""c"":1.45},""passes"":{""t"":345.75,""c"":345.7},""touches_opp_box"":{""t"":9.75,""c"":18.9},""red_cards"":{""t"":0.05,""c"":0},""yellow_cards"":{""t"":2.45,""c"":2.5}}","","","Avaí","","","","{""corners_home"":9,""corners_away"":2,""goals_home"":1,""goals_away"":1,""cards_home"":3,""cards_away"":2,""fouls_home"":16,""fouls_away"":9,""saves_home"":1,""saves_away"":2,""totalshots_home"":11,""totalshots_away"":5,""shots_home"":3,""shots_away"":2,""btts"":1}","","São Bernardo","{""xc_casa"":4.69,""xc_fora"":4.42,""xc_total"":9.11,""dc"":{""base"":4.475,""indice_ofensivo"":0.7964,""indice_defensivo"":1.0842,""indice_composto"":0.9115,""detalhes_of"":{""shots_on_target"":[0.27,0.863],""shots_in_box"":[0.22,0.776],""big_chance_missed"":[0.13,0.667],""crosses"":[0.13,0.795],""touches_opp_box"":[0.13,0.694],""total_shots"":[0.1,0.821],""possession"":[0.08,0.98]},""detalhes_def"":{""gk_saves"":[0.5,0.736],""clearances"":[0.25,1.717],""shots_ced"":[0.25,1.148]}},""df"":{""base"":4.75,""indice_ofensivo"":0.8044,""indice_defensivo"":1.1208,""indice_composto"":0.931,""detalhes_of"":{""shots_on_target"":[0.27,0.896],""shots_in_box"":[0.22,0.788],""big_chance_missed"":[0.13,0.769],""crosses"":[0.13,0.586],""touches_opp_box"":[0.13,0.779],""total_shots"":[0.1,0.816],""possession"":[0.08,0.979]},""detalhes_def"":{""gk_saves"":[0.5,0.906],""clearances"":[0.25,1.554],""shots_ced"":[0.25,1.118]}},""xg_casa"":1.52,""xg_fora"":0.89,""xg_total"":2.41,""xs_casa"":3.74,""xs_fora"":2.97,""xs_total"":6.71,""p_btts"":0.3591,""db"":{""xg_casa"":1.52,""xg_fora"":0.89,""p_casa_marca"":0.7813,""p_fora_marca"":0.5893},""xcard_casa"":2.14,""xcard_fora"":2.76,""xcard_total"":4.9,""xfouls_casa"":13.87,""xfouls_fora"":14.88,""xfouls_total"":28.75,""xsaves_casa"":2.08,""xsaves_fora"":2.48,""xsaves_total"":4.56,""xtotalshots_casa"":9.12,""xtotalshots_fora"":8.92,""xtotalshots_total"":18.04,""p_casa_vence"":0.5203,""p_empate"":0.2591,""p_fora_vence"":0.2206,""placares_top5"":[{""placar"":""1×0"",""prob"":0.1365},{""placar"":""1×1"",""prob"":0.1215},{""placar"":""2×0"",""prob"":0.1038},{""placar"":""2×1"",""prob"":0.0923},{""placar"":""0×0"",""prob"":0.0898}]}","completed","6a5a0c256c231df1237a00cc","2026-07-17T11:04:05.595000","2026-07-20T16:14:34.217000","6a397687c9763709d6ee2143","lauremank622@gmail.com","false"
"2026-07-17","{""goals"":{""t"":1.15,""c"":0.8},""corners"":{""t"":3.9,""c"":4.9},""cards"":{""t"":2.65,""c"":3},""crosses"":{""t"":3.95,""c"":4.5},""big_chance_created"":{""t"":1.5,""c"":1.75},""big_chance_missed"":{""t"":0.85,""c"":1.35},""big_chance_scored"":{""t"":0.65,""c"":0.4},""xg"":{""t"":1.03,""c"":1.09},""shots_on_target"":{""t"":3.7,""c"":3.85},""shots_in_box"":{""t"":6.3,""c"":7.2},""total_shots"":{""t"":12,""c"":12.85},""shots_outside_box"":{""t"":5.7,""c"":5.65},""clearances"":{""t"":24.95,""c"":24.05},""dispossessed"":{""t"":7.45,""c"":7.15},""errors_goal"":{""t"":0.15,""c"":0.1},""errors_shot"":{""t"":0.4,""c"":0.4},""fouls"":{""t"":12.85,""c"":14.45},""gk_saves"":{""t"":2.85,""c"":2.45},""interceptions"":{""t"":8.75,""c"":8.7},""tackles"":{""t"":13.5,""c"":15.65},""free_kicks"":{""t"":15,""c"":14.35},""goal_kicks"":{""t"":8.85,""c"":7.5},""throw_ins"":{""t"":16.7,""c"":16.3},""possession"":{""t"":54.4,""c"":45.6},""offsides"":{""t"":1.55,""c"":0.8},""passes"":{""t"":429.75,""c"":363.9},""touches_opp_box"":{""t"":14.65,""c"":19.6},""red_cards"":{""t"":0.3,""c"":0.35},""yellow_cards"":{""t"":2.35,""c"":2.65}}","{""goals"":{""t"":1,""c"":1.1},""corners"":{""t"":4.95,""c"":5.1},""cards"":{""t"":2.9,""c"":2.25},""crosses"":{""t"":4.4,""c"":4.65},""big_chance_created"":{""t"":1.6,""c"":1.2},""big_chance_missed"":{""t"":1.1,""c"":0.7},""big_chance_scored"":{""t"":0.5,""c"":0.55},""xg"":{""t"":1,""c"":1},""shots_on_target"":{""t"":3.85,""c"":4.15},""shots_in_box"":{""t"":6.95,""c"":7.5},""total_shots"":{""t"":12.5,""c"":13.85},""shots_outside_box"":{""t"":5.6,""c"":6.35},""clearances"":{""t"":24.3,""c"":23.8},""dispossessed"":{""t"":8.7,""c"":6.9},""errors_goal"":{""t"":0.1,""c"":0},""errors_shot"":{""t"":0.35,""c"":0.45},""fouls"":{""t"":11.55,""c"":12.75},""gk_saves"":{""t"":3.05,""c"":2.85},""interceptions"":{""t"":8,""c"":8.05},""tackles"":{""t"":14.45,""c"":16.2},""free_kicks"":{""t"":14.3,""c"":12.6},""goal_kicks"":{""t"":8.25,""c"":9.6},""throw_ins"":{""t"":20.05,""c"":21.55},""possession"":{""t"":49.35,""c"":50.65},""offsides"":{""t"":1.2,""c"":1.65},""passes"":{""t"":396.25,""c"":408.3},""touches_opp_box"":{""t"":15.9,""c"":17.35},""red_cards"":{""t"":0.2,""c"":0.05},""yellow_cards"":{""t"":2.7,""c"":2.2}}","","","Gremio","","","","{""corners_home"":5,""corners_away"":4,""goals_home"":2,""goals_away"":1,""cards_home"":1,""cards_away"":3,""fouls_home"":14,""fouls_away"":9,""saves_home"":3,""saves_away"":1,""totalshots_home"":14,""totalshots_away"":9,""shots_home"":3,""shots_away"":4,""btts"":1}","","Mirassol","{""xc_casa"":5.64,""xc_fora"":4.57,""xc_total"":10.21,""dc"":{""base"":4.925,""indice_ofensivo"":0.9713,""indice_defensivo"":1.0305,""indice_composto"":0.995,""detalhes_of"":{""shots_on_target"":[0.27,1],""shots_in_box"":[0.22,0.982],""big_chance_missed"":[0.13,0.898],""crosses"":[0.13,0.989],""touches_opp_box"":[0.13,0.896],""total_shots"":[0.1,0.986],""possession"":[0.08,1.039]},""detalhes_def"":{""gk_saves"":[0.5,0.784],""clearances"":[0.25,1.554],""shots_ced"":[0.25,1]}},""df"":{""base"":4.5,""indice_ofensivo"":0.9548,""indice_defensivo"":1.1041,""indice_composto"":1.0145,""detalhes_of"":{""shots_on_target"":[0.27,0.943],""shots_in_box"":[0.22,0.913],""big_chance_missed"":[0.13,1.097],""crosses"":[0.13,0.919],""touches_opp_box"":[0.13,0.916],""total_shots"":[0.1,0.928],""possession"":[0.08,1.036]},""detalhes_def"":{""gk_saves"":[0.5,0.871],""clearances"":[0.25,1.615],""shots_ced"":[0.25,1.059]}},""xg_casa"":0.97,""xg_fora"":1.13,""xg_total"":2.1,""xs_casa"":3.93,""xs_fora"":4.13,""xs_total"":8.06,""p_btts"":0.3279,""db"":{""xg_casa"":0.97,""xg_fora"":1.13,""p_casa_marca"":0.6209,""p_fora_marca"":0.677},""xcard_casa"":2.68,""xcard_fora"":2.46,""xcard_total"":5.14,""xfouls_casa"":16.2,""xfouls_fora"":16.13,""xfouls_total"":32.33,""xsaves_casa"":2.68,""xsaves_fora"":2.8,""xsaves_total"":5.48,""xtotalshots_casa"":12.2,""xtotalshots_fora"":12.59,""xtotalshots_total"":24.79,""p_casa_vence"":0.3099,""p_empate"":0.2983,""p_fora_vence"":0.3919,""placares_top5"":[{""placar"":""0×1"",""prob"":0.1384},{""placar"":""1×1"",""prob"":0.1342},{""placar"":""0×0"",""prob"":0.1225},{""placar"":""1×0"",""prob"":0.1188},{""placar"":""0×2"",""prob"":0.0782}]}","completed","6a5a0c07f042aeb5ef3be185","2026-07-17T11:03:35.869000","2026-07-20T16:13:54.469000","6a397687c9763709d6ee2143","lauremank622@gmail.com","false"
"2026-07-17","{""goals"":{""t"":1.7,""c"":1.05},""corners"":{""t"":5.6,""c"":4.65},""cards"":{""t"":2.6,""c"":2.35},""crosses"":{""t"":7.15,""c"":3.2},""big_chance_created"":{""t"":2.2,""c"":1.65},""big_chance_missed"":{""t"":1.35,""c"":1.15},""big_chance_scored"":{""t"":0.9,""c"":0.5},""xg"":{""t"":1.57,""c"":0.92},""shots_on_target"":{""t"":5.7,""c"":3.75},""shots_in_box"":{""t"":10.7,""c"":6.3},""total_shots"":{""t"":17.15,""c"":11},""shots_outside_box"":{""t"":6.45,""c"":4.7},""clearances"":{""t"":21.15,""c"":25.75},""dispossessed"":{""t"":6.6,""c"":7.45},""errors_goal"":{""t"":0.05,""c"":0.1},""errors_shot"":{""t"":0.55,""c"":0.35},""fouls"":{""t"":14.05,""c"":11.2},""gk_saves"":{""t"":2.75,""c"":4.15},""interceptions"":{""t"":8.65,""c"":7.7},""tackles"":{""t"":16,""c"":15.5},""free_kicks"":{""t"":12.4,""c"":16.1},""goal_kicks"":{""t"":6,""c"":11.3},""throw_ins"":{""t"":21.75,""c"":18.7},""possession"":{""t"":51.9,""c"":48.1},""offsides"":{""t"":2.15,""c"":1.5},""passes"":{""t"":374.4,""c"":353.65},""touches_opp_box"":{""t"":22.75,""c"":14},""red_cards"":{""t"":0.1,""c"":0.15},""yellow_cards"":{""t"":2.5,""c"":2.2}}","{""goals"":{""t"":1.35,""c"":1.25},""corners"":{""t"":4.55,""c"":3.3},""cards"":{""t"":2.35,""c"":3.25},""crosses"":{""t"":4.8,""c"":3.35},""big_chance_created"":{""t"":1.85,""c"":1.85},""big_chance_missed"":{""t"":0.95,""c"":1},""big_chance_scored"":{""t"":0.9,""c"":0.85},""xg"":{""t"":1.04,""c"":0.9},""shots_on_target"":{""t"":5.2,""c"":4.55},""shots_in_box"":{""t"":8.5,""c"":6.15},""total_shots"":{""t"":14.55,""c"":11.65},""shots_outside_box"":{""t"":6.05,""c"":5.5},""clearances"":{""t"":18.4,""c"":21.85},""dispossessed"":{""t"":7.65,""c"":7},""errors_goal"":{""t"":0.15,""c"":0.3},""errors_shot"":{""t"":0.4,""c"":0.2},""fouls"":{""t"":13.3,""c"":12.45},""gk_saves"":{""t"":3.2,""c"":3.8},""interceptions"":{""t"":6.4,""c"":9.1},""tackles"":{""t"":14.25,""c"":15.35},""free_kicks"":{""t"":13.55,""c"":14.55},""goal_kicks"":{""t"":7.35,""c"":8.25},""throw_ins"":{""t"":19.05,""c"":14.45},""possession"":{""t"":59.6,""c"":40.4},""offsides"":{""t"":1.3,""c"":1.3},""passes"":{""t"":533.9,""c"":362.6},""touches_opp_box"":{""t"":20.7,""c"":14.65},""red_cards"":{""t"":0.05,""c"":0.2},""yellow_cards"":{""t"":2.3,""c"":3.05}}","","","Bragantino","","","","{""corners_home"":11,""corners_away"":4,""goals_home"":1,""goals_away"":1,""cards_home"":3,""cards_away"":6,""fouls_home"":6,""fouls_away"":9,""saves_home"":1,""saves_away"":3,""totalshots_home"":24,""totalshots_away"":6,""shots_home"":24,""shots_away"":6,""btts"":1}","","Fluminense","{""xc_casa"":5.76,""xc_fora"":4.91,""xc_total"":10.67,""dc"":{""base"":4.6,""indice_ofensivo"":1.1298,""indice_defensivo"":1.0276,""indice_composto"":1.0889,""detalhes_of"":{""shots_on_target"":[0.27,1.162],""shots_in_box"":[0.22,1.149],""big_chance_missed"":[0.13,0.905],""crosses"":[0.13,1.2],""touches_opp_box"":[0.13,1.193],""total_shots"":[0.1,1.139],""possession"":[0.08,1.107]},""detalhes_def"":{""gk_saves"":[0.5,0.898],""clearances"":[0.25,1.46],""shots_ced"":[0.25,0.854]}},""df"":{""base"":4.45,""indice_ofensivo"":1.2013,""indice_defensivo"":0.9556,""indice_composto"":1.103,""detalhes_of"":{""shots_on_target"":[0.27,1.112],""shots_in_box"":[0.22,1.27],""big_chance_missed"":[0.13,1.149],""crosses"":[0.13,1.362],""touches_opp_box"":[0.13,1.217],""total_shots"":[0.1,1.191],""possession"":[0.08,1.125]},""detalhes_def"":{""gk_saves"":[0.5,0.825],""clearances"":[0.25,1.272],""shots_ced"":[0.25,0.901]}},""xg_casa"":1.42,""xg_fora"":1.37,""xg_total"":2.79,""xs_casa"":5.04,""xs_fora"":5.72,""xs_total"":10.76,""p_btts"":0.4412,""db"":{""xg_casa"":1.42,""xg_fora"":1.37,""p_casa_marca"":0.7583,""p_fora_marca"":0.7459},""xcard_casa"":2.15,""xcard_fora"":3.04,""xcard_total"":5.19,""xfouls_casa"":15.97,""xfouls_fora"":18.02,""xfouls_total"":33.99,""xsaves_casa"":4.31,""xsaves_fora"":3.68,""xsaves_total"":7.99,""xtotalshots_casa"":14.58,""xtotalshots_fora"":17.41,""xtotalshots_total"":31.99,""p_casa_vence"":0.3847,""p_empate"":0.2532,""p_fora_vence"":0.362,""placares_top5"":[{""placar"":""1×1"",""prob"":0.1195},{""placar"":""1×0"",""prob"":0.0872},{""placar"":""2×1"",""prob"":0.0848},{""placar"":""0×1"",""prob"":0.0841},{""placar"":""1×2"",""prob"":0.0818}]}","completed","6a5a0bd856ca89e880904617","2026-07-17T11:02:48.654000","2026-07-20T16:12:59.281000","6a397687c9763709d6ee2143","lauremank622@gmail.com","false"
"2026-07-17","{""goals"":{""t"":1,""c"":1.7},""corners"":{""t"":3.95,""c"":6.15},""cards"":{""t"":2.65,""c"":1.9},""crosses"":{""t"":4.9,""c"":6.15},""big_chance_created"":{""t"":1.35,""c"":2.9},""big_chance_missed"":{""t"":0.8,""c"":1.6},""big_chance_scored"":{""t"":0.55,""c"":1.3},""xg"":{""t"":0.95,""c"":1.58},""shots_on_target"":{""t"":3.3,""c"":6.25},""shots_in_box"":{""t"":6.45,""c"":10.3},""total_shots"":{""t"":12.4,""c"":17.15},""shots_outside_box"":{""t"":5.95,""c"":6.85},""clearances"":{""t"":29.6,""c"":20.15},""dispossessed"":{""t"":6.45,""c"":5.7},""errors_goal"":{""t"":0.15,""c"":0.1},""errors_shot"":{""t"":0.3,""c"":0.2},""fouls"":{""t"":12.2,""c"":10.05},""gk_saves"":{""t"":4.45,""c"":2.4},""interceptions"":{""t"":7.4,""c"":6.65},""tackles"":{""t"":12.05,""c"":12.3},""free_kicks"":{""t"":10.8,""c"":13.3},""goal_kicks"":{""t"":10.65,""c"":8.4},""throw_ins"":{""t"":19.6,""c"":19.6},""possession"":{""t"":41.6,""c"":58.4},""offsides"":{""t"":1.3,""c"":0.95},""passes"":{""t"":346.6,""c"":492.85},""touches_opp_box"":{""t"":13.35,""c"":21.1},""red_cards"":{""t"":0.1,""c"":0.2},""yellow_cards"":{""t"":2.55,""c"":1.7}}","{""goals"":{""t"":1.5,""c"":1.65},""corners"":{""t"":6.05,""c"":5.1},""cards"":{""t"":2.7,""c"":3.15},""crosses"":{""t"":5.85,""c"":4.2},""big_chance_created"":{""t"":1.8,""c"":2.35},""big_chance_missed"":{""t"":1.05,""c"":1.4},""big_chance_scored"":{""t"":0.75,""c"":0.95},""xg"":{""t"":1.33,""c"":1.27},""shots_on_target"":{""t"":5.1,""c"":4.8},""shots_in_box"":{""t"":8.9,""c"":7.6},""total_shots"":{""t"":13.55,""c"":12.85},""shots_outside_box"":{""t"":4.65,""c"":5.25},""clearances"":{""t"":24.1,""c"":27.1},""dispossessed"":{""t"":7.4,""c"":7.9},""errors_goal"":{""t"":0.05,""c"":0.15},""errors_shot"":{""t"":0.15,""c"":0.2},""fouls"":{""t"":13.8,""c"":15.3},""gk_saves"":{""t"":3.4,""c"":3.75},""interceptions"":{""t"":8.85,""c"":9.05},""tackles"":{""t"":15.3,""c"":15.1},""free_kicks"":{""t"":16.8,""c"":15.75},""goal_kicks"":{""t"":6.7,""c"":7.75},""throw_ins"":{""t"":18.45,""c"":16.55},""possession"":{""t"":57.25,""c"":42.75},""offsides"":{""t"":2.1,""c"":1.75},""passes"":{""t"":453.95,""c"":343.15},""touches_opp_box"":{""t"":20.75,""c"":17.8},""red_cards"":{""t"":0.05,""c"":0.1},""yellow_cards"":{""t"":2.65,""c"":3.05}}","","","Chapecoense","","","","{""corners_home"":10,""corners_away"":6,""goals_home"":2,""goals_away"":0,""cards_home"":2,""cards_away"":0,""fouls_home"":17,""fouls_away"":17,""saves_home"":2,""saves_away"":4,""totalshots_home"":17,""totalshots_away"":10,""shots_home"":6,""shots_away"":2,""btts"":0}","","Baha","{""xc_casa"":6.51,""xc_fora"":4.68,""xc_total"":11.19,""dc"":{""base"":6.1,""indice_ofensivo"":0.9177,""indice_defensivo"":0.945,""indice_composto"":0.9286,""detalhes_of"":{""shots_on_target"":[0.27,0.899],""shots_in_box"":[0.22,0.927],""big_chance_missed"":[0.13,0.792],""crosses"":[0.13,0.975],""touches_opp_box"":[0.13,0.992],""total_shots"":[0.1,0.883],""possession"":[0.08,0.99]},""detalhes_def"":{""gk_saves"":[0.5,0.677],""clearances"":[0.25,1.331],""shots_ced"":[0.25,1.096]}},""df"":{""base"":4.525,""indice_ofensivo"":0.8916,""indice_defensivo"":1.2507,""indice_composto"":1.0352,""detalhes_of"":{""shots_on_target"":[0.27,0.815],""shots_in_box"":[0.22,0.918],""big_chance_missed"":[0.13,0.727],""crosses"":[0.13,1.077],""touches_opp_box"":[0.13,0.857],""total_shots"":[0.1,0.982],""possession"":[0.08,0.986]},""detalhes_def"":{""gk_saves"":[0.5,1.068],""clearances"":[0.25,1.661],""shots_ced"":[0.25,1.205]}},""xg_casa"":1.52,""xg_fora"":1.2,""xg_total"":2.72,""xs_casa"":5.18,""xs_fora"":4.27,""xs_total"":9.45,""p_btts"":0.4259,""db"":{""xg_casa"":1.52,""xg_fora"":1.2,""p_casa_marca"":0.7813,""p_fora_marca"":0.6988},""xcard_casa"":2.41,""xcard_fora"":2.73,""xcard_total"":5.14,""xfouls_casa"":17.29,""xfouls_fora"":15.99,""xfouls_total"":33.28,""xsaves_casa"":2.46,""xsaves_fora"":3.61,""xsaves_total"":6.07,""xtotalshots_casa"":14.17,""xtotalshots_fora"":11.24,""xtotalshots_total"":25.41,""p_casa_vence"":0.4465,""p_empate"":0.2533,""p_fora_vence"":0.3002,""placares_top5"":[{""placar"":""1×1"",""prob"":0.1202},{""placar"":""1×0"",""prob"":0.1001},{""placar"":""2×1"",""prob"":0.0913},{""placar"":""0×1"",""prob"":0.079},{""placar"":""2×0"",""prob"":0.0761}]}","completed","6a5a0bac5cddce17e7057f67","2026-07-17T11:02:04.392000","2026-07-20T16:02:18.255000","6a397687c9763709d6ee2143","lauremank622@gmail.com","false"
"2026-07-17","{""goals"":{""t"":1.41,""c"":1.71},""corners"":{""t"":4.24,""c"":4.88},""cards"":{""t"":2.29,""c"":1.41},""crosses"":{""t"":4.59,""c"":4.06},""big_chance_created"":{""t"":2.12,""c"":3.47},""big_chance_missed"":{""t"":1.53,""c"":2.18},""big_chance_scored"":{""t"":0.65,""c"":1.29},""xg"":{""t"":1.12,""c"":1.48},""shots_on_target"":{""t"":4.29,""c"":4.82},""shots_in_box"":{""t"":8.12,""c"":8.24},""total_shots"":{""t"":12.41,""c"":13.29},""shots_outside_box"":{""t"":4.29,""c"":5.06},""clearances"":{""t"":23.53,""c"":29.65},""dispossessed"":{""t"":8.18,""c"":7.18},""errors_goal"":{""t"":0.12,""c"":0.24},""errors_shot"":{""t"":0.24,""c"":0.29},""fouls"":{""t"":12.59,""c"":12.94},""gk_saves"":{""t"":3.06,""c"":2.76},""interceptions"":{""t"":10,""c"":8.41},""tackles"":{""t"":14.24,""c"":14.24},""free_kicks"":{""t"":15.35,""c"":14.88},""goal_kicks"":{""t"":8.41,""c"":9.59},""throw_ins"":{""t"":19.24,""c"":18.71},""possession"":{""t"":53.41,""c"":46.59},""offsides"":{""t"":2.47,""c"":2.53},""passes"":{""t"":429.65,""c"":383.47},""touches_opp_box"":{""t"":21.94,""c"":23.65},""red_cards"":{""t"":0.12,""c"":0.18},""yellow_cards"":{""t"":2.18,""c"":1.24}}","{""goals"":{""t"":1.55,""c"":1.35},""corners"":{""t"":6.25,""c"":4.3},""cards"":{""t"":1.8,""c"":2.35},""crosses"":{""t"":7.15,""c"":2.6},""big_chance_created"":{""t"":3,""c"":1.4},""big_chance_missed"":{""t"":1.85,""c"":0.6},""big_chance_scored"":{""t"":1.15,""c"":0.85},""xg"":{""t"":1.01,""c"":0.54},""shots_on_target"":{""t"":5.4,""c"":3.85},""shots_in_box"":{""t"":11.2,""c"":6.1},""total_shots"":{""t"":15.15,""c"":9.7},""shots_outside_box"":{""t"":3.95,""c"":3.6},""clearances"":{""t"":23.8,""c"":30.2},""dispossessed"":{""t"":6.9,""c"":6.65},""errors_goal"":{""t"":0.3,""c"":0.25},""errors_shot"":{""t"":0.3,""c"":0.4},""fouls"":{""t"":11.8,""c"":13.8},""gk_saves"":{""t"":2.5,""c"":3.6},""interceptions"":{""t"":6.85,""c"":8.15},""tackles"":{""t"":13.55,""c"":12.9},""free_kicks"":{""t"":15.25,""c"":13.95},""goal_kicks"":{""t"":5.9,""c"":9.05},""throw_ins"":{""t"":19.8,""c"":19.4},""possession"":{""t"":58.5,""c"":36.5},""offsides"":{""t"":2.35,""c"":1.65},""passes"":{""t"":464.65,""c"":285.6},""touches_opp_box"":{""t"":29.8,""c"":17.1},""red_cards"":{""t"":0.15,""c"":0.1},""yellow_cards"":{""t"":1.65,""c"":2.25}}","","","Liaoning","","","","{""corners_home"":6,""corners_away"":10,""goals_home"":1,""goals_away"":1,""cards_home"":1,""cards_away"":3,""fouls_home"":18,""fouls_away"":14,""saves_home"":2,""saves_away"":1,""totalshots_home"":19,""totalshots_away"":13,""shots_home"":2,""shots_away"":3,""btts"":1}","","Beijing","{""xc_casa"":6.61,""xc_fora"":4.85,""xc_total"":11.46,""dc"":{""base"":5.565,""indice_ofensivo"":1.0987,""indice_defensivo"":0.936,""indice_composto"":1.0336,""detalhes_of"":{""shots_on_target"":[0.27,1.057],""shots_in_box"":[0.22,1.152],""big_chance_missed"":[0.13,0.918],""crosses"":[0.13,1.276],""touches_opp_box"":[0.13,1.115],""total_shots"":[0.1,1.065],""possession"":[0.08,1.113]},""detalhes_def"":{""gk_saves"":[0.5,0.713],""clearances"":[0.25,1.368],""shots_ced"":[0.25,0.949]}},""df"":{""base"":4.27,""indice_ofensivo"":1.1717,""indice_defensivo"":1.0841,""indice_composto"":1.1367,""detalhes_of"":{""shots_on_target"":[0.27,1.054],""shots_in_box"":[0.22,1.142],""big_chance_missed"":[0.13,1.437],""crosses"":[0.13,1.277],""touches_opp_box"":[0.13,1.124],""total_shots"":[0.1,1.123],""possession"":[0.08,1.188]},""detalhes_def"":{""gk_saves"":[0.5,0.916],""clearances"":[0.25,1.556],""shots_ced"":[0.25,0.948]}},""xg_casa"":1.7,""xg_fora"":1.34,""xg_total"":3.04,""xs_casa"":5.29,""xs_fora"":4.73,""xs_total"":10.02,""p_btts"":0.5309,""db"":{""xg_casa"":1.7,""xg_fora"":1.34,""p_casa_marca"":0.8173,""p_fora_marca"":0.7382},""xcard_casa"":1.46,""xcard_fora"":2.41,""xcard_total"":3.87,""xfouls_casa"":15.6,""xfouls_fora"":18.05,""xfouls_total"":33.65,""xsaves_casa"":3.01,""xsaves_fora"":3.42,""xsaves_total"":6.43,""xtotalshots_casa"":15.7,""xtotalshots_fora"":12.99,""xtotalshots_total"":28.69,""p_casa_vence"":0.4597,""p_empate"":0.237,""p_fora_vence"":0.3032,""placares_top5"":[{""placar"":""1×1"",""prob"":0.109},{""placar"":""2×1"",""prob"":0.0926},{""placar"":""1×0"",""prob"":0.0813},{""placar"":""1×2"",""prob"":0.073},{""placar"":""2×0"",""prob"":0.0691}]}","completed","6a5a09c3d7ab3901c25a8f38","2026-07-17T10:53:55.252000","2026-07-17T20:00:33.190000","6a397687c9763709d6ee2143","lauremank622@gmail.com","false"
"2026-07-16","{""goals"":{""t"":1.35,""c"":1.2},""corners"":{""t"":4.15,""c"":5.05},""cards"":{""t"":3.05,""c"":2.4},""crosses"":{""t"":2.85,""c"":4.7},""big_chance_created"":{""t"":2.2,""c"":2.2},""big_chance_missed"":{""t"":1.3,""c"":1.4},""big_chance_scored"":{""t"":0.9,""c"":0.8},""xg"":{""t"":1.34,""c"":1.08},""shots_on_target"":{""t"":3.15,""c"":3.7},""shots_in_box"":{""t"":7.15,""c"":6.45},""total_shots"":{""t"":11.75,""c"":12.45},""shots_outside_box"":{""t"":4.65,""c"":6},""clearances"":{""t"":27.15,""c"":20.45},""dispossessed"":{""t"":6.8,""c"":9.55},""errors_goal"":{""t"":0.15,""c"":0.25},""errors_shot"":{""t"":0.55,""c"":0.25},""fouls"":{""t"":12.25,""c"":13.6},""gk_saves"":{""t"":2.6,""c"":1.75},""interceptions"":{""t"":10,""c"":10.3},""tackles"":{""t"":18.4,""c"":15.65},""free_kicks"":{""t"":15.35,""c"":13.75},""goal_kicks"":{""t"":7.3,""c"":7.2},""throw_ins"":{""t"":18.4,""c"":21.55},""possession"":{""t"":51.9,""c"":48.1},""offsides"":{""t"":1.7,""c"":1.9},""passes"":{""t"":431.9,""c"":400.6},""touches_opp_box"":{""t"":18.85,""c"":15.4},""red_cards"":{""t"":0.15,""c"":0},""yellow_cards"":{""t"":2.9,""c"":2.4}}","{""goals"":{""t"":1.95,""c"":1.35},""corners"":{""t"":5.35,""c"":4.85},""cards"":{""t"":2.7,""c"":2.5},""crosses"":{""t"":5.55,""c"":5.3},""big_chance_created"":{""t"":3.35,""c"":2.25},""big_chance_missed"":{""t"":2.2,""c"":1.4},""big_chance_scored"":{""t"":1.15,""c"":0.85},""xg"":{""t"":1.71,""c"":1.12},""shots_on_target"":{""t"":6.45,""c"":4.45},""shots_in_box"":{""t"":10.85,""c"":7.7},""total_shots"":{""t"":17,""c"":13},""shots_outside_box"":{""t"":6.15,""c"":5.3},""clearances"":{""t"":22.55,""c"":27.9},""dispossessed"":{""t"":6.9,""c"":7.75},""errors_goal"":{""t"":0.25,""c"":0.2},""errors_shot"":{""t"":0.5,""c"":0.4},""fouls"":{""t"":12.35,""c"":11.25},""gk_saves"":{""t"":3.2,""c"":4.45},""interceptions"":{""t"":7.6,""c"":8.6},""tackles"":{""t"":15.35,""c"":14.25},""free_kicks"":{""t"":12.95,""c"":13.35},""goal_kicks"":{""t"":7.4,""c"":10.75},""throw_ins"":{""t"":19.9,""c"":17.9},""possession"":{""t"":51.25,""c"":48.75},""offsides"":{""t"":1,""c"":1.8},""passes"":{""t"":395.85,""c"":369.15},""touches_opp_box"":{""t"":23.85,""c"":17.3},""red_cards"":{""t"":0.05,""c"":0.1},""yellow_cards"":{""t"":2.65,""c"":2.4}}","","","Santos","","","","{""corners_home"":5,""corners_away"":5,""goals_home"":2,""goals_away"":1,""cards_home"":4,""cards_away"":2,""fouls_home"":10,""fouls_away"":13,""saves_home"":8,""saves_away"":4,""totalshots_home"":17,""totalshots_away"":22,""shots_home"":6,""shots_away"":9,""btts"":1}","","Botafogo","{""xc_casa"":6.12,""xc_fora"":4.79,""xc_total"":10.91,""dc"":{""base"":5.2,""indice_ofensivo"":1.2026,""indice_defensivo"":0.7545,""indice_composto"":1.0234,""detalhes_of"":{""shots_on_target"":[0.27,1.271],""shots_in_box"":[0.22,1.254],""big_chance_missed"":[0.13,1.222],""crosses"":[0.13,1.083],""touches_opp_box"":[0.13,1.215],""total_shots"":[0.1,1.154],""possession"":[0.08,1.032]},""detalhes_def"":{""gk_saves"":[0.5,0.504],""clearances"":[0.25,1.24],""shots_ced"":[0.25,0.771]}},""df"":{""base"":4.5,""indice_ofensivo"":0.9102,""indice_defensivo"":1.2945,""indice_composto"":1.0639,""detalhes_of"":{""shots_on_target"":[0.27,0.829],""shots_in_box"":[0.22,0.963],""big_chance_missed"":[0.13,0.963],""crosses"":[0.13,0.699],""touches_opp_box"":[0.13,1.043],""total_shots"":[0.1,0.949],""possession"":[0.08,1.031]},""detalhes_def"":{""gk_saves"":[0.5,1.191],""clearances"":[0.25,1.603],""shots_ced"":[0.25,1.191]}},""xg_casa"":1.61,""xg_fora"":1.35,""xg_total"":2.96,""xs_casa"":5.27,""xs_fora"":4.3,""xs_total"":9.57,""p_btts"":0.4463,""db"":{""xg_casa"":1.48,""xg_fora"":1.35,""p_casa_marca"":0.7724,""p_fora_marca"":0.7408},""xcard_casa"":2.21,""xcard_fora"":2.91,""xcard_total"":5.12,""xfouls_casa"":15.36,""xfouls_fora"":15.24,""xfouls_total"":30.6,""xsaves_casa"":2.31,""xsaves_fora"":4.35,""xsaves_total"":6.66,""xtotalshots_casa"":17.41,""xtotalshots_fora"":11.93,""xtotalshots_total"":29.34}","completed","6a58c24eefad1977c6729860","2026-07-16T11:36:46.966000","2026-07-20T16:01:29.697000","6a397687c9763709d6ee2143","lauremank622@gmail.com","false"
"2026-07-14","{""goals"":{""t"":2.45,""c"":0.5},""corners"":{""t"":4.75,""c"":2.4},""cards"":{""t"":1.55,""c"":2.5},""crosses"":{""t"":3.05,""c"":2.3},""big_chance_created"":{""t"":3.2,""c"":0.9},""big_chance_missed"":{""t"":1.9,""c"":0.55},""big_chance_scored"":{""t"":1.3,""c"":0.35},""xg"":{""t"":1.05,""c"":0.31},""shots_on_target"":{""t"":5.9,""c"":2.05},""shots_in_box"":{""t"":8.6,""c"":3.55},""total_shots"":{""t"":14,""c"":6.8},""shots_outside_box"":{""t"":5.4,""c"":3.25},""clearances"":{""t"":13.9,""c"":18.95},""dispossessed"":{""t"":7.75,""c"":7.95},""errors_goal"":{""t"":0.05,""c"":0.05},""errors_shot"":{""t"":0.35,""c"":0.45},""fouls"":{""t"":9.75,""c"":11.2},""gk_saves"":{""t"":1.55,""c"":3.55},""interceptions"":{""t"":9.2,""c"":10.45},""tackles"":{""t"":15.9,""c"":14.5},""free_kicks"":{""t"":13.5,""c"":14.5},""goal_kicks"":{""t"":5.2,""c"":6.95},""throw_ins"":{""t"":15.1,""c"":14},""possession"":{""t"":64,""c"":36},""offsides"":{""t"":2.5,""c"":1.2},""passes"":{""t"":678.7,""c"":376.5},""touches_opp_box"":{""t"":28.05,""c"":10.4},""red_cards"":{""t"":0.15,""c"":0.1},""yellow_cards"":{""t"":1.4,""c"":2.4}}","{""goals"":{""t"":2.2,""c"":0.55},""corners"":{""t"":7.25,""c"":2.7},""cards"":{""t"":0.95,""c"":1.45},""crosses"":{""t"":5.75,""c"":2.1},""big_chance_created"":{""t"":3.7,""c"":0.75},""big_chance_missed"":{""t"":2.3,""c"":0.4},""big_chance_scored"":{""t"":1.45,""c"":0.4},""xg"":{""t"":2.06,""c"":0.58},""shots_on_target"":{""t"":6.65,""c"":2},""shots_in_box"":{""t"":12.25,""c"":4.3},""total_shots"":{""t"":17.65,""c"":7},""shots_outside_box"":{""t"":5.35,""c"":2.7},""clearances"":{""t"":14.15,""c"":29.05},""dispossessed"":{""t"":7,""c"":6.85},""errors_goal"":{""t"":0.2,""c"":0.15},""errors_shot"":{""t"":0.4,""c"":0.45},""fouls"":{""t"":9.2,""c"":12.35},""gk_saves"":{""t"":1.4,""c"":4.45},""interceptions"":{""t"":5.75,""c"":8.1},""tackles"":{""t"":12.9,""c"":15.4},""free_kicks"":{""t"":14,""c"":11.05},""goal_kicks"":{""t"":4,""c"":9.7},""throw_ins"":{""t"":15.85,""c"":14.3},""possession"":{""t"":67,""c"":33},""offsides"":{""t"":1.6,""c"":1.3},""passes"":{""t"":619.45,""c"":304.5},""touches_opp_box"":{""t"":37.7,""c"":11.4},""red_cards"":{""t"":0.05,""c"":0.05},""yellow_cards"":{""t"":0.9,""c"":1.4}}","","","Argentina","","","","{""corners_home"":7,""corners_away"":0,""goals_home"":1,""goals_away"":2,""cards_home"":1,""cards_away"":2,""fouls_home"":10,""fouls_away"":10,""saves_home"":1,""saves_away"":6,""totalshots_home"":17,""totalshots_away"":2,""shots_home"":7,""shots_away"":1,""btts"":1}","","Inglaterra","{""xc_casa"":6.73,""xc_fora"":4.51,""xc_total"":11.24,""dc"":{""base"":4.825,""indice_ofensivo"":1.49,""indice_defensivo"":0.7989,""indice_composto"":1.2136,""detalhes_of"":{""shots_on_target"":[0.27,1.529],""shots_in_box"":[0.22,1.551],""big_chance_missed"":[0.13,1.614],""crosses"":[0.13,1.429],""touches_opp_box"":[0.13,1.568],""total_shots"":[0.1,1.444],""possession"":[0.08,1.023]},""detalhes_def"":{""gk_saves"":[0.5,0.745],""clearances"":[0.25,1.158],""shots_ced"":[0.25,0.548]}},""df"":{""base"":3.725,""indice_ofensivo"":1.379,""indice_defensivo"":0.9573,""indice_composto"":1.2103,""detalhes_of"":{""shots_on_target"":[0.27,1.494],""shots_in_box"":[0.22,1.333],""big_chance_missed"":[0.13,1.652],""crosses"":[0.13,1.184],""touches_opp_box"":[0.13,1.422],""total_shots"":[0.1,1.333],""possession"":[0.08,0.977]},""detalhes_def"":{""gk_saves"":[0.5,0.878],""clearances"":[0.25,1.505],""shots_ced"":[0.25,0.569]}},""xg_casa"":1.74,""xg_fora"":1.61,""xg_total"":3.35,""xs_casa"":5.48,""xs_fora"":5.04,""xs_total"":10.52,""p_btts"":0.5619,""db"":{""xg_casa"":1.6,""xg_fora"":1.61,""p_casa_marca"":0.7981,""p_fora_marca"":0.8001},""xcard_casa"":1.49,""xcard_fora"":1.52,""xcard_total"":3.01,""xfouls_casa"":12.35,""xfouls_fora"":14.47,""xfouls_total"":26.82,""xsaves_casa"":3.55,""xsaves_fora"":4.69,""xsaves_total"":8.24,""xtotalshots_casa"":18.13,""xtotalshots_fora"":14.22,""xtotalshots_total"":32.35}","completed","6a5614276a6fffc9274b2a84","2026-07-14T10:49:11.101000","2026-07-17T14:25:12.365000","6a397687c9763709d6ee2143","lauremank622@gmail.com","false"
"2026-07-14","{""goals"":{""t"":2.95,""c"":1.25},""corners"":{""t"":6.5,""c"":2.2},""cards"":{""t"":1.05,""c"":1.85},""crosses"":{""t"":3.65,""c"":2},""big_chance_created"":{""t"":4.4,""c"":0.95},""big_chance_missed"":{""t"":2.6,""c"":0.5},""big_chance_scored"":{""t"":1.8,""c"":0.45},""xg"":{""t"":2.3,""c"":0.67},""shots_on_target"":{""t"":7.35,""c"":2.5},""shots_in_box"":{""t"":13.25,""c"":4.3},""total_shots"":{""t"":18.65,""c"":7.35},""shots_outside_box"":{""t"":5.4,""c"":3.05},""clearances"":{""t"":13.95,""c"":27.6},""dispossessed"":{""t"":7.4,""c"":7.35},""errors_goal"":{""t"":0.1,""c"":0.2},""errors_shot"":{""t"":0.4,""c"":1.15},""fouls"":{""t"":10.35,""c"":9.05},""gk_saves"":{""t"":1.85,""c"":4.8},""interceptions"":{""t"":7.7,""c"":9.4},""tackles"":{""t"":14.6,""c"":13.8},""free_kicks"":{""t"":11.15,""c"":13.2},""goal_kicks"":{""t"":4.55,""c"":9.25},""throw_ins"":{""t"":16,""c"":14.8},""possession"":{""t"":64.8,""c"":35.2},""offsides"":{""t"":2.25,""c"":2.1},""passes"":{""t"":685,""c"":369.85},""touches_opp_box"":{""t"":38.05,""c"":12.45},""red_cards"":{""t"":0,""c"":0.15},""yellow_cards"":{""t"":1.05,""c"":1.7}}","{""goals"":{""t"":2.7,""c"":1.1},""corners"":{""t"":6.95,""c"":2.9},""cards"":{""t"":1.4,""c"":1.45},""crosses"":{""t"":3.95,""c"":1.8},""big_chance_created"":{""t"":3.8,""c"":1.7},""big_chance_missed"":{""t"":2.45,""c"":1},""big_chance_scored"":{""t"":1.35,""c"":0.7},""xg"":{""t"":2.3,""c"":0.9},""shots_on_target"":{""t"":7.2,""c"":2.55},""shots_in_box"":{""t"":12.4,""c"":5.3},""total_shots"":{""t"":19.4,""c"":7.55},""shots_outside_box"":{""t"":7,""c"":2.25},""clearances"":{""t"":14.95,""c"":22.9},""dispossessed"":{""t"":9.2,""c"":8.6},""errors_goal"":{""t"":0.05,""c"":0.1},""errors_shot"":{""t"":0.55,""c"":1.1},""fouls"":{""t"":9.05,""c"":10.55},""gk_saves"":{""t"":1.65,""c"":4.8},""interceptions"":{""t"":8.25,""c"":9.45},""tackles"":{""t"":14.75,""c"":19.85},""free_kicks"":{""t"":12.95,""c"":11.6},""goal_kicks"":{""t"":5.3,""c"":10.25},""throw_ins"":{""t"":16.65,""c"":15.65},""possession"":{""t"":61.4,""c"":38.6},""offsides"":{""t"":1.4,""c"":1.4},""passes"":{""t"":603.6,""c"":382.95},""touches_opp_box"":{""t"":38.15,""c"":13.4},""red_cards"":{""t"":0.1,""c"":0},""yellow_cards"":{""t"":1.3,""c"":1.45}}","","","Espanha","6a56132e0db08d0a4a84db26","","","{""corners_home"":7,""corners_away"":1,""goals_home"":0,""goals_away"":2,""cards_home"":2,""cards_away"":1,""fouls_home"":11,""fouls_away"":12,""saves_home"":0,""saves_away"":3,""totalshots_home"":10,""totalshots_away"":10,""shots_home"":3,""shots_away"":2,""btts"":0}","","França","{""xc_casa"":6.44,""xc_fora"":5.6,""xc_total"":12.04,""dc"":{""base"":4.575,""indice_ofensivo"":1.4481,""indice_defensivo"":0.8896,""indice_composto"":1.2247,""detalhes_of"":{""shots_on_target"":[0.27,1.485],""shots_in_box"":[0.22,1.485],""big_chance_missed"":[0.13,1.661],""crosses"":[0.13,1.328],""touches_opp_box"":[0.13,1.508],""total_shots"":[0.1,1.45],""possession"":[0.08,0.973]},""detalhes_def"":{""gk_saves"":[0.5,0.835],""clearances"":[0.25,1.292],""shots_ced"":[0.25,0.595]}},""df"":{""base"":4.7,""indice_ofensivo"":1.4093,""indice_defensivo"":0.8621,""indice_composto"":1.1904,""detalhes_of"":{""shots_on_target"":[0.27,1.485],""shots_in_box"":[0.22,1.429],""big_chance_missed"":[0.13,1.444],""crosses"":[0.13,1.339],""touches_opp_box"":[0.13,1.479],""total_shots"":[0.1,1.424],""possession"":[0.08,1.027]},""detalhes_def"":{""gk_saves"":[0.5,0.828],""clearances"":[0.25,1.195],""shots_ced"":[0.25,0.597]}},""xg_casa"":2.34,""xg_fora"":2.2,""xg_total"":4.54,""xs_casa"":6.22,""xs_fora"":6.08,""xs_total"":12.3,""p_btts"":0.7385,""db"":{""xg_casa"":2.15,""xg_fora"":2.2,""p_casa_marca"":0.8835,""p_fora_marca"":0.8892},""xcard_casa"":1.5,""xcard_fora"":1.21,""xcard_total"":2.71,""xfouls_casa"":11.99,""xfouls_fora"":13.1,""xfouls_total"":25.09,""xsaves_casa"":4.68,""xsaves_fora"":5.02,""xsaves_total"":9.7,""xtotalshots_casa"":19.12,""xtotalshots_fora"":18.09,""xtotalshots_total"":37.21}","completed","6a5613fab1d051b42bc61dee","2026-07-14T10:48:26.642000","2026-07-17T14:23:06.239000","6a397687c9763709d6ee2143","lauremank622@gmail.com","false"
"2026-07-12","{""goals"":{""t"":1.1,""c"":1.2},""corners"":{""t"":4.45,""c"":5.4},""cards"":{""t"":2.6,""c"":2.1},""crosses"":{""t"":3.85,""c"":4.05},""big_chance_created"":{""t"":1.6,""c"":1.75},""big_chance_missed"":{""t"":1.05,""c"":1.05},""big_chance_scored"":{""t"":0.55,""c"":0.7},""xg"":{""t"":1.17,""c"":1.05},""shots_on_target"":{""t"":3.75,""c"":4.35},""shots_in_box"":{""t"":6,""c"":7},""total_shots"":{""t"":10.65,""c"":12.65},""shots_outside_box"":{""t"":4.7,""c"":5.65},""clearances"":{""t"":18.25,""c"":19.35},""dispossessed"":{""t"":7.95,""c"":6.25},""errors_goal"":{""t"":0.1,""c"":0.1},""errors_shot"":{""t"":0.1,""c"":0.15},""fouls"":{""t"":12.6,""c"":12.3},""gk_saves"":{""t"":3.15,""c"":2.15},""interceptions"":{""t"":6.95,""c"":8.4},""tackles"":{""t"":12.1,""c"":13.9},""free_kicks"":{""t"":13.6,""c"":15.05},""goal_kicks"":{""t"":8.35,""c"":7},""throw_ins"":{""t"":20.05,""c"":16.4},""possession"":{""t"":50.3,""c"":44.7},""offsides"":{""t"":1.45,""c"":0.5},""passes"":{""t"":374,""c"":335.35},""touches_opp_box"":{""t"":13.45,""c"":11.85},""red_cards"":{""t"":0.25,""c"":0.15},""yellow_cards"":{""t"":2.35,""c"":1.95}}","{""goals"":{""t"":1.4,""c"":1.55},""corners"":{""t"":5.3,""c"":5.05},""cards"":{""t"":2.5,""c"":2.6},""crosses"":{""t"":5.05,""c"":4.35},""big_chance_created"":{""t"":1.65,""c"":1.7},""big_chance_missed"":{""t"":0.95,""c"":0.6},""big_chance_scored"":{""t"":0.7,""c"":1.1},""xg"":{""t"":1.23,""c"":1.15},""shots_on_target"":{""t"":5.15,""c"":4.15},""shots_in_box"":{""t"":8.65,""c"":7.15},""total_shots"":{""t"":15.45,""c"":12.1},""shots_outside_box"":{""t"":6.8,""c"":4.95},""clearances"":{""t"":19.65,""c"":26.65},""dispossessed"":{""t"":6.05,""c"":6.8},""errors_goal"":{""t"":0.05,""c"":0.1},""errors_shot"":{""t"":0.35,""c"":0},""fouls"":{""t"":11.6,""c"":12.75},""gk_saves"":{""t"":2.8,""c"":4.05},""interceptions"":{""t"":7.3,""c"":7.25},""tackles"":{""t"":12.2,""c"":12.05},""free_kicks"":{""t"":13.55,""c"":12.45},""goal_kicks"":{""t"":6.8,""c"":8},""throw_ins"":{""t"":16.4,""c"":14.25},""possession"":{""t"":48.95,""c"":46.05},""offsides"":{""t"":1.05,""c"":0.85},""passes"":{""t"":373.7,""c"":347.9},""touches_opp_box"":{""t"":14.8,""c"":14.75},""red_cards"":{""t"":0.05,""c"":0.1},""yellow_cards"":{""t"":2.45,""c"":2.5}}","","","GOIAS","","","","{""corners_home"":6,""corners_away"":1,""goals_home"":2,""goals_away"":2,""cards_home"":3,""cards_away"":0,""fouls_home"":12,""fouls_away"":10,""saves_home"":0,""saves_away"":2,""totalshots_home"":21,""totalshots_away"":4,""shots_home"":4,""shots_away"":2,""btts"":1}","","CRB","{""xc_casa"":5.86,""xc_fora"":5.1,""xc_total"":10.96,""dc"":{""base"":5.35,""indice_ofensivo"":1.0726,""indice_defensivo"":0.8789,""indice_composto"":0.9952,""detalhes_of"":{""shots_on_target"":[0.27,1.084],""shots_in_box"":[0.22,1.105],""big_chance_missed"":[0.13,0.95],""crosses"":[0.13,1.11],""touches_opp_box"":[0.13,1.111],""total_shots"":[0.1,1.1],""possession"":[0.08,0.986]},""detalhes_def"":{""gk_saves"":[0.5,0.632],""clearances"":[0.25,1.329],""shots_ced"":[0.25,0.923]}},""df"":{""base"":4.75,""indice_ofensivo"":0.9843,""indice_defensivo"":1.2091,""indice_composto"":1.0742,""detalhes_of"":{""shots_on_target"":[0.27,0.949],""shots_in_box"":[0.22,0.913],""big_chance_missed"":[0.13,1.273],""crosses"":[0.13,0.939],""touches_opp_box"":[0.13,0.954],""total_shots"":[0.1,0.936],""possession"":[0.08,1.014]},""detalhes_def"":{""gk_saves"":[0.5,1.039],""clearances"":[0.25,1.706],""shots_ced"":[0.25,1.052]}},""xg_casa"":1.24,""xg_fora"":1.34,""xg_total"":2.58,""xs_casa"":4.76,""xs_fora"":4.3,""xs_total"":9.06,""p_btts"":0.4301,""db"":{""xg_casa"":1.24,""xg_fora"":1.34,""p_casa_marca"":0.7106,""p_fora_marca"":0.7382},""xcard_casa"":2.13,""xcard_fora"":2.65,""xcard_total"":4.78,""xfouls_casa"":13.61,""xfouls_fora"":14.77,""xfouls_total"":28.38,""xsaves_casa"":2.35,""xsaves_fora"":3.85,""xsaves_total"":6.2,""xtotalshots_casa"":14.92,""xtotalshots_fora"":10.83,""xtotalshots_total"":25.75,""sofascore_casa"":null,""sofascore_fora"":null,""fifa_casa"":null,""fifa_fora"":null,""fs_sofa_casa"":1,""fs_sofa_fora"":1,""fs_fifa_casa"":1,""fs_fifa_fora"":1,""fs_casa"":1,""fs_fora"":1}","completed","6a53be532c520d23b8b03a1b","2026-07-12T16:18:27.201000","2026-07-13T10:52:16.823000","6a397687c9763709d6ee2143","lauremank622@gmail.com","false"
"2026-07-12","{""goals"":{""t"":1.2,""c"":0.85},""corners"":{""t"":5.15,""c"":3.9},""cards"":{""t"":2.85,""c"":2.05},""crosses"":{""t"":4.05,""c"":3.85},""big_chance_created"":{""t"":1.45,""c"":1.4},""big_chance_missed"":{""t"":0.95,""c"":0.95},""big_chance_scored"":{""t"":0.5,""c"":0.45},""xg"":{""t"":1.11,""c"":1.07},""shots_on_target"":{""t"":4.35,""c"":3.8},""shots_in_box"":{""t"":7.25,""c"":6.55},""total_shots"":{""t"":12.95,""c"":11.9},""shots_outside_box"":{""t"":5.7,""c"":5.35},""clearances"":{""t"":19.65,""c"":20.75},""dispossessed"":{""t"":6.55,""c"":7},""errors_goal"":{""t"":0,""c"":0.1},""errors_shot"":{""t"":0.1,""c"":0.3},""fouls"":{""t"":15.25,""c"":13.3},""gk_saves"":{""t"":2.9,""c"":3.15},""interceptions"":{""t"":7.2,""c"":8.2},""tackles"":{""t"":13.25,""c"":12.8},""free_kicks"":{""t"":13.7,""c"":16.35},""goal_kicks"":{""t"":6.85,""c"":8.55},""throw_ins"":{""t"":17.3,""c"":18.55},""possession"":{""t"":46.3,""c"":48.7},""offsides"":{""t"":1.75,""c"":1.1},""passes"":{""t"":356.85,""c"":382.65},""touches_opp_box"":{""t"":15.7,""c"":13.3},""red_cards"":{""t"":0.2,""c"":0.1},""yellow_cards"":{""t"":2.65,""c"":1.95}}","{""goals"":{""t"":1.05,""c"":1.15},""corners"":{""t"":5.4,""c"":4.7},""cards"":{""t"":2.6,""c"":2.55},""crosses"":{""t"":4.55,""c"":4.3},""big_chance_created"":{""t"":2.4,""c"":1.8},""big_chance_missed"":{""t"":1.65,""c"":1.25},""big_chance_scored"":{""t"":0.75,""c"":0.55},""xg"":{""t"":1.56,""c"":1.15},""shots_on_target"":{""t"":4.2,""c"":4},""shots_in_box"":{""t"":8,""c"":7.05},""total_shots"":{""t"":13.35,""c"":11.4},""shots_outside_box"":{""t"":5.35,""c"":4.35},""clearances"":{""t"":23.85,""c"":23.05},""dispossessed"":{""t"":7.75,""c"":7.3},""errors_goal"":{""t"":0.15,""c"":0.05},""errors_shot"":{""t"":0.1,""c"":0.2},""fouls"":{""t"":15.5,""c"":13.1},""gk_saves"":{""t"":3.05,""c"":3.15},""interceptions"":{""t"":8.95,""c"":7.1},""tackles"":{""t"":12.65,""c"":13.65},""free_kicks"":{""t"":13.85,""c"":17.25},""goal_kicks"":{""t"":7.55,""c"":8.85},""throw_ins"":{""t"":19.6,""c"":20.55},""possession"":{""t"":47.75,""c"":52.25},""offsides"":{""t"":1.35,""c"":0.75},""passes"":{""t"":333.8,""c"":367.25},""touches_opp_box"":{""t"":16.7,""c"":14.85},""red_cards"":{""t"":0.1,""c"":0.1},""yellow_cards"":{""t"":2.5,""c"":2.45}}","","","FORTALEZA","","","","{""corners_home"":1,""corners_away"":11,""goals_home"":1,""goals_away"":0,""cards_home"":2,""cards_away"":5,""fouls_home"":9,""fouls_away"":16,""saves_home"":3,""saves_away"":1,""totalshots_home"":6,""totalshots_away"":15,""shots_home"":2,""shots_away"":3,""btts"":0}","","ATLETICO","{""xc_casa"":5.45,""xc_fora"":5.01,""xc_total"":10.46,""dc"":{""base"":4.65,""indice_ofensivo"":1.0971,""indice_defensivo"":1.0199,""indice_composto"":1.0662,""detalhes_of"":{""shots_on_target"":[0.27,1.05],""shots_in_box"":[0.22,1.1],""big_chance_missed"":[0.13,1.269],""crosses"":[0.13,1.083],""touches_opp_box"":[0.13,1.113],""total_shots"":[0.1,1.057],""possession"":[0.08,1.015]},""detalhes_def"":{""gk_saves"":[0.5,0.863],""clearances"":[0.25,1.402],""shots_ced"":[0.25,0.951]}},""df"":{""base"":4.925,""indice_ofensivo"":1.0014,""indice_defensivo"":1.0409,""indice_composto"":1.0172,""detalhes_of"":{""shots_on_target"":[0.27,1.042],""shots_in_box"":[0.22,1.014],""big_chance_missed"":[0.13,0.864],""crosses"":[0.13,0.97],""touches_opp_box"":[0.13,1.028],""total_shots"":[0.1,1.064],""possession"":[0.08,0.985]},""detalhes_def"":{""gk_saves"":[0.5,0.849],""clearances"":[0.25,1.507],""shots_ced"":[0.25,0.96]}},""xg_casa"":1.04,""xg_fora"":1.17,""xg_total"":2.21,""xs_casa"":4.42,""xs_fora"":4.35,""xs_total"":8.77,""p_btts"":0.3656,""db"":{""xg_casa"":1.04,""xg_fora"":1.17,""p_casa_marca"":0.6465,""p_fora_marca"":0.6896},""xcard_casa"":2.28,""xcard_fora"":2.81,""xcard_total"":5.09,""xfouls_casa"":17.4,""xfouls_fora"":16.78,""xfouls_total"":34.18,""xsaves_casa"":3.11,""xsaves_fora"":3.38,""xsaves_total"":6.49,""xtotalshots_casa"":14.22,""xtotalshots_fora"":11.95,""xtotalshots_total"":26.17,""sofascore_casa"":null,""sofascore_fora"":null,""fifa_casa"":null,""fifa_fora"":null,""fs_sofa_casa"":1,""fs_sofa_fora"":1,""fs_fifa_casa"":1,""fs_fifa_fora"":1,""fs_casa"":1,""fs_fora"":1}","completed","6a53be447d69145c587729a0","2026-07-12T16:18:12.577000","2026-07-13T10:51:05.246000","6a397687c9763709d6ee2143","lauremank622@gmail.com","false"
"2026-07-12","{""goals"":{""t"":1.35,""c"":1.05},""corners"":{""t"":5.1,""c"":4.6},""cards"":{""t"":2.45,""c"":2.9},""crosses"":{""t"":4.4,""c"":2.8},""big_chance_created"":{""t"":1.4,""c"":2.1},""big_chance_missed"":{""t"":0.8,""c"":1.35},""big_chance_scored"":{""t"":0.6,""c"":0.75},""xg"":{""t"":1.22,""c"":0.97},""shots_on_target"":{""t"":3.9,""c"":4},""shots_in_box"":{""t"":7.95,""c"":5.7},""total_shots"":{""t"":13.7,""c"":9.55},""shots_outside_box"":{""t"":5.75,""c"":3.85},""clearances"":{""t"":17.45,""c"":21.55},""dispossessed"":{""t"":5.25,""c"":5.2},""errors_goal"":{""t"":0.1,""c"":0.05},""errors_shot"":{""t"":0.05,""c"":0.2},""fouls"":{""t"":12.85,""c"":12.15},""gk_saves"":{""t"":3,""c"":2.95},""interceptions"":{""t"":6.4,""c"":7.45},""tackles"":{""t"":10.5,""c"":11.95},""free_kicks"":{""t"":13.95,""c"":14.2},""goal_kicks"":{""t"":5.5,""c"":9.15},""throw_ins"":{""t"":17.8,""c"":15.75},""possession"":{""t"":44.9,""c"":35.1},""offsides"":{""t"":1.55,""c"":2},""passes"":{""t"":315.45,""c"":249.15},""touches_opp_box"":{""t"":16.65,""c"":10.25},""red_cards"":{""t"":0.05,""c"":0.3},""yellow_cards"":{""t"":2.4,""c"":2.6}}","{""goals"":{""t"":1.2,""c"":1.5},""corners"":{""t"":3.25,""c"":5.95},""cards"":{""t"":2.95,""c"":2.45},""crosses"":{""t"":2.5,""c"":4.8},""big_chance_created"":{""t"":0.8,""c"":1.9},""big_chance_missed"":{""t"":0.45,""c"":1.2},""big_chance_scored"":{""t"":0.35,""c"":0.7},""xg"":{""t"":0.86,""c"":1.24},""shots_on_target"":{""t"":2.95,""c"":4.75},""shots_in_box"":{""t"":4.9,""c"":7.5},""total_shots"":{""t"":9.2,""c"":13.75},""shots_outside_box"":{""t"":4.3,""c"":6.25},""clearances"":{""t"":21.8,""c"":18.6},""dispossessed"":{""t"":7.15,""c"":6.2},""errors_goal"":{""t"":0.1,""c"":0.05},""errors_shot"":{""t"":0.35,""c"":0.1},""fouls"":{""t"":12.15,""c"":13.1},""gk_saves"":{""t"":3.7,""c"":2.1},""interceptions"":{""t"":7.9,""c"":6.2},""tackles"":{""t"":12.45,""c"":14},""free_kicks"":{""t"":14.35,""c"":12.9},""goal_kicks"":{""t"":8.2,""c"":5.5},""throw_ins"":{""t"":18.3,""c"":19.5},""possession"":{""t"":41.3,""c"":43.7},""offsides"":{""t"":0.95,""c"":1.35},""passes"":{""t"":322.35,""c"":338.8},""touches_opp_box"":{""t"":12.25,""c"":18.8},""red_cards"":{""t"":0.3,""c"":0.2},""yellow_cards"":{""t"":2.65,""c"":2.25}}","","","NAUTICO","","","","{""corners_home"":6,""corners_away"":5,""goals_home"":2,""goals_away"":0,""cards_home"":2,""cards_away"":1,""fouls_home"":17,""fouls_away"":12,""saves_home"":1,""saves_away"":1,""totalshots_home"":15,""totalshots_away"":16,""shots_home"":3,""shots_away"":1,""btts"":0}","","AVAI","{""xc_casa"":4.42,""xc_fora"":5.28,""xc_total"":9.7,""dc"":{""base"":3.925,""indice_ofensivo"":0.8836,""indice_defensivo"":1.2317,""indice_composto"":1.0228,""detalhes_of"":{""shots_on_target"":[0.27,0.849],""shots_in_box"":[0.22,0.925],""big_chance_missed"":[0.13,0.5],""crosses"":[0.13,0.943],""touches_opp_box"":[0.13,1.089],""total_shots"":[0.1,0.981],""possession"":[0.08,0.958]},""detalhes_def"":{""gk_saves"":[0.5,1],""clearances"":[0.25,1.755],""shots_ced"":[0.25,1.172]}},""df"":{""base"":5.525,""indice_ofensivo"":0.9467,""indice_defensivo"":0.9705,""indice_composto"":0.9562,""detalhes_of"":{""shots_on_target"":[0.27,0.902],""shots_in_box"":[0.22,1.029],""big_chance_missed"":[0.13,0.8],""crosses"":[0.13,0.957],""touches_opp_box"":[0.13,0.939],""total_shots"":[0.1,0.998],""possession"":[0.08,1.042]},""detalhes_def"":{""gk_saves"":[0.5,0.712],""clearances"":[0.25,1.358],""shots_ced"":[0.25,1.101]}},""xg_casa"":1.13,""xg_fora"":1.39,""xg_total"":2.52,""xs_casa"":3.63,""xs_fora"":4.2,""xs_total"":7.83,""p_btts"":0.4168,""db"":{""xg_casa"":1.13,""xg_fora"":1.39,""p_casa_marca"":0.677,""p_fora_marca"":0.7509},""xcard_casa"":2.73,""xcard_fora"":2.37,""xcard_total"":5.1,""xfouls_casa"":14.11,""xfouls_fora"":14.25,""xfouls_total"":28.36,""xsaves_casa"":3.14,""xsaves_fora"":2.14,""xsaves_total"":5.28,""xtotalshots_casa"":8.36,""xtotalshots_fora"":13.15,""xtotalshots_total"":21.51,""sofascore_casa"":null,""sofascore_fora"":null,""fifa_casa"":null,""fifa_fora"":null,""fs_sofa_casa"":1,""fs_sofa_fora"":1,""fs_fifa_casa"":1,""fs_fifa_fora"":1,""fs_casa"":1,""fs_fora"":1}","completed","6a53be290571c287f2dece37","2026-07-12T16:17:45.626000","2026-07-13T10:49:27.660000","6a397687c9763709d6ee2143","lauremank622@gmail.com","false"
"2026-07-11","{""goals"":{""t"":0.95,""c"":0.8},""corners"":{""t"":4.2,""c"":2.7},""cards"":{""t"":2.1,""c"":2.2},""crosses"":{""t"":4.4,""c"":3.15},""big_chance_created"":{""t"":1.5,""c"":0.85},""big_chance_missed"":{""t"":1,""c"":0.55},""big_chance_scored"":{""t"":0.5,""c"":0.3},""xg"":{""t"":1.07,""c"":0.76},""shots_on_target"":{""t"":4.05,""c"":2.1},""shots_in_box"":{""t"":7.35,""c"":4.6},""total_shots"":{""t"":12.35,""c"":9.1},""shots_outside_box"":{""t"":5,""c"":4.5},""clearances"":{""t"":17.7,""c"":26.45},""dispossessed"":{""t"":6.1,""c"":4.95},""errors_goal"":{""t"":0,""c"":0.1},""errors_shot"":{""t"":0.1,""c"":0.45},""fouls"":{""t"":13.85,""c"":11.65},""gk_saves"":{""t"":1.7,""c"":3.3},""interceptions"":{""t"":8.4,""c"":6.5},""tackles"":{""t"":12,""c"":10.8},""free_kicks"":{""t"":13,""c"":15.1},""goal_kicks"":{""t"":6.55,""c"":8.25},""throw_ins"":{""t"":18.55,""c"":19.35},""possession"":{""t"":46.35,""c"":43.65},""offsides"":{""t"":1.35,""c"":1.45},""passes"":{""t"":359.7,""c"":345.95},""touches_opp_box"":{""t"":17.35,""c"":11.75},""red_cards"":{""t"":0.1,""c"":0.1},""yellow_cards"":{""t"":2,""c"":2.1}}","{""goals"":{""t"":1.3,""c"":0.95},""corners"":{""t"":3.35,""c"":5.8},""cards"":{""t"":2.8,""c"":2.7},""crosses"":{""t"":3.1,""c"":5.2},""big_chance_created"":{""t"":1.4,""c"":1.45},""big_chance_missed"":{""t"":0.7,""c"":0.9},""big_chance_scored"":{""t"":0.7,""c"":0.55},""xg"":{""t"":0.99,""c"":1.05},""shots_on_target"":{""t"":3.45,""c"":3.55},""shots_in_box"":{""t"":4.8,""c"":7.55},""total_shots"":{""t"":9.4,""c"":13.55},""shots_outside_box"":{""t"":4.6,""c"":6},""clearances"":{""t"":21.2,""c"":13.85},""dispossessed"":{""t"":5.65,""c"":5.35},""errors_goal"":{""t"":0.15,""c"":0.15},""errors_shot"":{""t"":0.45,""c"":0.15},""fouls"":{""t"":10.9,""c"":10.9},""gk_saves"":{""t"":3,""c"":2.45},""interceptions"":{""t"":7.45,""c"":8.25},""tackles"":{""t"":11.15,""c"":10.9},""free_kicks"":{""t"":12.3,""c"":12.2},""goal_kicks"":{""t"":8.8,""c"":5.35},""throw_ins"":{""t"":13.6,""c"":16.45},""possession"":{""t"":41.3,""c"":43.7},""offsides"":{""t"":1.55,""c"":1.55},""passes"":{""t"":335.6,""c"":350.35},""touches_opp_box"":{""t"":9.15,""c"":18.2},""red_cards"":{""t"":0.1,""c"":0.05},""yellow_cards"":{""t"":2.7,""c"":2.65}}","","","CUIABA","","","","{""corners_home"":6,""corners_away"":7,""goals_home"":2,""goals_away"":2,""cards_home"":2,""cards_away"":2,""fouls_home"":9,""fouls_away"":15,""saves_home"":2,""saves_away"":1,""totalshots_home"":11,""totalshots_away"":9,""shots_home"":3,""shots_away"":3,""btts"":1}","","SBC","{""xc_casa"":3.65,""xc_fora"":4.89,""xc_total"":8.54,""dc"":{""base"":3.025,""indice_ofensivo"":1.062,""indice_defensivo"":1.1491,""indice_composto"":1.0968,""detalhes_of"":{""shots_on_target"":[0.27,1.243],""shots_in_box"":[0.22,1.021],""big_chance_missed"":[0.13,1.12],""crosses"":[0.13,0.992],""touches_opp_box"":[0.13,0.876],""total_shots"":[0.1,1.016],""possession"":[0.08,0.942]},""detalhes_def"":{""gk_saves"":[0.5,0.977],""clearances"":[0.25,1.884],""shots_ced"":[0.25,0.758]}},""df"":{""base"":5,""indice_ofensivo"":1.0073,""indice_defensivo"":0.9341,""indice_composto"":0.978,""detalhes_of"":{""shots_on_target"":[0.27,1.066],""shots_in_box"":[0.22,0.987],""big_chance_missed"":[0.13,1.053],""crosses"":[0.13,0.917],""touches_opp_box"":[0.13,0.976],""total_shots"":[0.1,0.954],""possession"":[0.08,1.058]},""detalhes_def"":{""gk_saves"":[0.5,0.765],""clearances"":[0.25,1.271],""shots_ced"":[0.25,0.936]}},""xg_casa"":1.2,""xg_fora"":0.91,""xg_total"":2.11,""xs_casa"":3.23,""xs_fora"":3.74,""xs_total"":6.97,""p_btts"":0.3424,""db"":{""xg_casa"":1.2,""xg_fora"":0.91,""p_casa_marca"":0.6988,""p_fora_marca"":0.5975},""xcard_casa"":2.41,""xcard_fora"":2.53,""xcard_total"":4.94,""xfouls_casa"":13.18,""xfouls_fora"":14.89,""xfouls_total"":28.07,""xsaves_casa"":3.21,""xsaves_fora"":2.39,""xsaves_total"":5.6,""xtotalshots_casa"":9.42,""xtotalshots_fora"":12.83,""xtotalshots_total"":22.25,""sofascore_casa"":null,""sofascore_fora"":null,""fifa_casa"":null,""fifa_fora"":null,""fs_sofa_casa"":1,""fs_sofa_fora"":1,""fs_fifa_casa"":1,""fs_fifa_fora"":1,""fs_casa"":1,""fs_fora"":1}","completed","6a53be16c5b18a173e186377","2026-07-12T16:17:26.251000","2026-07-13T10:48:06.329000","6a397687c9763709d6ee2143","lauremank622@gmail.com","false"
"2026-07-11","{""goals"":{""t"":2.45,""c"":1.05},""corners"":{""t"":4.95,""c"":4.05},""cards"":{""t"":1.1,""c"":1.85},""crosses"":{""t"":3.15,""c"":2.65},""big_chance_created"":{""t"":2.9,""c"":2.05},""big_chance_missed"":{""t"":1.55,""c"":1.65},""big_chance_scored"":{""t"":1.4,""c"":0.5},""xg"":{""t"":1.37,""c"":0.76},""shots_on_target"":{""t"":5,""c"":3.15},""shots_in_box"":{""t"":8.1,""c"":6.2},""total_shots"":{""t"":11.5,""c"":9.4},""shots_outside_box"":{""t"":3.4,""c"":3.2},""clearances"":{""t"":18.3,""c"":21.35},""dispossessed"":{""t"":7.85,""c"":8.25},""errors_goal"":{""t"":0.2,""c"":0.3},""errors_shot"":{""t"":0.55,""c"":0.55},""fouls"":{""t"":11,""c"":11.85},""gk_saves"":{""t"":2.25,""c"":2.55},""interceptions"":{""t"":8.05,""c"":9.15},""tackles"":{""t"":15.2,""c"":15.1},""free_kicks"":{""t"":13.45,""c"":12.75},""goal_kicks"":{""t"":7.15,""c"":5.7},""throw_ins"":{""t"":19.2,""c"":16.9},""possession"":{""t"":57.9,""c"":42.1},""offsides"":{""t"":1.6,""c"":1.4},""passes"":{""t"":559.5,""c"":405},""touches_opp_box"":{""t"":23.45,""c"":16.5},""red_cards"":{""t"":0,""c"":0.05},""yellow_cards"":{""t"":1.1,""c"":1.8}}","{""goals"":{""t"":2.35,""c"":0.55},""corners"":{""t"":4.45,""c"":2.6},""cards"":{""t"":1.45,""c"":2.5},""crosses"":{""t"":2.85,""c"":2.6},""big_chance_created"":{""t"":3.1,""c"":0.9},""big_chance_missed"":{""t"":1.85,""c"":0.6},""big_chance_scored"":{""t"":1.25,""c"":0.3},""xg"":{""t"":0.95,""c"":0.29},""shots_on_target"":{""t"":5.6,""c"":1.9},""shots_in_box"":{""t"":8.35,""c"":3.65},""total_shots"":{""t"":13.35,""c"":6.65},""shots_outside_box"":{""t"":5,""c"":3},""clearances"":{""t"":12.9,""c"":18.2},""dispossessed"":{""t"":7.85,""c"":7.95},""errors_goal"":{""t"":0.05,""c"":0.05},""errors_shot"":{""t"":0.4,""c"":0.45},""fouls"":{""t"":9.5,""c"":11.15},""gk_saves"":{""t"":1.35,""c"":3.35},""interceptions"":{""t"":8.75,""c"":11.1},""tackles"":{""t"":16.05,""c"":14.6},""free_kicks"":{""t"":13.4,""c"":14.1},""goal_kicks"":{""t"":5,""c"":6.85},""throw_ins"":{""t"":15.05,""c"":14.1},""possession"":{""t"":64.9,""c"":35.1},""offsides"":{""t"":2.35,""c"":1.15},""passes"":{""t"":676.65,""c"":362},""touches_opp_box"":{""t"":27.35,""c"":10.25},""red_cards"":{""t"":0.15,""c"":0.05},""yellow_cards"":{""t"":1.3,""c"":2.45}}","","","SUIÇA","","","","{""corners_home"":8,""corners_away"":2,""goals_home"":3,""goals_away"":1,""cards_home"":3,""cards_away"":3,""fouls_home"":14,""fouls_away"":18,""saves_home"":4,""saves_away"":4,""totalshots_home"":22,""totalshots_away"":11,""shots_home"":7,""shots_away"":5,""btts"":1}","","ARGETINA","{""xc_casa"":4.9,""xc_fora"":4.36,""xc_total"":9.26,""dc"":{""base"":4.25,""indice_ofensivo"":1.1645,""indice_defensivo"":0.8717,""indice_composto"":1.0474,""detalhes_of"":{""shots_on_target"":[0.27,1.28],""shots_in_box"":[0.22,1.148],""big_chance_missed"":[0.13,1.057],""crosses"":[0.13,1.036],""touches_opp_box"":[0.13,1.247],""total_shots"":[0.1,1.174],""possession"":[0.08,1.057]},""detalhes_def"":{""gk_saves"":[0.5,0.671],""clearances"":[0.25,1.39],""shots_ced"":[0.25,0.754]}},""df"":{""base"":3.775,""indice_ofensivo"":1.3279,""indice_defensivo"":0.8933,""indice_composto"":1.1541,""detalhes_of"":{""shots_on_target"":[0.27,1.449],""shots_in_box"":[0.22,1.379],""big_chance_missed"":[0.13,1.442],""crosses"":[0.13,1.096],""touches_opp_box"":[0.13,1.392],""total_shots"":[0.1,1.267],""possession"":[0.08,0.943]},""detalhes_def"":{""gk_saves"":[0.5,0.821],""clearances"":[0.25,1.338],""shots_ced"":[0.25,0.594]}},""xg_casa"":1.73,""xg_fora"":1.91,""xg_total"":3.64,""xs_casa"":4.75,""xs_fora"":4.21,""xs_total"":8.96,""p_btts"":0.6378,""db"":{""xg_casa"":1.73,""xg_fora"":1.91,""p_casa_marca"":0.8227,""p_fora_marca"":0.8519},""xcard_casa"":1.5,""xcard_fora"":1.82,""xcard_total"":3.32,""xfouls_casa"":12.06,""xfouls_fora"":12.62,""xfouls_total"":24.68,""xsaves_casa"":2.82,""xsaves_fora"":3.37,""xsaves_total"":6.19,""xtotalshots_casa"":13.19,""xtotalshots_fora"":11.99,""xtotalshots_total"":25.18,""sofascore_casa"":null,""sofascore_fora"":null,""fifa_casa"":null,""fifa_fora"":null,""fs_sofa_casa"":1,""fs_sofa_fora"":1,""fs_fifa_casa"":1,""fs_fifa_fora"":1,""fs_casa"":1,""fs_fora"":1}","completed","6a526730a1098c4d81048e99","2026-07-11T15:54:24.491000","2026-07-13T10:47:17.523000","6a397687c9763709d6ee2143","lauremank622@gmail.com","false"
"2026-07-11","{""goals"":{""t"":2.35,""c"":0.5},""corners"":{""t"":7.65,""c"":2.35},""cards"":{""t"":1.15,""c"":1.65},""crosses"":{""t"":5.7,""c"":2},""big_chance_created"":{""t"":3.85,""c"":0.7},""big_chance_missed"":{""t"":2.3,""c"":0.35},""big_chance_scored"":{""t"":1.55,""c"":0.35},""xg"":{""t"":2.01,""c"":0.55},""shots_on_target"":{""t"":6.6,""c"":1.85},""shots_in_box"":{""t"":12.65,""c"":3.85},""total_shots"":{""t"":18.05,""c"":6.4},""shots_outside_box"":{""t"":5.35,""c"":2.55},""clearances"":{""t"":12.8,""c"":29.75},""dispossessed"":{""t"":6.75,""c"":6.9},""errors_goal"":{""t"":0.15,""c"":0.1},""errors_shot"":{""t"":0.35,""c"":0.4},""fouls"":{""t"":9.15,""c"":12.3},""gk_saves"":{""t"":1.3,""c"":4.25},""interceptions"":{""t"":5.65,""c"":7.8},""tackles"":{""t"":12.7,""c"":15.55},""free_kicks"":{""t"":13.85,""c"":10.75},""goal_kicks"":{""t"":3.7,""c"":9.75},""throw_ins"":{""t"":15.45,""c"":14},""possession"":{""t"":68.1,""c"":31.9},""offsides"":{""t"":1.35,""c"":1.25},""passes"":{""t"":621.9,""c"":288.1},""touches_opp_box"":{""t"":38.35,""c"":10.35},""red_cards"":{""t"":0.05,""c"":0.1},""yellow_cards"":{""t"":1.1,""c"":1.55}}","{""goals"":{""t"":3.05,""c"":0.95},""corners"":{""t"":5.55,""c"":3.5},""cards"":{""t"":0.7,""c"":0.85},""crosses"":{""t"":5,""c"":2.85},""big_chance_created"":{""t"":4.4,""c"":1.7},""big_chance_missed"":{""t"":2.15,""c"":1.2},""big_chance_scored"":{""t"":2.25,""c"":0.55},""xg"":{""t"":2.12,""c"":0.86},""shots_on_target"":{""t"":5.8,""c"":3.3},""shots_in_box"":{""t"":12,""c"":6.2},""total_shots"":{""t"":15.5,""c"":9.95},""shots_outside_box"":{""t"":3.5,""c"":3.75},""clearances"":{""t"":16.35,""c"":23.05},""dispossessed"":{""t"":8.9,""c"":6.75},""errors_goal"":{""t"":0.1,""c"":0.65},""errors_shot"":{""t"":0.5,""c"":0.75},""fouls"":{""t"":8.15,""c"":8.85},""gk_saves"":{""t"":2.4,""c"":2.8},""interceptions"":{""t"":6.4,""c"":7.4},""tackles"":{""t"":13.4,""c"":17.75},""free_kicks"":{""t"":11.25,""c"":10.05},""goal_kicks"":{""t"":5.7,""c"":7.35},""throw_ins"":{""t"":17.5,""c"":14},""possession"":{""t"":55.7,""c"":44.3},""offsides"":{""t"":1,""c"":1.4},""passes"":{""t"":521.25,""c"":413.35},""touches_opp_box"":{""t"":34.45,""c"":18.35},""red_cards"":{""t"":0,""c"":0},""yellow_cards"":{""t"":0.7,""c"":0.85}}","","","INGLATERRA","","","","{""corners_home"":7,""corners_away"":4,""goals_home"":1,""goals_away"":2,""cards_home"":1,""cards_away"":0,""fouls_home"":10,""fouls_away"":8,""saves_home"":6,""saves_away"":3,""totalshots_home"":13,""totalshots_away"":14,""shots_home"":4,""shots_away"":8,""btts"":1}","","NORUEGA","{""xc_casa"":5.42,""xc_fora"":6.21,""xc_total"":11.63,""dc"":{""base"":3.95,""indice_ofensivo"":1.4767,""indice_defensivo"":0.903,""indice_composto"":1.2472,""detalhes_of"":{""shots_on_target"":[0.27,1.516],""shots_in_box"":[0.22,1.514],""big_chance_missed"":[0.13,1.72],""crosses"":[0.13,1.429],""touches_opp_box"":[0.13,1.538],""total_shots"":[0.1,1.416],""possession"":[0.08,0.9]},""detalhes_def"":{""gk_saves"":[0.5,0.865],""clearances"":[0.25,1.336],""shots_ced"":[0.25,0.546]}},""df"":{""base"":5.575,""indice_ofensivo"":1.3135,""indice_defensivo"":0.8131,""indice_composto"":1.1133,""detalhes_of"":{""shots_on_target"":[0.27,1.333],""shots_in_box"":[0.22,1.342],""big_chance_missed"":[0.13,1.314],""crosses"":[0.13,1.333],""touches_opp_box"":[0.13,1.353],""total_shots"":[0.1,1.289],""possession"":[0.08,1.1]},""detalhes_def"":{""gk_saves"":[0.5,0.658],""clearances"":[0.25,1.217],""shots_ced"":[0.25,0.719]}},""xg_casa"":2.27,""xg_fora"":1.79,""xg_total"":4.06,""xs_casa"":5.02,""xs_fora"":5.67,""xs_total"":10.69,""p_btts"":0.747,""db"":{""xg_casa"":2.27,""xg_fora"":1.79,""p_casa_marca"":0.8967,""p_fora_marca"":0.833},""xcard_casa"":1.05,""xcard_fora"":0.97,""xcard_total"":2.02,""xfouls_casa"":11.3,""xfouls_fora"":10.11,""xfouls_total"":21.41,""xsaves_casa"":4.48,""xsaves_fora"":3.18,""xsaves_total"":7.66,""xtotalshots_casa"":16.16,""xtotalshots_fora"":18.51,""xtotalshots_total"":34.67,""sofascore_casa"":null,""sofascore_fora"":null,""fifa_casa"":null,""fifa_fora"":null,""fs_sofa_casa"":1,""fs_sofa_fora"":1,""fs_fifa_casa"":1,""fs_fifa_fora"":1,""fs_casa"":1,""fs_fora"":1}","completed","6a52671aeab6e2c27a811e24","2026-07-11T15:54:02.991000","2026-07-13T10:46:02.409000","6a397687c9763709d6ee2143","lauremank622@gmail.com","false"
"2026-07-10","{""goals"":{""t"":0.95,""c"":0.85},""corners"":{""t"":6.3,""c"":5.2},""cards"":{""t"":2.4,""c"":2.6},""crosses"":{""t"":5.95,""c"":3.9},""big_chance_created"":{""t"":1.45,""c"":1},""big_chance_missed"":{""t"":0.95,""c"":0.45},""big_chance_scored"":{""t"":0.5,""c"":0.5},""xg"":{""t"":1.2,""c"":0.88},""shots_on_target"":{""t"":3.6,""c"":3.1},""shots_in_box"":{""t"":7.2,""c"":5.35},""total_shots"":{""t"":12.05,""c"":11.4},""shots_outside_box"":{""t"":4.85,""c"":6.05},""clearances"":{""t"":26.2,""c"":25.95},""dispossessed"":{""t"":7,""c"":7},""errors_goal"":{""t"":0.05,""c"":0.1},""errors_shot"":{""t"":0.45,""c"":0.15},""fouls"":{""t"":13.8,""c"":13.4},""gk_saves"":{""t"":2.3,""c"":2.75},""interceptions"":{""t"":6.95,""c"":6.95},""tackles"":{""t"":13.5,""c"":13.6},""free_kicks"":{""t"":14.4,""c"":15.25},""goal_kicks"":{""t"":7.65,""c"":8},""throw_ins"":{""t"":21.5,""c"":21.7},""possession"":{""t"":46.7,""c"":48.3},""offsides"":{""t"":1.55,""c"":1.2},""passes"":{""t"":331,""c"":347.4},""touches_opp_box"":{""t"":20.8,""c"":14.4},""red_cards"":{""t"":0,""c"":0.15},""yellow_cards"":{""t"":2.4,""c"":2.45}}","{""goals"":{""t"":1.4,""c"":1.3},""corners"":{""t"":4.75,""c"":4.6},""cards"":{""t"":2.6,""c"":3.3},""crosses"":{""t"":5.25,""c"":4.8},""big_chance_created"":{""t"":1.95,""c"":1.9},""big_chance_missed"":{""t"":1.2,""c"":1.2},""big_chance_scored"":{""t"":0.75,""c"":0.75},""xg"":{""t"":1.4,""c"":1.2},""shots_on_target"":{""t"":3.85,""c"":4.05},""shots_in_box"":{""t"":7.5,""c"":7.2},""total_shots"":{""t"":11.65,""c"":11.65},""shots_outside_box"":{""t"":4.15,""c"":4.45},""clearances"":{""t"":20.85,""c"":20.6},""dispossessed"":{""t"":6,""c"":6.2},""errors_goal"":{""t"":0.05,""c"":0.05},""errors_shot"":{""t"":0.15,""c"":0.25},""fouls"":{""t"":12.2,""c"":16.3},""gk_saves"":{""t"":2.95,""c"":2.65},""interceptions"":{""t"":7.3,""c"":7},""tackles"":{""t"":12.3,""c"":12.45},""free_kicks"":{""t"":16.25,""c"":12.6},""goal_kicks"":{""t"":7.75,""c"":7},""throw_ins"":{""t"":16.85,""c"":16.1},""possession"":{""t"":51.65,""c"":43.35},""offsides"":{""t"":1.2,""c"":1.65},""passes"":{""t"":363.45,""c"":303.3},""touches_opp_box"":{""t"":15.55,""c"":17.7},""red_cards"":{""t"":0.1,""c"":0.1},""yellow_cards"":{""t"":2.5,""c"":3.2}}","","","Botafogo","","","","{""corners_home"":7,""corners_away"":2,""goals_home"":3,""goals_away"":3,""shots_home"":5,""shots_away"":4,""cards_home"":3,""cards_away"":4,""fouls_home"":17,""fouls_away"":22,""saves_home"":1,""saves_away"":2,""totalshots_home"":20,""totalshots_away"":11,""btts"":1}","","Sport","{""xc_casa"":6.28,""xc_fora"":5.54,""xc_total"":11.82,""dc"":{""base"":4.975,""indice_ofensivo"":1.1456,""indice_defensivo"":1.0267,""indice_composto"":1.0981},""df"":{""base"":5.45,""indice_ofensivo"":0.9915,""indice_defensivo"":1.0546,""indice_composto"":1.0168},""xg_casa"":1.2,""xg_fora"":1.01,""xg_total"":2.21,""xs_casa"":3.94,""xs_fora"":3.92,""xs_total"":7.86,""p_btts"":0.3465,""db"":{""xg_casa"":1.2,""xg_fora"":1.01,""p_casa_marca"":0.6988,""p_fora_marca"":0.6358},""xcard_casa"":2.31,""xcard_fora"":2.89,""xcard_total"":5.2,""xfouls_casa"":16.1,""xfouls_fora"":19.29,""xfouls_total"":35.39,""xsaves_casa"":2.73,""xsaves_fora"":2.87,""xsaves_total"":5.6,""xtotalshots_casa"":13.25,""xtotalshots_fora"":11.84,""xtotalshots_total"":25.09,""sofascore_casa"":null,""sofascore_fora"":null,""fifa_casa"":null,""fifa_fora"":null,""fs_sofa_casa"":1,""fs_sofa_fora"":1,""fs_fifa_casa"":1,""fs_fifa_fora"":1,""fs_casa"":1,""fs_fora"":1}","completed","6a50d13166fd18b448341264","2026-07-10T11:02:09.980000","2026-07-11T15:53:01.869000","6a397687c9763709d6ee2143","lauremank622@gmail.com","false"
"2026-07-10","{""goals"":{""t"":1.95,""c"":1.6},""corners"":{""t"":4.75,""c"":4.2},""cards"":{""t"":3.25,""c"":3.15},""crosses"":{""t"":3.1,""c"":2.75},""big_chance_created"":{""t"":1.2,""c"":1.7},""big_chance_missed"":{""t"":0.4,""c"":1},""big_chance_scored"":{""t"":0.8,""c"":0.7},""xg"":{""t"":1.23,""c"":1.12},""shots_on_target"":{""t"":3.8,""c"":3.5},""shots_in_box"":{""t"":5.8,""c"":5.45},""total_shots"":{""t"":12.55,""c"":8.75},""shots_outside_box"":{""t"":6.75,""c"":3.3},""clearances"":{""t"":19.65,""c"":19.25},""dispossessed"":{""t"":7.35,""c"":6.35},""errors_goal"":{""t"":0.05,""c"":0.2},""errors_shot"":{""t"":0.25,""c"":0.35},""fouls"":{""t"":12.5,""c"":11.8},""gk_saves"":{""t"":2.45,""c"":2.4},""interceptions"":{""t"":7.05,""c"":7.2},""tackles"":{""t"":12.25,""c"":13.85},""free_kicks"":{""t"":14.55,""c"":13.85},""goal_kicks"":{""t"":6.5,""c"":8.5},""throw_ins"":{""t"":19.2,""c"":19.45},""possession"":{""t"":48.2,""c"":41.8},""offsides"":{""t"":1.35,""c"":2.85},""passes"":{""t"":333.95,""c"":297.95},""touches_opp_box"":{""t"":15.25,""c"":13.45},""red_cards"":{""t"":0.25,""c"":0.4},""yellow_cards"":{""t"":3,""c"":2.75}}","{""goals"":{""t"":1.35,""c"":0.6},""corners"":{""t"":4.6,""c"":4.8},""cards"":{""t"":2,""c"":2.8},""crosses"":{""t"":4.9,""c"":3.45},""big_chance_created"":{""t"":2.05,""c"":1.05},""big_chance_missed"":{""t"":1.3,""c"":0.75},""big_chance_scored"":{""t"":0.75,""c"":0.3},""xg"":{""t"":1.05,""c"":0.94},""shots_on_target"":{""t"":4.7,""c"":3.6},""shots_in_box"":{""t"":7.7,""c"":5.65},""total_shots"":{""t"":12.25,""c"":11.65},""shots_outside_box"":{""t"":4.55,""c"":6},""clearances"":{""t"":22.65,""c"":22.25},""dispossessed"":{""t"":6.45,""c"":8.65},""errors_goal"":{""t"":0.1,""c"":0.05},""errors_shot"":{""t"":0.15,""c"":0.15},""fouls"":{""t"":15.5,""c"":15.6},""gk_saves"":{""t"":2.85,""c"":3.55},""interceptions"":{""t"":8.8,""c"":7.25},""tackles"":{""t"":15.1,""c"":11.5},""free_kicks"":{""t"":17.25,""c"":16.9},""goal_kicks"":{""t"":6.75,""c"":7.65},""throw_ins"":{""t"":16.6,""c"":20.8},""possession"":{""t"":49.95,""c"":50.05},""offsides"":{""t"":1.6,""c"":1.7},""passes"":{""t"":338.45,""c"":346.25},""touches_opp_box"":{""t"":15.85,""c"":11.8},""red_cards"":{""t"":0.05,""c"":0.3},""yellow_cards"":{""t"":1.95,""c"":2.5}}","","","VILA NOVA","","","","{""corners_home"":5,""corners_away"":2,""goals_home"":1,""goals_away"":0,""shots_home"":5,""shots_away"":0,""cards_home"":4,""cards_away"":1,""fouls_home"":24,""fouls_away"":16,""saves_home"":0,""saves_away"":4,""totalshots_home"":11,""totalshots_away"":8,""btts"":0}","","JUVENTUDE","{""xc_casa"":5.34,""xc_fora"":4.99,""xc_total"":10.33,""dc"":{""base"":4.4,""indice_ofensivo"":1.1504,""indice_defensivo"":0.9152,""indice_composto"":1.0563},""df"":{""base"":4.775,""indice_ofensivo"":0.9835,""indice_defensivo"":1.1365,""indice_composto"":1.0447},""xg_casa"":1.43,""xg_fora"":1.31,""xg_total"":2.74,""xs_casa"":4.37,""xs_fora"":4.14,""xs_total"":8.51,""p_btts"":0.4332,""db"":{""xg_casa"":1.43,""xg_fora"":1.31,""p_casa_marca"":0.7607,""p_fora_marca"":0.7302},""xcard_casa"":2.51,""xcard_fora"":2.98,""xcard_total"":5.49,""xfouls_casa"":18.93,""xfouls_fora"":17.05,""xfouls_total"":35.98,""xsaves_casa"":2.74,""xsaves_fora"":3.37,""xsaves_total"":6.11,""xtotalshots_casa"":11.81,""xtotalshots_fora"":12.61,""xtotalshots_total"":24.42,""sofascore_casa"":null,""sofascore_fora"":null,""fifa_casa"":null,""fifa_fora"":null,""fs_sofa_casa"":1,""fs_sofa_fora"":1,""fs_fifa_casa"":1,""fs_fifa_fora"":1,""fs_casa"":1,""fs_fora"":1}","completed","6a50d0a32f86c8039bfc8e4a","2026-07-10T10:59:47.410000","2026-07-11T15:53:01.869000","6a397687c9763709d6ee2143","lauremank622@gmail.com","false"
"2026-07-10","{""goals"":{""t"":2.95,""c"":0.95},""corners"":{""t"":7.55,""c"":2.95},""cards"":{""t"":1.3,""c"":2.3},""crosses"":{""t"":5.75,""c"":2.4},""big_chance_created"":{""t"":3.2,""c"":1.45},""big_chance_missed"":{""t"":1.7,""c"":0.75},""big_chance_scored"":{""t"":1.5,""c"":0.7},""xg"":{""t"":2.21,""c"":0.79},""shots_on_target"":{""t"":6.9,""c"":2.8},""shots_in_box"":{""t"":13.05,""c"":5.15},""total_shots"":{""t"":19.25,""c"":8.1},""shots_outside_box"":{""t"":6.2,""c"":2.95},""clearances"":{""t"":16.9,""c"":30.65},""dispossessed"":{""t"":9.25,""c"":7.4},""errors_goal"":{""t"":0.25,""c"":0.65},""errors_shot"":{""t"":0.45,""c"":0.3},""fouls"":{""t"":10.45,""c"":10.55},""gk_saves"":{""t"":1.85,""c"":3.95},""interceptions"":{""t"":7.15,""c"":9.4},""tackles"":{""t"":13.75,""c"":18},""free_kicks"":{""t"":12.3,""c"":12.4},""goal_kicks"":{""t"":4.9,""c"":10},""throw_ins"":{""t"":18.75,""c"":15.25},""possession"":{""t"":61.1,""c"":38.9},""offsides"":{""t"":1.5,""c"":1.65},""passes"":{""t"":554.25,""c"":358.9},""touches_opp_box"":{""t"":45.8,""c"":14.8},""red_cards"":{""t"":0.05,""c"":0.1},""yellow_cards"":{""t"":1.25,""c"":2.2}}","{""goals"":{""t"":3,""c"":1.3},""corners"":{""t"":6.6,""c"":2.3},""cards"":{""t"":1.05,""c"":1.8},""crosses"":{""t"":3.8,""c"":2.05},""big_chance_created"":{""t"":4.55,""c"":1},""big_chance_missed"":{""t"":2.7,""c"":0.55},""big_chance_scored"":{""t"":1.85,""c"":0.45},""xg"":{""t"":2.2,""c"":0.66},""shots_on_target"":{""t"":7.45,""c"":2.6},""shots_in_box"":{""t"":13.35,""c"":4.55},""total_shots"":{""t"":18.85,""c"":7.65},""shots_outside_box"":{""t"":5.5,""c"":3.1},""clearances"":{""t"":13.5,""c"":26.95},""dispossessed"":{""t"":7.65,""c"":7.3},""errors_goal"":{""t"":0.1,""c"":0.25},""errors_shot"":{""t"":0.4,""c"":1.2},""fouls"":{""t"":10.25,""c"":8.85},""gk_saves"":{""t"":1.9,""c"":4.75},""interceptions"":{""t"":7.75,""c"":9.5},""tackles"":{""t"":14.65,""c"":14.05},""free_kicks"":{""t"":10.85,""c"":13.05},""goal_kicks"":{""t"":4.5,""c"":9.15},""throw_ins"":{""t"":15.65,""c"":14.7},""possession"":{""t"":64.4,""c"":35.6},""offsides"":{""t"":2.25,""c"":2.1},""passes"":{""t"":680.3,""c"":373.95},""touches_opp_box"":{""t"":37.85,""c"":13.05},""red_cards"":{""t"":0,""c"":0.15},""yellow_cards"":{""t"":1.05,""c"":1.65}}","","","Belgica","","","","{""corners_home"":5,""corners_away"":1,""goals_home"":2,""goals_away"":1,""shots_home"":8,""shots_away"":2,""cards_home"":2,""cards_away"":2,""fouls_home"":13,""fouls_away"":18,""saves_home"":1,""saves_away"":6,""totalshots_home"":17,""totalshots_away"":5,""btts"":1}","","Espanha","{""xc_casa"":6.48,""xc_fora"":6.02,""xc_total"":12.5,""dc"":{""base"":4.775,""indice_ofensivo"":1.3979,""indice_defensivo"":0.8553,""indice_composto"":1.1809},""df"":{""base"":4.925,""indice_ofensivo"":1.4433,""indice_defensivo"":0.8932,""indice_composto"":1.2233},""xg_casa"":2.23,""xg_fora"":2.4,""xg_total"":4.63,""xs_casa"":6.32,""xs_fora"":6.03,""xs_total"":12.35,""p_btts"":0.8115,""db"":{""xg_casa"":2.23,""xg_fora"":2.4,""p_casa_marca"":0.8925,""p_fora_marca"":0.9093},""xcard_casa"":1.55,""xcard_fora"":1.57,""xcard_total"":3.12,""xfouls_casa"":13.16,""xfouls_fora"":13.02,""xfouls_total"":26.18,""xsaves_casa"":4.33,""xsaves_fora"":4.81,""xsaves_total"":9.14,""xtotalshots_casa"":18.54,""xtotalshots_fora"":19.42,""xtotalshots_total"":37.96,""sofascore_casa"":null,""sofascore_fora"":null,""fifa_casa"":null,""fifa_fora"":null,""fs_sofa_casa"":1,""fs_sofa_fora"":1,""fs_fifa_casa"":1,""fs_fifa_fora"":1,""fs_casa"":1,""fs_fora"":1}","completed","6a50d0807b6b8eb7383ff4d7","2026-07-10T10:59:12.586000","2026-07-11T15:53:01.869000","6a397687c9763709d6ee2143","lauremank622@gmail.com","false"
"2026-07-08","{""goals"":{""t"":1,""c"":1.65},""corners"":{""t"":5.47,""c"":3.76},""cards"":{""t"":2,""c"":2},""crosses"":{""t"":4.59,""c"":4.82},""big_chance_created"":{""t"":1.41,""c"":1.76},""big_chance_missed"":{""t"":1,""c"":0.59},""big_chance_scored"":{""t"":0.47,""c"":1.18},""xg"":{""t"":1.07,""c"":0.9},""shots_on_target"":{""t"":4.12,""c"":4.24},""shots_in_box"":{""t"":7.12,""c"":7.47},""total_shots"":{""t"":12.24,""c"":11.06},""shots_outside_box"":{""t"":5.12,""c"":3.59},""clearances"":{""t"":17.53,""c"":25.47},""dispossessed"":{""t"":4.94,""c"":5.88},""errors_goal"":{""t"":0.24,""c"":0},""errors_shot"":{""t"":0.29,""c"":0.35},""fouls"":{""t"":13,""c"":11.71},""gk_saves"":{""t"":2.53,""c"":3.18},""interceptions"":{""t"":6.47,""c"":8.94},""tackles"":{""t"":13.88,""c"":11.47},""free_kicks"":{""t"":13.24,""c"":14.82},""goal_kicks"":{""t"":7.12,""c"":8.59},""throw_ins"":{""t"":21.76,""c"":19.35},""possession"":{""t"":49.59,""c"":50.41},""offsides"":{""t"":1.88,""c"":1.59},""passes"":{""t"":409.47,""c"":425.24},""touches_opp_box"":{""t"":21.06,""c"":20.12},""red_cards"":{""t"":0,""c"":0.06},""yellow_cards"":{""t"":2,""c"":1.94}}","{""goals"":{""t"":1.05,""c"":1.55},""corners"":{""t"":4.3,""c"":4.9},""cards"":{""t"":2.9,""c"":2.55},""crosses"":{""t"":4.3,""c"":3.25},""big_chance_created"":{""t"":1.6,""c"":2.15},""big_chance_missed"":{""t"":1.15,""c"":1.1},""big_chance_scored"":{""t"":0.45,""c"":1.05},""xg"":{""t"":1.1,""c"":1.15},""shots_on_target"":{""t"":4,""c"":4.65},""shots_in_box"":{""t"":7.4,""c"":7.3},""total_shots"":{""t"":12.25,""c"":11.35},""shots_outside_box"":{""t"":4.85,""c"":4.05},""clearances"":{""t"":23.3,""c"":26.3},""dispossessed"":{""t"":7.45,""c"":8.85},""errors_goal"":{""t"":0.05,""c"":0.15},""errors_shot"":{""t"":0.1,""c"":0.3},""fouls"":{""t"":15.7,""c"":13.5},""gk_saves"":{""t"":3,""c"":3},""interceptions"":{""t"":9.65,""c"":8.45},""tackles"":{""t"":16.85,""c"":14.6},""free_kicks"":{""t"":15.35,""c"":18.1},""goal_kicks"":{""t"":8.4,""c"":7.75},""throw_ins"":{""t"":23.75,""c"":23.55},""possession"":{""t"":48,""c"":52},""offsides"":{""t"":1.7,""c"":1.25},""passes"":{""t"":351.05,""c"":390.65},""touches_opp_box"":{""t"":21.15,""c"":21.45},""red_cards"":{""t"":0.2,""c"":0},""yellow_cards"":{""t"":2.7,""c"":2.55}}","","","Sarasota","","","","{""corners_home"":2,""corners_away"":3,""goals_home"":0,""goals_away"":0,""cards_home"":2,""cards_away"":1,""fouls_home"":12,""fouls_away"":13,""saves_home"":6,""saves_away"":2,""totalshots_home"":7,""totalshots_away"":12,""shots_home"":2,""shots_away"":6,""btts"":0}","","Greenvile","{""xc_casa"":4.88,""xc_fora"":5.36,""xc_total"":10.24,""dc"":{""base"":4.03,""indice_ofensivo"":1.0307,""indice_defensivo"":1.0865,""indice_composto"":1.053},""df"":{""base"":5.185,""indice_ofensivo"":1.0008,""indice_defensivo"":1.0842,""indice_composto"":1.0342},""xg_casa"":1.39,""xg_fora"":1.14,""xg_total"":2.53,""xs_casa"":4.36,""xs_fora"":4.51,""xs_total"":8.87,""p_btts"":0.3984,""db"":{""xg_casa"":1.39,""xg_fora"":1.14,""p_casa_marca"":0.7509,""p_fora_marca"":0.6802},""xcard_casa"":2.55,""xcard_fora"":2.17,""xcard_total"":4.72,""xfouls_casa"":19.4,""xfouls_fora"":16.1,""xfouls_total"":35.5,""xsaves_casa"":2.9,""xsaves_fora"":2.76,""xsaves_total"":5.66,""xtotalshots_casa"":11.48,""xtotalshots_fora"":11.48,""xtotalshots_total"":22.96,""sofascore_casa"":null,""sofascore_fora"":null,""fifa_casa"":null,""fifa_fora"":null,""fs_sofa_casa"":1,""fs_sofa_fora"":1,""fs_fifa_casa"":1,""fs_fifa_fora"":1,""fs_casa"":1,""fs_fora"":1}","completed","6a4e36b75704d7ca3b1a8385","2026-07-08T11:38:31.113000","2026-07-11T15:53:01.869000","6a397687c9763709d6ee2143","lauremank622@gmail.com","false"
"2026-07-08","{""goals"":{""t"":1.2,""c"":1.4},""corners"":{""t"":4.65,""c"":4.9},""cards"":{""t"":1.8,""c"":2.8},""crosses"":{""t"":4.25,""c"":3.85},""big_chance_created"":{""t"":1.65,""c"":1.75},""big_chance_missed"":{""t"":0.95,""c"":1},""big_chance_scored"":{""t"":0.8,""c"":0.75},""xg"":{""t"":0.76,""c"":1.04},""shots_on_target"":{""t"":4.95,""c"":3.7},""shots_in_box"":{""t"":7.9,""c"":6.7},""total_shots"":{""t"":13.4,""c"":10.85},""shots_outside_box"":{""t"":5.5,""c"":4.15},""clearances"":{""t"":22.15,""c"":25.75},""dispossessed"":{""t"":6.85,""c"":7.3},""errors_goal"":{""t"":0.15,""c"":0.15},""errors_shot"":{""t"":0.05,""c"":0.1},""fouls"":{""t"":12.8,""c"":15.05},""gk_saves"":{""t"":2.5,""c"":3.55},""interceptions"":{""t"":6.7,""c"":7.4},""tackles"":{""t"":14.45,""c"":14.65},""free_kicks"":{""t"":15.7,""c"":14.05},""goal_kicks"":{""t"":9.4,""c"":8.8},""throw_ins"":{""t"":21.45,""c"":20.6},""possession"":{""t"":53.95,""c"":46.05},""offsides"":{""t"":1.35,""c"":0.7},""passes"":{""t"":403.15,""c"":346.1},""touches_opp_box"":{""t"":19.9,""c"":18.85},""red_cards"":{""t"":0,""c"":0.1},""yellow_cards"":{""t"":1.8,""c"":2.7}}","{""goals"":{""t"":1.27,""c"":2.4},""corners"":{""t"":4.6,""c"":4.27},""cards"":{""t"":2.4,""c"":2.47},""crosses"":{""t"":2.8,""c"":3.2},""big_chance_created"":{""t"":1.73,""c"":1.87},""big_chance_missed"":{""t"":1.13,""c"":0.93},""big_chance_scored"":{""t"":0.6,""c"":0.93},""xg"":{""t"":1,""c"":1.24},""shots_on_target"":{""t"":3.6,""c"":4.67},""shots_in_box"":{""t"":7.07,""c"":7.13},""total_shots"":{""t"":10.73,""c"":12},""shots_outside_box"":{""t"":3.67,""c"":4.87},""clearances"":{""t"":21.87,""c"":18.27},""dispossessed"":{""t"":7.47,""c"":6.33},""errors_goal"":{""t"":0.33,""c"":0.07},""errors_shot"":{""t"":0.27,""c"":0.13},""fouls"":{""t"":10.87,""c"":11},""gk_saves"":{""t"":2.4,""c"":2.47},""interceptions"":{""t"":6.73,""c"":7.8},""tackles"":{""t"":12.07,""c"":13.47},""free_kicks"":{""t"":12.73,""c"":12},""goal_kicks"":{""t"":6.27,""c"":7.73},""throw_ins"":{""t"":17.2,""c"":16.13},""possession"":{""t"":39.4,""c"":47.27},""offsides"":{""t"":1.33,""c"":1.93},""passes"":{""t"":317.33,""c"":385.53},""touches_opp_box"":{""t"":19.07,""c"":18.6},""red_cards"":{""t"":0.07,""c"":0.07},""yellow_cards"":{""t"":2.33,""c"":2.4}}","","","Naples","","","","{""corners_home"":7,""corners_away"":4,""goals_home"":1,""goals_away"":0,""cards_home"":2,""cards_away"":2,""fouls_home"":19,""fouls_away"":12,""saves_home"":3,""saves_away"":5,""totalshots_home"":14,""totalshots_away"":13,""shots_home"":6,""shots_away"":3,""btts"":0}","","NY Cosmos","{""xc_casa"":5.71,""xc_fora"":4.49,""xc_total"":10.2,""dc"":{""base"":4.75,""indice_ofensivo"":0.9786,""indice_defensivo"":1.1434,""indice_composto"":1.0445},""df"":{""base"":4.46,""indice_ofensivo"":1.0577,""indice_defensivo"":0.9304,""indice_composto"":1.0068},""xg_casa"":1.41,""xg_fora"":1.59,""xg_total"":3,""xs_casa"":3.96,""xs_fora"":4.83,""xs_total"":8.79,""p_btts"":0.5295,""db"":{""xg_casa"":1.41,""xg_fora"":1.59,""p_casa_marca"":0.7559,""p_fora_marca"":0.7961},""xcard_casa"":2.32,""xcard_fora"":2.16,""xcard_total"":4.48,""xfouls_casa"":15.32,""xfouls_fora"":15.66,""xfouls_total"":30.98,""xsaves_casa"":2.94,""xsaves_fora"":2.48,""xsaves_total"":5.42,""xtotalshots_casa"":10.43,""xtotalshots_fora"":13.3,""xtotalshots_total"":23.73,""sofascore_casa"":null,""sofascore_fora"":null,""fifa_casa"":null,""fifa_fora"":null,""fs_sofa_casa"":1,""fs_sofa_fora"":1,""fs_fifa_casa"":1,""fs_fifa_fora"":1,""fs_casa"":1,""fs_fora"":1}","completed","6a4e368c349ba46af4f21ba1","2026-07-08T11:37:48.159000","2026-07-11T15:53:01.869000","6a397687c9763709d6ee2143","lauremank622@gmail.com","false"
"2026-07-08","{""goals"":{""t"":1.6,""c"":1.15},""corners"":{""t"":3.35,""c"":5.45},""cards"":{""t"":1.85,""c"":2.8},""crosses"":{""t"":4.55,""c"":5.35},""big_chance_created"":{""t"":1.65,""c"":1.5},""big_chance_missed"":{""t"":0.75,""c"":0.8},""big_chance_scored"":{""t"":0.95,""c"":0.7},""xg"":{""t"":0.79,""c"":0.88},""shots_on_target"":{""t"":3.8,""c"":3.4},""shots_in_box"":{""t"":6.95,""c"":7.3},""total_shots"":{""t"":10.9,""c"":11.95},""shots_outside_box"":{""t"":3.95,""c"":4.65},""clearances"":{""t"":27.5,""c"":16.95},""dispossessed"":{""t"":4.75,""c"":5.7},""errors_goal"":{""t"":0.05,""c"":0.25},""errors_shot"":{""t"":0.2,""c"":0.1},""fouls"":{""t"":11.75,""c"":15.4},""gk_saves"":{""t"":2.25,""c"":2.35},""interceptions"":{""t"":5.95,""c"":7.65},""tackles"":{""t"":12.2,""c"":11.2},""free_kicks"":{""t"":16.9,""c"":13.05},""goal_kicks"":{""t"":8.85,""c"":7.5},""throw_ins"":{""t"":16.25,""c"":18.3},""possession"":{""t"":45.45,""c"":49.55},""offsides"":{""t"":1.45,""c"":1.55},""passes"":{""t"":373.6,""c"":396.85},""touches_opp_box"":{""t"":17.55,""c"":21.1},""red_cards"":{""t"":0.1,""c"":0.1},""yellow_cards"":{""t"":1.75,""c"":2.7}}","{""goals"":{""t"":0.95,""c"":1.1},""corners"":{""t"":3.75,""c"":5.35},""cards"":{""t"":1.85,""c"":2.1},""crosses"":{""t"":3.95,""c"":4.7},""big_chance_created"":{""t"":1.65,""c"":1.7},""big_chance_missed"":{""t"":1.15,""c"":1},""big_chance_scored"":{""t"":0.5,""c"":0.7},""xg"":{""t"":0.64,""c"":0.99},""shots_on_target"":{""t"":2.9,""c"":3.95},""shots_in_box"":{""t"":6.55,""c"":7.3},""total_shots"":{""t"":9.15,""c"":13.1},""shots_outside_box"":{""t"":2.65,""c"":5.8},""clearances"":{""t"":26.15,""c"":26.7},""dispossessed"":{""t"":6.1,""c"":6.2},""errors_goal"":{""t"":0.1,""c"":0},""errors_shot"":{""t"":0.05,""c"":0.4},""fouls"":{""t"":13,""c"":11.25},""gk_saves"":{""t"":2.85,""c"":1.9},""interceptions"":{""t"":9.25,""c"":6.5},""tackles"":{""t"":12.2,""c"":10.7},""free_kicks"":{""t"":11.9,""c"":14.7},""goal_kicks"":{""t"":8.2,""c"":7.85},""throw_ins"":{""t"":17.25,""c"":20.1},""possession"":{""t"":43.55,""c"":51.45},""offsides"":{""t"":1.9,""c"":0.75},""passes"":{""t"":341.55,""c"":399.7},""touches_opp_box"":{""t"":18.3,""c"":19.6},""red_cards"":{""t"":0.05,""c"":0.05},""yellow_cards"":{""t"":1.8,""c"":2.05}}","","","Orange","","","","{""corners_home"":17,""corners_away"":4,""goals_home"":2,""goals_away"":2,""cards_home"":0,""cards_away"":3,""fouls_home"":16,""fouls_away"":9,""saves_home"":4,""saves_away"":5,""totalshots_home"":23,""totalshots_away"":11,""shots_home"":8,""shots_away"":6,""btts"":1}","","Hartford","{""xc_casa"":5.28,""xc_fora"":4.23,""xc_total"":9.51,""dc"":{""base"":4.6,""indice_ofensivo"":0.9492,""indice_defensivo"":1.0734,""indice_composto"":0.9989},""df"":{""base"":4.35,""indice_ofensivo"":0.9567,""indice_defensivo"":0.9948,""indice_composto"":0.9719},""xg_casa"":0.98,""xg_fora"":1.28,""xg_total"":2.26,""xs_casa"":3.2,""xs_fora"":3.87,""xs_total"":7.07,""p_btts"":0.3518,""db"":{""xg_casa"":0.98,""xg_fora"":1.28,""p_casa_marca"":0.6247,""p_fora_marca"":0.722},""xcard_casa"":2.25,""xcard_fora"":1.96,""xcard_total"":4.21,""xfouls_casa"":18.11,""xfouls_fora"":14.83,""xfouls_total"":32.94,""xsaves_casa"":2.5,""xsaves_fora"":1.94,""xsaves_total"":4.44,""xtotalshots_casa"":10.08,""xtotalshots_fora"":11.72,""xtotalshots_total"":21.8,""sofascore_casa"":null,""sofascore_fora"":null,""fifa_casa"":null,""fifa_fora"":null,""fs_sofa_casa"":1,""fs_sofa_fora"":1,""fs_fifa_casa"":1,""fs_fifa_fora"":1,""fs_casa"":1,""fs_fora"":1}","completed","6a4e36679e8ab400e6ce3ea6","2026-07-08T11:37:11.075000","2026-07-11T15:53:01.869000","6a397687c9763709d6ee2143","lauremank622@gmail.com","false"
"2026-07-08","{""goals"":{""t"":1.05,""c"":0.6},""corners"":{""t"":6.15,""c"":4.25},""cards"":{""t"":2.25,""c"":2.45},""crosses"":{""t"":5.4,""c"":3.6},""big_chance_created"":{""t"":1.6,""c"":1},""big_chance_missed"":{""t"":0.95,""c"":0.75},""big_chance_scored"":{""t"":0.65,""c"":0.25},""xg"":{""t"":1.25,""c"":0.91},""shots_on_target"":{""t"":3.7,""c"":3.4},""shots_in_box"":{""t"":7.9,""c"":6.65},""total_shots"":{""t"":13.15,""c"":13.1},""shots_outside_box"":{""t"":5.25,""c"":6.45},""clearances"":{""t"":28.65,""c"":23.45},""dispossessed"":{""t"":6.85,""c"":6.6},""errors_goal"":{""t"":0.1,""c"":0},""errors_shot"":{""t"":0.15,""c"":0.3},""fouls"":{""t"":13.3,""c"":13.8},""gk_saves"":{""t"":2.85,""c"":2.65},""interceptions"":{""t"":8.65,""c"":9.3},""tackles"":{""t"":13.25,""c"":12.6},""free_kicks"":{""t"":15.05,""c"":15.05},""goal_kicks"":{""t"":8.2,""c"":8.8},""throw_ins"":{""t"":20.5,""c"":21.8},""possession"":{""t"":48.05,""c"":46.95},""offsides"":{""t"":1.75,""c"":1.35},""passes"":{""t"":355.15,""c"":350.35},""touches_opp_box"":{""t"":18.6,""c"":17.2},""red_cards"":{""t"":0.15,""c"":0.05},""yellow_cards"":{""t"":2.1,""c"":2.4}}","{""goals"":{""t"":0.65,""c"":1.8},""corners"":{""t"":5,""c"":5.8},""cards"":{""t"":3.05,""c"":2.7},""crosses"":{""t"":3.3,""c"":5.35},""big_chance_created"":{""t"":1.2,""c"":1.95},""big_chance_missed"":{""t"":0.9,""c"":0.9},""big_chance_scored"":{""t"":0.35,""c"":1.05},""xg"":{""t"":0.87,""c"":1.42},""shots_on_target"":{""t"":2.8,""c"":5.35},""shots_in_box"":{""t"":5.7,""c"":9.7},""total_shots"":{""t"":9.4,""c"":15.8},""shots_outside_box"":{""t"":3.7,""c"":6.1},""clearances"":{""t"":24.65,""c"":22.4},""dispossessed"":{""t"":5.9,""c"":6.1},""errors_goal"":{""t"":0.1,""c"":0.1},""errors_shot"":{""t"":0.25,""c"":0.15},""fouls"":{""t"":14.9,""c"":12.7},""gk_saves"":{""t"":3.6,""c"":2.2},""interceptions"":{""t"":7.4,""c"":6.7},""tackles"":{""t"":12.8,""c"":12.05},""free_kicks"":{""t"":14,""c"":16.05},""goal_kicks"":{""t"":9.15,""c"":5.8},""throw_ins"":{""t"":18.7,""c"":17.9},""possession"":{""t"":38.8,""c"":51.2},""offsides"":{""t"":1.4,""c"":1.4},""passes"":{""t"":282.5,""c"":372.85},""touches_opp_box"":{""t"":13.5,""c"":22.9},""red_cards"":{""t"":0.4,""c"":0.15},""yellow_cards"":{""t"":2.65,""c"":2.55}}","","","Criciuma","","","","{""corners_home"":1,""corners_away"":6,""goals_home"":1,""goals_away"":2,""cards_home"":4,""cards_away"":1,""fouls_home"":16,""fouls_away"":11,""saves_home"":2,""saves_away"":3,""totalshots_home"":11,""totalshots_away"":17,""shots_home"":4,""shots_away"":4,""btts"":1}","","Ponte Preta","{""xc_casa"":5.47,""xc_fora"":5.78,""xc_total"":11.25,""dc"":{""base"":4.625,""indice_ofensivo"":0.9269,""indice_defensivo"":1.1825,""indice_composto"":1.0291},""df"":{""base"":5.975,""indice_ofensivo"":0.9229,""indice_defensivo"":1.035,""indice_composto"":0.9677},""xg_casa"":0.69,""xg_fora"":1.22,""xg_total"":1.91,""xs_casa"":3.3,""xs_fora"":4.36,""xs_total"":7.66,""p_btts"":0.2283,""db"":{""xg_casa"":0.69,""xg_fora"":1.22,""p_casa_marca"":0.4984,""p_fora_marca"":0.7048},""xcard_casa"":2.55,""xcard_fora"":2.61,""xcard_total"":5.16,""xfouls_casa"":18.02,""xfouls_fora"":17.55,""xfouls_total"":35.57,""xsaves_casa"":2.74,""xsaves_fora"":2.38,""xsaves_total"":5.12,""xtotalshots_casa"":10.68,""xtotalshots_fora"":13.6,""xtotalshots_total"":24.28,""sofascore_casa"":null,""sofascore_fora"":null,""fifa_casa"":null,""fifa_fora"":null,""fs_sofa_casa"":1,""fs_sofa_fora"":1,""fs_fifa_casa"":1,""fs_fifa_fora"":1,""fs_casa"":1,""fs_fora"":1}","completed","6a4e3646891563c31a31de88","2026-07-08T11:36:38.032000","2026-07-11T15:53:01.869000","6a397687c9763709d6ee2143","lauremank622@gmail.com","false"
"2026-07-07","{""goals"":{""t"":1.05,""c"":1.55},""corners"":{""t"":1.75,""c"":2.6},""cards"":{""t"":1.25,""c"":1.5},""crosses"":{""t"":2.65,""c"":2.45},""big_chance_created"":{""t"":0.45,""c"":1.35},""big_chance_missed"":{""t"":0.35,""c"":0.65},""big_chance_scored"":{""t"":0.1,""c"":0.7},""xg"":{""t"":0.34,""c"":0.61},""shots_on_target"":{""t"":1.55,""c"":2.55},""shots_in_box"":{""t"":3.6,""c"":4.55},""total_shots"":{""t"":5.35,""c"":7.1},""shots_outside_box"":{""t"":1.75,""c"":2.55},""clearances"":{""t"":12.6,""c"":10.1},""dispossessed"":{""t"":4.35,""c"":3.95},""errors_goal"":{""t"":0.1,""c"":0},""errors_shot"":{""t"":0.1,""c"":0.05},""fouls"":{""t"":6.55,""c"":7.1},""gk_saves"":{""t"":1.6,""c"":1.15},""interceptions"":{""t"":4.35,""c"":3.6},""tackles"":{""t"":7.9,""c"":6.75},""free_kicks"":{""t"":7.5,""c"":7},""goal_kicks"":{""t"":4.75,""c"":4.1},""throw_ins"":{""t"":9.3,""c"":8.3},""possession"":{""t"":19.65,""c"":30.35},""offsides"":{""t"":0.6,""c"":0.4},""passes"":{""t"":155.1,""c"":249.7},""touches_opp_box"":{""t"":7.85,""c"":13.25},""red_cards"":{""t"":0.1,""c"":0.05},""yellow_cards"":{""t"":1.15,""c"":1.45}}","{""goals"":{""t"":0.87,""c"":1.93},""corners"":{""t"":0.67,""c"":1.4},""cards"":{""t"":0.27,""c"":0.27},""crosses"":{""t"":0,""c"":0},""big_chance_created"":{""t"":0,""c"":0},""big_chance_missed"":{""t"":0,""c"":0},""big_chance_scored"":{""t"":0,""c"":0},""xg"":{""t"":0,""c"":0},""shots_on_target"":{""t"":0.2,""c"":0.53},""shots_in_box"":{""t"":0,""c"":0},""total_shots"":{""t"":0.53,""c"":0.73},""shots_outside_box"":{""t"":0,""c"":0},""clearances"":{""t"":0,""c"":0},""dispossessed"":{""t"":0,""c"":0},""errors_goal"":{""t"":0,""c"":0},""errors_shot"":{""t"":0,""c"":0},""fouls"":{""t"":0.73,""c"":0.73},""gk_saves"":{""t"":0.33,""c"":0.13},""interceptions"":{""t"":0,""c"":0},""tackles"":{""t"":0,""c"":0},""free_kicks"":{""t"":0.87,""c"":0.73},""goal_kicks"":{""t"":0.4,""c"":0.4},""throw_ins"":{""t"":1.27,""c"":1.53},""possession"":{""t"":0,""c"":0},""offsides"":{""t"":0,""c"":0.07},""passes"":{""t"":0,""c"":0},""touches_opp_box"":{""t"":0,""c"":0},""red_cards"":{""t"":0,""c"":0},""yellow_cards"":{""t"":0.27,""c"":0.27}}","","","DRITA","","","","{""corners_home"":4,""corners_away"":4,""goals_home"":1,""goals_away"":1,""shots_home"":4,""shots_away"":1,""cards_home"":3,""cards_away"":1,""fouls_home"":10,""fouls_away"":14,""saves_home"":0,""saves_away"":2,""totalshots_home"":5,""totalshots_away"":6,""btts"":1}","","KAUNO","{""xc_casa"":1.48,""xc_fora"":1.9,""xc_total"":3.38,""dc"":{""base"":1.635,""indice_ofensivo"":0.1437,""indice_defensivo"":1.75,""indice_composto"":0.7862},""df"":{""base"":1.575,""indice_ofensivo"":1.8475,""indice_defensivo"":0.2385,""indice_composto"":1.2039},""xg_casa"":1.08,""xg_fora"":1.77,""xg_total"":2.85,""xs_casa"":0.99,""xs_fora"":1.28,""xs_total"":2.27,""p_btts"":0.4274,""db"":{""xg_casa"":1.08,""xg_fora"":1.77,""p_casa_marca"":0.6604,""p_fora_marca"":0.8297},""xcard_casa"":0.58,""xcard_fora"":1.42,""xcard_total"":2,""xfouls_casa"":0.93,""xfouls_fora"":8.99,""xfouls_total"":9.92,""xsaves_casa"":1.32,""xsaves_fora"":0.12,""xsaves_total"":1.44,""xtotalshots_casa"":3.82,""xtotalshots_fora"":6.08,""xtotalshots_total"":9.9,""sofascore_casa"":null,""sofascore_fora"":null,""fifa_casa"":null,""fifa_fora"":null,""fs_sofa_casa"":1,""fs_sofa_fora"":1,""fs_fifa_casa"":1,""fs_fifa_fora"":1,""fs_casa"":1,""fs_fora"":1}","completed","6a4ce4e884bc80a99a8b3b81","2026-07-07T11:37:12.941000","2026-07-11T15:53:01.869000","6a397687c9763709d6ee2143","lauremank622@gmail.com","false"
"2026-07-07","{""goals"":{""t"":1.4,""c"":1.35},""corners"":{""t"":3.1,""c"":2.9},""cards"":{""t"":1.3,""c"":1},""crosses"":{""t"":1.4,""c"":0.55},""big_chance_created"":{""t"":0.2,""c"":0.35},""big_chance_missed"":{""t"":0.1,""c"":0.15},""big_chance_scored"":{""t"":0.1,""c"":0.2},""xg"":{""t"":0,""c"":0},""shots_on_target"":{""t"":0.75,""c"":1.25},""shots_in_box"":{""t"":2.05,""c"":1.95},""total_shots"":{""t"":3.1,""c"":3.35},""shots_outside_box"":{""t"":1.05,""c"":1.4},""clearances"":{""t"":3.65,""c"":4.45},""dispossessed"":{""t"":2.15,""c"":2.65},""errors_goal"":{""t"":0,""c"":0},""errors_shot"":{""t"":0,""c"":0},""fouls"":{""t"":3.6,""c"":2.65},""gk_saves"":{""t"":0.85,""c"":0.55},""interceptions"":{""t"":3.2,""c"":3.2},""tackles"":{""t"":4.8,""c"":4.2},""free_kicks"":{""t"":2.5,""c"":3.95},""goal_kicks"":{""t"":1.55,""c"":2.45},""throw_ins"":{""t"":6.05,""c"":5.6},""possession"":{""t"":9.05,""c"":10.95},""offsides"":{""t"":0.65,""c"":0.05},""passes"":{""t"":78.25,""c"":94.85},""touches_opp_box"":{""t"":0,""c"":0},""red_cards"":{""t"":0,""c"":0.05},""yellow_cards"":{""t"":1.3,""c"":0.95}}","{""goals"":{""t"":1.78,""c"":1.78},""corners"":{""t"":1.89,""c"":2},""cards"":{""t"":1.39,""c"":1.17},""crosses"":{""t"":0.44,""c"":0.28},""big_chance_created"":{""t"":0.11,""c"":0.11},""big_chance_missed"":{""t"":0.11,""c"":0},""big_chance_scored"":{""t"":0,""c"":0.11},""xg"":{""t"":0,""c"":0},""shots_on_target"":{""t"":1.39,""c"":1},""shots_in_box"":{""t"":0.72,""c"":0.61},""total_shots"":{""t"":3.33,""c"":2.61},""shots_outside_box"":{""t"":0.94,""c"":0.33},""clearances"":{""t"":1.89,""c"":2.83},""dispossessed"":{""t"":1.28,""c"":1.06},""errors_goal"":{""t"":0,""c"":0},""errors_shot"":{""t"":0,""c"":0},""fouls"":{""t"":2.61,""c"":2.94},""gk_saves"":{""t"":0.5,""c"":1},""interceptions"":{""t"":0.5,""c"":0.67},""tackles"":{""t"":1.61,""c"":2.39},""free_kicks"":{""t"":3.28,""c"":2.83},""goal_kicks"":{""t"":1.83,""c"":1.67},""throw_ins"":{""t"":5.61,""c"":4.56},""possession"":{""t"":8.83,""c"":7.83},""offsides"":{""t"":0.28,""c"":0.39},""passes"":{""t"":48.22,""c"":39.61},""touches_opp_box"":{""t"":1.89,""c"":2.17},""red_cards"":{""t"":0.06,""c"":0},""yellow_cards"":{""t"":1.33,""c"":1.17}}","","","Riga","","","","{""corners_home"":5,""corners_away"":6,""goals_home"":2,""goals_away"":0,""shots_home"":3,""shots_away"":1,""cards_home"":0,""cards_away"":3,""fouls_home"":10,""fouls_away"":8,""saves_home"":1,""saves_away"":1,""totalshots_home"":9,""totalshots_away"":4,""btts"":0}","","Ararat","{""xc_casa"":2.75,""xc_fora"":3.29,""xc_total"":6.04,""dc"":{""base"":2.395,""indice_ofensivo"":1.0068,""indice_defensivo"":0.9842,""indice_composto"":0.9978},""df"":{""base"":2.55,""indice_ofensivo"":1.3298,""indice_defensivo"":1.23,""indice_composto"":1.2899},""xg_casa"":1.53,""xg_fora"":1.68,""xg_total"":3.21,""xs_casa"":1.25,""xs_fora"":1.12,""xs_total"":2.37,""p_btts"":0.561,""db"":{""xg_casa"":1.53,""xg_fora"":1.68,""p_casa_marca"":0.7835,""p_fora_marca"":0.8136},""xcard_casa"":0.87,""xcard_fora"":1.59,""xcard_total"":2.46,""xfouls_casa"":2.49,""xfouls_fora"":5.66,""xfouls_total"":8.15,""xsaves_casa"":0.6,""xsaves_fora"":0.74,""xsaves_total"":1.34,""xtotalshots_casa"":3.37,""xtotalshots_fora"":3.98,""xtotalshots_total"":7.35,""sofascore_casa"":null,""sofascore_fora"":null,""fifa_casa"":null,""fifa_fora"":null,""fs_sofa_casa"":1,""fs_sofa_fora"":1,""fs_fifa_casa"":1,""fs_fifa_fora"":1,""fs_casa"":1,""fs_fora"":1}","completed","6a4ce4ca565c9bd7daf027c0","2026-07-07T11:36:42.420000","2026-07-11T15:53:01.869000","6a397687c9763709d6ee2143","lauremank622@gmail.com","false"
"2026-07-07","{""goals"":{""t"":0.85,""c"":1.35},""corners"":{""t"":1.25,""c"":2.7},""cards"":{""t"":0.85,""c"":1.3},""crosses"":{""t"":1.45,""c"":1.7},""big_chance_created"":{""t"":0.55,""c"":1.55},""big_chance_missed"":{""t"":0.3,""c"":0.75},""big_chance_scored"":{""t"":0.25,""c"":0.8},""xg"":{""t"":0.27,""c"":0.72},""shots_on_target"":{""t"":1,""c"":2.6},""shots_in_box"":{""t"":1.9,""c"":4.8},""total_shots"":{""t"":3.1,""c"":7},""shots_outside_box"":{""t"":1.2,""c"":2.2},""clearances"":{""t"":10.9,""c"":6.15},""dispossessed"":{""t"":3.15,""c"":4.1},""errors_goal"":{""t"":0.05,""c"":0.05},""errors_shot"":{""t"":0.1,""c"":0.1},""fouls"":{""t"":4.05,""c"":4},""gk_saves"":{""t"":1.65,""c"":0.75},""interceptions"":{""t"":3.85,""c"":3},""tackles"":{""t"":7.7,""c"":5.45},""free_kicks"":{""t"":4.9,""c"":3.95},""goal_kicks"":{""t"":3.4,""c"":1.65},""throw_ins"":{""t"":5.15,""c"":5.95},""possession"":{""t"":14.5,""c"":25.5},""offsides"":{""t"":0,""c"":1.05},""passes"":{""t"":140.7,""c"":247.4},""touches_opp_box"":{""t"":5.1,""c"":12.25},""red_cards"":{""t"":0.05,""c"":0.05},""yellow_cards"":{""t"":0.8,""c"":1.25}}","{""goals"":{""t"":2.14,""c"":2},""corners"":{""t"":1.29,""c"":2.43},""cards"":{""t"":1.36,""c"":1.21},""crosses"":{""t"":0,""c"":0},""big_chance_created"":{""t"":0,""c"":0},""big_chance_missed"":{""t"":0,""c"":0},""big_chance_scored"":{""t"":0,""c"":0},""xg"":{""t"":0,""c"":0},""shots_on_target"":{""t"":1.14,""c"":0.64},""shots_in_box"":{""t"":0,""c"":0},""total_shots"":{""t"":2.86,""c"":1.79},""shots_outside_box"":{""t"":0,""c"":0},""clearances"":{""t"":0,""c"":0},""dispossessed"":{""t"":0,""c"":0},""errors_goal"":{""t"":0,""c"":0},""errors_shot"":{""t"":0,""c"":0},""fouls"":{""t"":3.36,""c"":4.36},""gk_saves"":{""t"":0.43,""c"":0.86},""interceptions"":{""t"":0,""c"":0},""tackles"":{""t"":0,""c"":0},""free_kicks"":{""t"":6.07,""c"":4.64},""goal_kicks"":{""t"":2.14,""c"":2.36},""throw_ins"":{""t"":5.21,""c"":5.71},""possession"":{""t"":8.93,""c"":5.36},""offsides"":{""t"":0.64,""c"":0.86},""passes"":{""t"":0,""c"":0},""touches_opp_box"":{""t"":0,""c"":0},""red_cards"":{""t"":0,""c"":0.14},""yellow_cards"":{""t"":1.36,""c"":1.07}}","","","TNS","","","","{""corners_home"":11,""corners_away"":2,""goals_home"":2,""goals_away"":0,""shots_home"":4,""shots_away"":0,""cards_home"":5,""cards_away"":2,""fouls_home"":6,""fouls_away"":11,""saves_home"":0,""saves_away"":2,""totalshots_home"":14,""totalshots_away"":1,""btts"":0}","","SABAH","{""xc_casa"":1.82,""xc_fora"":2.46,""xc_total"":4.28,""dc"":{""base"":1.995,""indice_ofensivo"":0.6302,""indice_defensivo"":1.0387,""indice_composto"":0.7936},""df"":{""base"":1.84,""indice_ofensivo"":1.6746,""indice_defensivo"":0.8348,""indice_composto"":1.3387},""xg_casa"":1.43,""xg_fora"":1.91,""xg_total"":3.34,""xs_casa"":1.35,""xs_fora"":1.18,""xs_total"":2.53,""p_btts"":0.5703,""db"":{""xg_casa"":1.43,""xg_fora"":1.91,""p_casa_marca"":0.7607,""p_fora_marca"":0.8519},""xcard_casa"":1.12,""xcard_fora"":1.62,""xcard_total"":2.74,""xfouls_casa"":4.2,""xfouls_fora"":9,""xfouls_total"":13.2,""xsaves_casa"":0.96,""xsaves_fora"":0.76,""xsaves_total"":1.72,""xtotalshots_casa"":3.76,""xtotalshots_fora"":4.65,""xtotalshots_total"":8.41,""sofascore_casa"":null,""sofascore_fora"":null,""fifa_casa"":null,""fifa_fora"":null,""fs_sofa_casa"":1,""fs_sofa_fora"":1,""fs_fifa_casa"":1,""fs_fifa_fora"":1,""fs_casa"":1,""fs_fora"":1}","completed","6a4ce4b2d682ed1aab34b210","2026-07-07T11:36:18.973000","2026-07-11T15:53:01.869000","6a397687c9763709d6ee2143","lauremank622@gmail.com","false"
"2026-07-07","{""goals"":{""t"":1.35,""c"":1.95},""corners"":{""t"":1.1,""c"":1.35},""cards"":{""t"":0.85,""c"":0.9},""crosses"":{""t"":0.3,""c"":0.35},""big_chance_created"":{""t"":0,""c"":0.25},""big_chance_missed"":{""t"":0,""c"":0.05},""big_chance_scored"":{""t"":0,""c"":0.2},""xg"":{""t"":0,""c"":0},""shots_on_target"":{""t"":0.3,""c"":0.65},""shots_in_box"":{""t"":0.3,""c"":0.85},""total_shots"":{""t"":1.1,""c"":1.35},""shots_outside_box"":{""t"":0.25,""c"":0.25},""clearances"":{""t"":0.95,""c"":0.55},""dispossessed"":{""t"":0.4,""c"":0.25},""errors_goal"":{""t"":0,""c"":0},""errors_shot"":{""t"":0,""c"":0},""fouls"":{""t"":1.2,""c"":1.15},""gk_saves"":{""t"":0.3,""c"":0.25},""interceptions"":{""t"":0.2,""c"":0.35},""tackles"":{""t"":0.5,""c"":0.75},""free_kicks"":{""t"":1.55,""c"":1.2},""goal_kicks"":{""t"":0.65,""c"":0.95},""throw_ins"":{""t"":1.8,""c"":2.05},""possession"":{""t"":4.65,""c"":5.35},""offsides"":{""t"":0,""c"":0.25},""passes"":{""t"":17,""c"":17.35},""touches_opp_box"":{""t"":0,""c"":0},""red_cards"":{""t"":0,""c"":0},""yellow_cards"":{""t"":0.85,""c"":0.9}}","{""goals"":{""t"":1.25,""c"":2.6},""corners"":{""t"":0.9,""c"":2.05},""cards"":{""t"":1.55,""c"":1.65},""crosses"":{""t"":0.5,""c"":2.2},""big_chance_created"":{""t"":0.35,""c"":1.35},""big_chance_missed"":{""t"":0.2,""c"":0.85},""big_chance_scored"":{""t"":0.15,""c"":0.5},""xg"":{""t"":0.3,""c"":0.73},""shots_on_target"":{""t"":1,""c"":2.9},""shots_in_box"":{""t"":1.55,""c"":4.7},""total_shots"":{""t"":3.05,""c"":7.85},""shots_outside_box"":{""t"":1.2,""c"":1.6},""clearances"":{""t"":10.35,""c"":5.8},""dispossessed"":{""t"":2.6,""c"":2.2},""errors_goal"":{""t"":0.05,""c"":0},""errors_shot"":{""t"":0.05,""c"":0},""fouls"":{""t"":4.4,""c"":6.05},""gk_saves"":{""t"":1.7,""c"":0.6},""interceptions"":{""t"":3.6,""c"":2.45},""tackles"":{""t"":4.9,""c"":5.05},""free_kicks"":{""t"":7.15,""c"":5.3},""goal_kicks"":{""t"":4.45,""c"":1.6},""throw_ins"":{""t"":6.6,""c"":8.65},""possession"":{""t"":14.8,""c"":20.2},""offsides"":{""t"":0.55,""c"":0.5},""passes"":{""t"":98.4,""c"":131.3},""touches_opp_box"":{""t"":4.25,""c"":11.45},""red_cards"":{""t"":0.05,""c"":0.05},""yellow_cards"":{""t"":1.5,""c"":1.6}}","","","INTER","","","","{""corners_home"":3,""corners_away"":6,""goals_home"":3,""goals_away"":1,""cards_home"":2,""cards_away"":1,""fouls_home"":7,""fouls_away"":4,""saves_home"":2,""saves_away"":7,""totalshots_home"":19,""totalshots_away"":15,""shots_home"":10,""shots_away"":2,""btts"":1}","","LINCOL RI","{""xc_casa"":1.33,""xc_fora"":1.4,""xc_total"":2.73,""dc"":{""base"":1.125,""indice_ofensivo"":1.4083,""indice_defensivo"":0.4586,""indice_composto"":1.0284},""df"":{""base"":1.575,""indice_ofensivo"":0.2138,""indice_defensivo"":1.8957,""indice_composto"":0.8866},""xg_casa"":1.73,""xg_fora"":1.71,""xg_total"":3.44,""xs_casa"":0.82,""xs_fora"":1.4,""xs_total"":2.22,""p_btts"":0.593,""db"":{""xg_casa"":1.73,""xg_fora"":1.71,""p_casa_marca"":0.8227,""p_fora_marca"":0.8191},""xcard_casa"":1.77,""xcard_fora"":0.6,""xcard_total"":2.37,""xfouls_casa"":5.84,""xfouls_fora"":1.15,""xfouls_total"":6.99,""xsaves_casa"":0.17,""xsaves_fora"":0.6,""xsaves_total"":0.77,""xtotalshots_casa"":3.22,""xtotalshots_fora"":1.07,""xtotalshots_total"":4.29,""sofascore_casa"":null,""sofascore_fora"":null,""fifa_casa"":null,""fifa_fora"":null,""fs_sofa_casa"":1,""fs_sofa_fora"":1,""fs_fifa_casa"":1,""fs_fifa_fora"":1,""fs_casa"":1,""fs_fora"":1}","completed","6a4ce43f6fdf8d7579da60d7","2026-07-07T11:34:23.762000","2026-07-11T15:53:01.869000","6a397687c9763709d6ee2143","lauremank622@gmail.com","false"
"2026-07-07","{""goals"":{""t"":1.8,""c"":1},""corners"":{""t"":4.1,""c"":3.25},""cards"":{""t"":1.25,""c"":2.25},""crosses"":{""t"":4.05,""c"":2.25},""big_chance_created"":{""t"":2.8,""c"":1.4},""big_chance_missed"":{""t"":1.55,""c"":0.85},""big_chance_scored"":{""t"":1.25,""c"":0.55},""xg"":{""t"":0.69,""c"":0.3},""shots_on_target"":{""t"":5.5,""c"":3},""shots_in_box"":{""t"":9.45,""c"":4.95},""total_shots"":{""t"":14.5,""c"":9.6},""shots_outside_box"":{""t"":5.05,""c"":4.65},""clearances"":{""t"":17.6,""c"":21.9},""dispossessed"":{""t"":8.85,""c"":7.2},""errors_goal"":{""t"":0.15,""c"":0.2},""errors_shot"":{""t"":0.4,""c"":0.35},""fouls"":{""t"":9.8,""c"":9.35},""gk_saves"":{""t"":1.95,""c"":3.65},""interceptions"":{""t"":7.25,""c"":9.1},""tackles"":{""t"":13.5,""c"":15.3},""free_kicks"":{""t"":14.3,""c"":15.6},""goal_kicks"":{""t"":6.4,""c"":7.95},""throw_ins"":{""t"":19.35,""c"":18.35},""possession"":{""t"":58.7,""c"":41.3},""offsides"":{""t"":2.35,""c"":1.25},""passes"":{""t"":505.35,""c"":354.25},""touches_opp_box"":{""t"":23.15,""c"":13.45},""red_cards"":{""t"":0,""c"":0.15},""yellow_cards"":{""t"":1.25,""c"":2.1}}","{""goals"":{""t"":2.3,""c"":0.95},""corners"":{""t"":5.05,""c"":3.85},""cards"":{""t"":1.1,""c"":1.85},""crosses"":{""t"":3.2,""c"":2.7},""big_chance_created"":{""t"":3,""c"":2.1},""big_chance_missed"":{""t"":1.65,""c"":1.65},""big_chance_scored"":{""t"":1.4,""c"":0.55},""xg"":{""t"":1.35,""c"":0.71},""shots_on_target"":{""t"":5.25,""c"":3.1},""shots_in_box"":{""t"":8.4,""c"":6.05},""total_shots"":{""t"":12.1,""c"":9},""shots_outside_box"":{""t"":3.7,""c"":2.95},""clearances"":{""t"":17.1,""c"":21.65},""dispossessed"":{""t"":8.1,""c"":8.65},""errors_goal"":{""t"":0.2,""c"":0.3},""errors_shot"":{""t"":0.45,""c"":0.5},""fouls"":{""t"":10.55,""c"":11.55},""gk_saves"":{""t"":2.15,""c"":2.75},""interceptions"":{""t"":7.45,""c"":9.35},""tackles"":{""t"":15.6,""c"":15.55},""free_kicks"":{""t"":12.95,""c"":12.2},""goal_kicks"":{""t"":6.8,""c"":5.6},""throw_ins"":{""t"":19.35,""c"":16.8},""possession"":{""t"":58.55,""c"":41.45},""offsides"":{""t"":1.55,""c"":1.2},""passes"":{""t"":554.85,""c"":391.45},""touches_opp_box"":{""t"":24.05,""c"":16},""red_cards"":{""t"":0,""c"":0.05},""yellow_cards"":{""t"":1.1,""c"":1.8}}","","","Colombia","","","","{""corners_home"":3,""corners_away"":7,""goals_home"":0,""goals_away"":0,""cards_home"":3,""cards_away"":2,""fouls_home"":22,""fouls_away"":21,""saves_home"":3,""saves_away"":2,""totalshots_home"":7,""totalshots_away"":15,""shots_home"":2,""shots_away"":3,""btts"":0}","","Suiça","{""xc_casa"":5.35,""xc_fora"":4.21,""xc_total"":9.56,""dc"":{""base"":4.15,""indice_ofensivo"":1.2292,""indice_defensivo"":0.9578,""indice_composto"":1.1206},""df"":{""base"":3.975,""indice_ofensivo"":1.1819,""indice_defensivo"":0.8739,""indice_composto"":1.0587},""xg_casa"":1.96,""xg_fora"":1.3,""xg_total"":3.26,""xs_casa"":4.81,""xs_fora"":4.68,""xs_total"":9.49,""p_btts"":0.55,""db"":{""xg_casa"":1.96,""xg_fora"":1.3,""p_casa_marca"":0.8591,""p_fora_marca"":0.7275},""xcard_casa"":1.62,""xcard_fora"":1.51,""xcard_total"":3.13,""xfouls_casa"":13.17,""xfouls_fora"":13.32,""xfouls_total"":26.49,""xsaves_casa"":3.48,""xsaves_fora"":3.08,""xsaves_total"":6.56,""xtotalshots_casa"":13.49,""xtotalshots_fora"":13.65,""xtotalshots_total"":27.14,""sofascore_casa"":null,""sofascore_fora"":null,""fifa_casa"":null,""fifa_fora"":null,""fs_sofa_casa"":1,""fs_sofa_fora"":1,""fs_fifa_casa"":1,""fs_fifa_fora"":1,""fs_casa"":1,""fs_fora"":1}","completed","6a4ce4257c3770725e5d6178","2026-07-07T11:33:57.292000","2026-07-11T15:53:01.869000","6a397687c9763709d6ee2143","lauremank622@gmail.com","false"
"2026-07-07","{""goals"":{""t"":1.7,""c"":1.05},""corners"":{""t"":2.95,""c"":3.7},""cards"":{""t"":1.7,""c"":1.6},""crosses"":{""t"":2.25,""c"":2.3},""big_chance_created"":{""t"":1.7,""c"":1.4},""big_chance_missed"":{""t"":1.1,""c"":1.1},""big_chance_scored"":{""t"":0.6,""c"":0.3},""xg"":{""t"":0.32,""c"":0.29},""shots_on_target"":{""t"":3,""c"":2.75},""shots_in_box"":{""t"":4.9,""c"":5.5},""total_shots"":{""t"":8.35,""c"":9.3},""shots_outside_box"":{""t"":3.45,""c"":3.8},""clearances"":{""t"":23.8,""c"":15.4},""dispossessed"":{""t"":6.55,""c"":7.3},""errors_goal"":{""t"":0.05,""c"":0.15},""errors_shot"":{""t"":0.35,""c"":0.35},""fouls"":{""t"":8.25,""c"":9.8},""gk_saves"":{""t"":2.35,""c"":1.9},""interceptions"":{""t"":6.85,""c"":5.9},""tackles"":{""t"":14.2,""c"":13.2},""free_kicks"":{""t"":11.5,""c"":10.2},""goal_kicks"":{""t"":6.1,""c"":4.85},""throw_ins"":{""t"":14.3,""c"":15.55},""possession"":{""t"":37.25,""c"":37.75},""offsides"":{""t"":1.35,""c"":1.15},""passes"":{""t"":352.4,""c"":345.6},""touches_opp_box"":{""t"":15,""c"":17.35},""red_cards"":{""t"":0.1,""c"":0},""yellow_cards"":{""t"":1.6,""c"":1.6}}","{""goals"":{""t"":2.5,""c"":0.45},""corners"":{""t"":4.35,""c"":2.55},""cards"":{""t"":1.45,""c"":2.35},""crosses"":{""t"":2.55,""c"":2.55},""big_chance_created"":{""t"":3.05,""c"":0.8},""big_chance_missed"":{""t"":1.7,""c"":0.6},""big_chance_scored"":{""t"":1.35,""c"":0.2},""xg"":{""t"":0.81,""c"":0.24},""shots_on_target"":{""t"":5.75,""c"":1.85},""shots_in_box"":{""t"":8.4,""c"":3.5},""total_shots"":{""t"":13.1,""c"":6.6},""shots_outside_box"":{""t"":4.7,""c"":3.1},""clearances"":{""t"":12.35,""c"":16.45},""dispossessed"":{""t"":7.5,""c"":8.1},""errors_goal"":{""t"":0.05,""c"":0.15},""errors_shot"":{""t"":0.35,""c"":0.45},""fouls"":{""t"":9.35,""c"":11.25},""gk_saves"":{""t"":1.4,""c"":3.35},""interceptions"":{""t"":8.95,""c"":11.3},""tackles"":{""t"":15.7,""c"":14.3},""free_kicks"":{""t"":13.55,""c"":13.95},""goal_kicks"":{""t"":4.9,""c"":6.4},""throw_ins"":{""t"":14.6,""c"":13.5},""possession"":{""t"":65.3,""c"":34.7},""offsides"":{""t"":2.35,""c"":1.15},""passes"":{""t"":686.3,""c"":359.75},""touches_opp_box"":{""t"":26.8,""c"":9.95},""red_cards"":{""t"":0.15,""c"":0.05},""yellow_cards"":{""t"":1.3,""c"":2.3}}","","","Egito","","","","{""corners_home"":6,""corners_away"":1,""goals_home"":3,""goals_away"":2,""cards_home"":0,""cards_away"":4,""fouls_home"":13,""fouls_away"":11,""saves_home"":0,""saves_away"":4,""totalshots_home"":19,""totalshots_away"":5,""shots_home"":7,""shots_away"":2,""btts"":1}","","Argentina","{""xc_casa"":4.83,""xc_fora"":3.11,""xc_total"":7.94,""dc"":{""base"":4.025,""indice_ofensivo"":1.2287,""indice_defensivo"":0.7639,""indice_composto"":1.0428},""df"":{""base"":2.75,""indice_ofensivo"":1.1386,""indice_defensivo"":1.1219,""indice_composto"":1.1319},""xg_casa"":1.92,""xg_fora"":1.13,""xg_total"":3.05,""xs_casa"":4.6,""xs_fora"":2.93,""xs_total"":7.53,""p_btts"":0.5084,""db"":{""xg_casa"":1.92,""xg_fora"":1.13,""p_casa_marca"":0.8534,""p_fora_marca"":0.677},""xcard_casa"":1.48,""xcard_fora"":1.88,""xcard_total"":3.36,""xfouls_casa"":13.15,""xfouls_fora"":11.12,""xfouls_total"":24.27,""xsaves_casa"":2.01,""xsaves_fora"":3.75,""xsaves_total"":5.76,""xtotalshots_casa"":13.82,""xtotalshots_fora"":8.46,""xtotalshots_total"":22.28,""sofascore_casa"":null,""sofascore_fora"":null,""fifa_casa"":null,""fifa_fora"":null,""fs_sofa_casa"":1,""fs_sofa_fora"":1,""fs_fifa_casa"":1,""fs_fifa_fora"":1,""fs_casa"":1,""fs_fora"":1}","completed","6a4ce40ed7f891f76b990d6e","2026-07-07T11:33:34.062000","2026-07-11T15:53:01.869000","6a397687c9763709d6ee2143","lauremank622@gmail.com","false"
"2026-07-06","{""goals"":{""t"":2.75,""c"":0.95},""corners"":{""t"":7.65,""c"":2.85},""cards"":{""t"":1.45,""c"":2.3},""crosses"":{""t"":5.6,""c"":2.4},""big_chance_created"":{""t"":3.05,""c"":1.65},""big_chance_missed"":{""t"":1.65,""c"":0.9},""big_chance_scored"":{""t"":1.4,""c"":0.75},""xg"":{""t"":2.11,""c"":0.76},""shots_on_target"":{""t"":6.7,""c"":2.9},""shots_in_box"":{""t"":12.85,""c"":5.35},""total_shots"":{""t"":19.05,""c"":8.3},""shots_outside_box"":{""t"":6.2,""c"":2.95},""clearances"":{""t"":16.95,""c"":30.55},""dispossessed"":{""t"":9.2,""c"":7},""errors_goal"":{""t"":0.25,""c"":0.5},""errors_shot"":{""t"":0.45,""c"":0.25},""fouls"":{""t"":10.4,""c"":10.45},""gk_saves"":{""t"":1.9,""c"":3.95},""interceptions"":{""t"":7.15,""c"":9.15},""tackles"":{""t"":13.25,""c"":17.85},""free_kicks"":{""t"":12.4,""c"":12.3},""goal_kicks"":{""t"":4.8,""c"":10.2},""throw_ins"":{""t"":19,""c"":14.75},""possession"":{""t"":61.25,""c"":38.75},""offsides"":{""t"":1.45,""c"":1.85},""passes"":{""t"":556.65,""c"":359.9},""touches_opp_box"":{""t"":45.75,""c"":15.2},""red_cards"":{""t"":0.05,""c"":0.1},""yellow_cards"":{""t"":1.4,""c"":2.2}}","{""goals"":{""t"":1.8,""c"":1.55},""corners"":{""t"":5.25,""c"":4.45},""cards"":{""t"":1.7,""c"":1.7},""crosses"":{""t"":3.4,""c"":2.4},""big_chance_created"":{""t"":2.4,""c"":1.45},""big_chance_missed"":{""t"":1.4,""c"":0.65},""big_chance_scored"":{""t"":1,""c"":0.8},""xg"":{""t"":1.54,""c"":1.17},""shots_on_target"":{""t"":4.75,""c"":3.8},""shots_in_box"":{""t"":8.65,""c"":5.75},""total_shots"":{""t"":12.4,""c"":9.45},""shots_outside_box"":{""t"":3.75,""c"":3.7},""clearances"":{""t"":18.85,""c"":19.5},""dispossessed"":{""t"":9.45,""c"":7.9},""errors_goal"":{""t"":0.1,""c"":0.3},""errors_shot"":{""t"":0.4,""c"":0.35},""fouls"":{""t"":9.9,""c"":8.6},""gk_saves"":{""t"":2.4,""c"":3},""interceptions"":{""t"":8.65,""c"":10.4},""tackles"":{""t"":14.9,""c"":18.85},""free_kicks"":{""t"":12.3,""c"":14},""goal_kicks"":{""t"":5.6,""c"":7.15},""throw_ins"":{""t"":19.35,""c"":19.35},""possession"":{""t"":55.95,""c"":44.05},""offsides"":{""t"":1.8,""c"":1.7},""passes"":{""t"":524.4,""c"":411.3},""touches_opp_box"":{""t"":26.9,""c"":18.4},""red_cards"":{""t"":0.05,""c"":0.1},""yellow_cards"":{""t"":1.65,""c"":1.6}}","","","Belgica","","","","{""goals_home"":1,""goals_away"":4,""corners_home"":3,""corners_away"":5,""cards_home"":2,""cards_away"":0,""fouls_home"":11,""fouls_away"":9,""saves_home"":3,""saves_away"":1,""totalshots_home"":7,""totalshots_away"":15,""shots_home"":2,""shots_away"":7,""btts"":1}","","USA","{""xc_casa"":5.3,""xc_fora"":6.84,""xc_total"":12.14,""dc"":{""base"":4.05,""indice_ofensivo"":1.2077,""indice_defensivo"":1.0323,""indice_composto"":1.1375},""df"":{""base"":6.05,""indice_ofensivo"":1.3394,""indice_defensivo"":0.819,""indice_composto"":1.1313},""xg_casa"":1.48,""xg_fora"":2.16,""xg_total"":3.64,""xs_casa"":4.51,""xs_fora"":6.04,""xs_total"":10.55,""p_btts"":0.6013,""db"":{""xg_casa"":1.48,""xg_fora"":2.16,""p_casa_marca"":0.7724,""p_fora_marca"":0.8847},""xcard_casa"":1.85,""xcard_fora"":1.53,""xcard_total"":3.38,""xfouls_casa"":13.1,""xfouls_fora"":12.21,""xfouls_total"":25.31,""xsaves_casa"":4.2,""xsaves_fora"":3.03,""xsaves_total"":7.23,""xtotalshots_casa"":12.32,""xtotalshots_fora"":19.18,""xtotalshots_total"":31.5,""sofascore_casa"":null,""sofascore_fora"":null,""fifa_casa"":null,""fifa_fora"":null,""fs_sofa_casa"":1,""fs_sofa_fora"":1,""fs_fifa_casa"":1,""fs_fifa_fora"":1,""fs_casa"":1,""fs_fora"":1}","completed","6a4ba5475f597bf55409e45a","2026-07-06T12:53:27.302000","2026-07-11T15:53:01.869000","6a397687c9763709d6ee2143","lauremank622@gmail.com","false"
"2026-07-06","{""goals"":{""t"":3.05,""c"":1.35},""corners"":{""t"":6.6,""c"":2.5},""cards"":{""t"":1.1,""c"":1.9},""crosses"":{""t"":3.95,""c"":2},""big_chance_created"":{""t"":4.55,""c"":1},""big_chance_missed"":{""t"":2.65,""c"":0.5},""big_chance_scored"":{""t"":1.9,""c"":0.5},""xg"":{""t"":2.11,""c"":0.63},""shots_on_target"":{""t"":7.35,""c"":2.65},""shots_in_box"":{""t"":13.45,""c"":4.5},""total_shots"":{""t"":18.65,""c"":7.65},""shots_outside_box"":{""t"":5.2,""c"":3.15},""clearances"":{""t"":14.1,""c"":26.4},""dispossessed"":{""t"":7.7,""c"":7.35},""errors_goal"":{""t"":0.15,""c"":0.3},""errors_shot"":{""t"":0.35,""c"":1},""fouls"":{""t"":10.45,""c"":8.8},""gk_saves"":{""t"":1.9,""c"":4.6},""interceptions"":{""t"":7.65,""c"":9.6},""tackles"":{""t"":14.55,""c"":14.1},""free_kicks"":{""t"":10.75,""c"":13.2},""goal_kicks"":{""t"":4.45,""c"":9.1},""throw_ins"":{""t"":15.75,""c"":14.5},""possession"":{""t"":64.3,""c"":35.7},""offsides"":{""t"":2.2,""c"":2.05},""passes"":{""t"":680.4,""c"":375.75},""touches_opp_box"":{""t"":37.95,""c"":13.7},""red_cards"":{""t"":0,""c"":0.15},""yellow_cards"":{""t"":1.1,""c"":1.75}}","{""goals"":{""t"":2.7,""c"":1.1},""corners"":{""t"":5.85,""c"":3.35},""cards"":{""t"":1.7,""c"":1.75},""crosses"":{""t"":5.4,""c"":2.75},""big_chance_created"":{""t"":3.5,""c"":1.5},""big_chance_missed"":{""t"":2.2,""c"":0.8},""big_chance_scored"":{""t"":1.25,""c"":0.7},""xg"":{""t"":1.88,""c"":0.95},""shots_on_target"":{""t"":5.9,""c"":4},""shots_in_box"":{""t"":10.85,""c"":6.85},""total_shots"":{""t"":16.75,""c"":11.25},""shots_outside_box"":{""t"":5.9,""c"":4.4},""clearances"":{""t"":15.1,""c"":23.65},""dispossessed"":{""t"":5.8,""c"":8.05},""errors_goal"":{""t"":0.2,""c"":0.2},""errors_shot"":{""t"":0.45,""c"":0.25},""fouls"":{""t"":8.3,""c"":10.6},""gk_saves"":{""t"":2.95,""c"":3.55},""interceptions"":{""t"":7.2,""c"":8.3},""tackles"":{""t"":13.25,""c"":15.4},""free_kicks"":{""t"":13.45,""c"":11.65},""goal_kicks"":{""t"":5.55,""c"":11},""throw_ins"":{""t"":16.35,""c"":14.4},""possession"":{""t"":62.35,""c"":37.65},""offsides"":{""t"":2.6,""c"":2},""passes"":{""t"":613.1,""c"":377.05},""touches_opp_box"":{""t"":29.45,""c"":17.95},""red_cards"":{""t"":0.1,""c"":0.05},""yellow_cards"":{""t"":1.6,""c"":1.7}}","","","Espanha","","","","{""goals_home"":0,""goals_away"":1,""corners_home"":3,""corners_away"":7,""cards_home"":2,""cards_away"":1,""fouls_home"":9,""fouls_away"":13,""saves_home"":5,""saves_away"":2,""totalshots_home"":10,""totalshots_away"":15,""shots_home"":2,""shots_away"":6,""btts"":0}","","Portugal","{""xc_casa"":5.84,""xc_fora"":5.56,""xc_total"":11.4,""dc"":{""base"":4.175,""indice_ofensivo"":1.395,""indice_defensivo"":0.9483,""indice_composto"":1.2163},""df"":{""base"":4.975,""indice_ofensivo"":1.2988,""indice_defensivo"":0.8465,""indice_composto"":1.1179},""xg_casa"":2.41,""xg_fora"":2.16,""xg_total"":4.57,""xs_casa"":5.4,""xs_fora"":6.58,""xs_total"":11.98,""p_btts"":0.8052,""db"":{""xg_casa"":2.41,""xg_fora"":2.16,""p_casa_marca"":0.9102,""p_fora_marca"":0.8847},""xcard_casa"":1.56,""xcard_fora"":1.45,""xcard_total"":3.01,""xfouls_casa"":10.87,""xfouls_fora"":13.49,""xfouls_total"":24.36,""xsaves_casa"":5.07,""xsaves_fora"":3.9,""xsaves_total"":8.97,""xtotalshots_casa"":16.87,""xtotalshots_fora"":19.64,""xtotalshots_total"":36.51,""sofascore_casa"":null,""sofascore_fora"":null,""fifa_casa"":null,""fifa_fora"":null,""fs_sofa_casa"":1,""fs_sofa_fora"":1,""fs_fifa_casa"":1,""fs_fifa_fora"":1,""fs_casa"":1,""fs_fora"":1}","completed","6a4ba53756b4480020a3f637","2026-07-06T12:53:11.360000","2026-07-11T15:53:01.869000","6a397687c9763709d6ee2143","lauremank622@gmail.com","false"
"2026-07-02","{""goals"":{""t"":1.2,""c"":1.1},""corners"":{""t"":1.5,""c"":2.65},""cards"":{""t"":1.45,""c"":1.05},""crosses"":{""t"":1.35,""c"":2.7},""big_chance_created"":{""t"":0.65,""c"":1.65},""big_chance_missed"":{""t"":0.4,""c"":0.95},""big_chance_scored"":{""t"":0.25,""c"":0.7},""xg"":{""t"":0.45,""c"":0.71},""shots_on_target"":{""t"":0.95,""c"":2.5},""shots_in_box"":{""t"":2.5,""c"":4.95},""total_shots"":{""t"":3.95,""c"":7.3},""shots_outside_box"":{""t"":1.45,""c"":2.35},""clearances"":{""t"":11.8,""c"":7.85},""dispossessed"":{""t"":5.05,""c"":4.25},""errors_goal"":{""t"":0.1,""c"":0},""errors_shot"":{""t"":0.25,""c"":0.2},""fouls"":{""t"":5.3,""c"":4.8},""gk_saves"":{""t"":1.55,""c"":0.65},""interceptions"":{""t"":6.1,""c"":3.85},""tackles"":{""t"":7.65,""c"":8.85},""free_kicks"":{""t"":7.95,""c"":8.35},""goal_kicks"":{""t"":4.7,""c"":3.4},""throw_ins"":{""t"":8.4,""c"":9.9},""possession"":{""t"":22.4,""c"":32.6},""offsides"":{""t"":1.25,""c"":0.7},""passes"":{""t"":188.75,""c"":280.1},""touches_opp_box"":{""t"":6.2,""c"":13.4},""red_cards"":{""t"":0,""c"":0},""yellow_cards"":{""t"":1.45,""c"":1.05}}","{""goals"":{""t"":1.95,""c"":1},""corners"":{""t"":4.2,""c"":3.25},""cards"":{""t"":1.25,""c"":2.2},""crosses"":{""t"":4.1,""c"":2.4},""big_chance_created"":{""t"":2.85,""c"":1.4},""big_chance_missed"":{""t"":1.5,""c"":0.85},""big_chance_scored"":{""t"":1.35,""c"":0.55},""xg"":{""t"":0.59,""c"":0.28},""shots_on_target"":{""t"":5.55,""c"":3.1},""shots_in_box"":{""t"":9.6,""c"":5.1},""total_shots"":{""t"":14.4,""c"":9.6},""shots_outside_box"":{""t"":4.8,""c"":4.5},""clearances"":{""t"":16.9,""c"":21.9},""dispossessed"":{""t"":9,""c"":7.45},""errors_goal"":{""t"":0.15,""c"":0.25},""errors_shot"":{""t"":0.4,""c"":0.3},""fouls"":{""t"":9.9,""c"":9.6},""gk_saves"":{""t"":2.05,""c"":3.55},""interceptions"":{""t"":7.25,""c"":8.95},""tackles"":{""t"":13.75,""c"":15.8},""free_kicks"":{""t"":14.5,""c"":16},""goal_kicks"":{""t"":6.2,""c"":7.55},""throw_ins"":{""t"":19.3,""c"":18.3},""possession"":{""t"":58.75,""c"":41.25},""offsides"":{""t"":2.65,""c"":1.25},""passes"":{""t"":497.95,""c"":348.5},""touches_opp_box"":{""t"":23.65,""c"":13.6},""red_cards"":{""t"":0,""c"":0.15},""yellow_cards"":{""t"":1.25,""c"":2.05}}","","","Ghana","","","","{""corners_home"":3,""corners_away"":2,""goals_home"":1,""goals_away"":0,""cards_home"":2,""cards_away"":3,""fouls_home"":14,""fouls_away"":10,""saves_home"":0,""saves_away"":7,""totalshots_home"":20,""totalshots_away"":8,""shots_home"":8,""shots_away"":0,""btts"":0}","","Colombia","{""xc_casa"":3.94,""xc_fora"":2.75,""xc_total"":6.69,""dc"":{""base"":3.425,""indice_ofensivo"":1.3142,""indice_defensivo"":0.5308,""indice_composto"":1.0008},""df"":{""base"":2.375,""indice_ofensivo"":0.5963,""indice_defensivo"":2,""indice_composto"":1.1578},""xg_casa"":1.53,""xg_fora"":1.21,""xg_total"":2.74,""xs_casa"":4.03,""xs_fora"":2.38,""xs_total"":6.41,""p_btts"":0.4289,""db"":{""xg_casa"":1.53,""xg_fora"":1.21,""p_casa_marca"":0.7835,""p_fora_marca"":0.7018},""xcard_casa"":1.32,""xcard_fora"":1.55,""xcard_total"":2.87,""xfouls_casa"":12.33,""xfouls_fora"":7.11,""xfouls_total"":19.44,""xsaves_casa"":0.87,""xsaves_fora"":3.27,""xsaves_total"":4.14,""xtotalshots_casa"":14.09,""xtotalshots_fora"":4.33,""xtotalshots_total"":18.42,""sofascore_casa"":null,""sofascore_fora"":null,""fifa_casa"":null,""fifa_fora"":null,""fs_sofa_casa"":1,""fs_sofa_fora"":1,""fs_fifa_casa"":1,""fs_fifa_fora"":1,""fs_casa"":1,""fs_fora"":1}","completed","6a4654badc8d0e699e811e3d","2026-07-02T12:08:26.860000","2026-07-11T15:53:01.869000","6a397687c9763709d6ee2143","lauremank622@gmail.com","false"
"2026-07-02","{""goals"":{""t"":1.5,""c"":0.9},""corners"":{""t"":2.5,""c"":2.2},""cards"":{""t"":1.25,""c"":1.65},""crosses"":{""t"":1.3,""c"":1.3},""big_chance_created"":{""t"":0.55,""c"":0.5},""big_chance_missed"":{""t"":0.4,""c"":0.25},""big_chance_scored"":{""t"":0.15,""c"":0.25},""xg"":{""t"":0.41,""c"":0.44},""shots_on_target"":{""t"":1.3,""c"":2.2},""shots_in_box"":{""t"":2.2,""c"":2.6},""total_shots"":{""t"":4.75,""c"":4.9},""shots_outside_box"":{""t"":2.55,""c"":2.3},""clearances"":{""t"":9.6,""c"":8.55},""dispossessed"":{""t"":4.4,""c"":3.15},""errors_goal"":{""t"":0,""c"":0.1},""errors_shot"":{""t"":0.15,""c"":0.1},""fouls"":{""t"":5.05,""c"":6.15},""gk_saves"":{""t"":1.5,""c"":0.85},""interceptions"":{""t"":3.55,""c"":3.45},""tackles"":{""t"":5.95,""c"":7.85},""free_kicks"":{""t"":6.85,""c"":6},""goal_kicks"":{""t"":2.95,""c"":4.05},""throw_ins"":{""t"":7.95,""c"":8.2},""possession"":{""t"":23.35,""c"":21.65},""offsides"":{""t"":1.1,""c"":0.8},""passes"":{""t"":168.9,""c"":164.45},""touches_opp_box"":{""t"":6.35,""c"":8.6},""red_cards"":{""t"":0.05,""c"":0},""yellow_cards"":{""t"":1.2,""c"":1.65}}","{""goals"":{""t"":2.4,""c"":0.4},""corners"":{""t"":4.15,""c"":2.55},""cards"":{""t"":1.45,""c"":2.35},""crosses"":{""t"":2.35,""c"":2.5},""big_chance_created"":{""t"":3,""c"":0.9},""big_chance_missed"":{""t"":1.65,""c"":0.65},""big_chance_scored"":{""t"":1.35,""c"":0.25},""xg"":{""t"":0.7,""c"":0.22},""shots_on_target"":{""t"":5.45,""c"":1.9},""shots_in_box"":{""t"":7.85,""c"":3.5},""total_shots"":{""t"":12.4,""c"":6.6},""shots_outside_box"":{""t"":4.55,""c"":3.1},""clearances"":{""t"":12.95,""c"":15.8},""dispossessed"":{""t"":7.1,""c"":8.05},""errors_goal"":{""t"":0.05,""c"":0.15},""errors_shot"":{""t"":0.3,""c"":0.4},""fouls"":{""t"":9.35,""c"":11.65},""gk_saves"":{""t"":1.5,""c"":3.1},""interceptions"":{""t"":8.75,""c"":11.35},""tackles"":{""t"":15.55,""c"":14.05},""free_kicks"":{""t"":14.1,""c"":13.75},""goal_kicks"":{""t"":4.65,""c"":6.2},""throw_ins"":{""t"":14.6,""c"":13.8},""possession"":{""t"":65.1,""c"":34.9},""offsides"":{""t"":2.2,""c"":1.35},""passes"":{""t"":662.9,""c"":348.1},""touches_opp_box"":{""t"":24.95,""c"":9.9},""red_cards"":{""t"":0.15,""c"":0.05},""yellow_cards"":{""t"":1.3,""c"":2.3}}","","","Cabo Verde","","","","{""corners_home"":8,""corners_away"":8,""goals_home"":3,""goals_away"":2,""cards_home"":1,""cards_away"":1,""fouls_home"":13,""fouls_away"":12,""saves_home"":3,""saves_away"":8,""totalshots_home"":22,""totalshots_away"":16,""shots_home"":10,""shots_away"":5,""btts"":1}","","Argentina","{""xc_casa"":4.08,""xc_fora"":2.83,""xc_total"":6.91,""dc"":{""base"":3.175,""indice_ofensivo"":1.4744,""indice_defensivo"":0.5797,""indice_composto"":1.1165},""df"":{""base"":2.525,""indice_ofensivo"":0.7592,""indice_defensivo"":1.6666,""indice_composto"":1.1221},""xg_casa"":1.77,""xg_fora"":1.07,""xg_total"":2.84,""xs_casa"":4.46,""xs_fora"":1.89,""xs_total"":6.35,""p_btts"":0.4252,""db"":{""xg_casa"":1.77,""xg_fora"":1.07,""p_casa_marca"":0.8297,""p_fora_marca"":0.657},""xcard_casa"":1.75,""xcard_fora"":1.33,""xcard_total"":3.08,""xfouls_casa"":13.12,""xfouls_fora"":6.6,""xfouls_total"":19.72,""xsaves_casa"":1.01,""xsaves_fora"":3.38,""xsaves_total"":4.39,""xtotalshots_casa"":13.09,""xtotalshots_fora"":4.13,""xtotalshots_total"":17.22,""sofascore_casa"":null,""sofascore_fora"":null,""fifa_casa"":null,""fifa_fora"":null,""fs_sofa_casa"":1,""fs_sofa_fora"":1,""fs_fifa_casa"":1,""fs_fifa_fora"":1,""fs_casa"":1,""fs_fora"":1}","completed","6a4654aadcae094a5d6304d2","2026-07-02T12:08:10.077000","2026-07-11T15:53:01.869000","6a397687c9763709d6ee2143","lauremank622@gmail.com","false"
"2026-07-02","{""goals"":{""t"":1.6,""c"":0.9},""corners"":{""t"":2.65,""c"":4},""cards"":{""t"":1.8,""c"":1.75},""crosses"":{""t"":1.95,""c"":1.95},""big_chance_created"":{""t"":1.55,""c"":1.4},""big_chance_missed"":{""t"":1,""c"":1.1},""big_chance_scored"":{""t"":0.55,""c"":0.3},""xg"":{""t"":0.25,""c"":0.25},""shots_on_target"":{""t"":2.85,""c"":2.7},""shots_in_box"":{""t"":4.5,""c"":4.95},""total_shots"":{""t"":7.65,""c"":8.5},""shots_outside_box"":{""t"":3.15,""c"":3.55},""clearances"":{""t"":21.95,""c"":13.85},""dispossessed"":{""t"":6.4,""c"":6.8},""errors_goal"":{""t"":0.05,""c"":0.15},""errors_shot"":{""t"":0.35,""c"":0.35},""fouls"":{""t"":8.3,""c"":9.65},""gk_saves"":{""t"":2.3,""c"":1.75},""interceptions"":{""t"":6.45,""c"":5.45},""tackles"":{""t"":13.45,""c"":12.7},""free_kicks"":{""t"":11.55,""c"":10.1},""goal_kicks"":{""t"":5.5,""c"":4.4},""throw_ins"":{""t"":13.35,""c"":14.25},""possession"":{""t"":34.35,""c"":35.65},""offsides"":{""t"":1.2,""c"":1.35},""passes"":{""t"":316.3,""c"":320.35},""touches_opp_box"":{""t"":13.5,""c"":15.65},""red_cards"":{""t"":0.1,""c"":0},""yellow_cards"":{""t"":1.7,""c"":1.75}}","{""goals"":{""t"":1,""c"":0.85},""corners"":{""t"":3.4,""c"":4.75},""cards"":{""t"":1.5,""c"":1.45},""crosses"":{""t"":3.5,""c"":3.45},""big_chance_created"":{""t"":1.4,""c"":1.5},""big_chance_missed"":{""t"":0.9,""c"":0.95},""big_chance_scored"":{""t"":0.55,""c"":0.55},""xg"":{""t"":0.37,""c"":0.64},""shots_on_target"":{""t"":3,""c"":3.5},""shots_in_box"":{""t"":6.05,""c"":6.5},""total_shots"":{""t"":8.5,""c"":10.85},""shots_outside_box"":{""t"":2.45,""c"":4.35},""clearances"":{""t"":22.2,""c"":19.1},""dispossessed"":{""t"":8.5,""c"":7.05},""errors_goal"":{""t"":0.15,""c"":0.3},""errors_shot"":{""t"":0.2,""c"":0.35},""fouls"":{""t"":8.75,""c"":8.95},""gk_saves"":{""t"":2.8,""c"":1.95},""interceptions"":{""t"":8.25,""c"":8.25},""tackles"":{""t"":13.25,""c"":17.3},""free_kicks"":{""t"":12.95,""c"":11.55},""goal_kicks"":{""t"":6.95,""c"":5.95},""throw_ins"":{""t"":22.8,""c"":21.85},""possession"":{""t"":44.45,""c"":55.55},""offsides"":{""t"":1.55,""c"":1.95},""passes"":{""t"":405.65,""c"":520.1},""touches_opp_box"":{""t"":14.8,""c"":18.6},""red_cards"":{""t"":0.05,""c"":0},""yellow_cards"":{""t"":1.45,""c"":1.45}}","","","Egito","","","","{""corners_home"":4,""corners_away"":7,""goals_home"":1,""goals_away"":1,""cards_home"":0,""cards_away"":2,""fouls_home"":12,""fouls_away"":14,""saves_home"":3,""saves_away"":1,""totalshots_home"":16,""totalshots_away"":14,""shots_home"":1,""shots_away"":3,""btts"":1}","","Australia","{""xc_casa"":4.32,""xc_fora"":3.57,""xc_total"":7.89,""dc"":{""base"":3.7,""indice_ofensivo"":1.063,""indice_defensivo"":0.9462,""indice_composto"":1.0163},""df"":{""base"":3.7,""indice_ofensivo"":0.8598,""indice_defensivo"":1.1202,""indice_composto"":0.964},""xg_casa"":0.98,""xg_fora"":1.01,""xg_total"":1.99,""xs_casa"":2.92,""xs_fora"":3.17,""xs_total"":6.09,""p_btts"":0.2582,""db"":{""xg_casa"":0.98,""xg_fora"":1.01,""p_casa_marca"":0.6247,""p_fora_marca"":0.6358},""xcard_casa"":1.56,""xcard_fora"":1.55,""xcard_total"":3.11,""xfouls_casa"":12.66,""xfouls_fora"":9.85,""xfouls_total"":22.51,""xsaves_casa"":1.94,""xsaves_fora"":2.26,""xsaves_total"":4.2,""xtotalshots_casa"":9.12,""xtotalshots_fora"":7.98,""xtotalshots_total"":17.1,""sofascore_casa"":null,""sofascore_fora"":null,""fifa_casa"":null,""fifa_fora"":null,""fs_sofa_casa"":1,""fs_sofa_fora"":1,""fs_fifa_casa"":1,""fs_fifa_fora"":1,""fs_casa"":1,""fs_fora"":1}","completed","6a465493d5693e577311ec48","2026-07-02T12:07:47.247000","2026-07-11T15:53:01.869000","6a397687c9763709d6ee2143","lauremank622@gmail.com","false"
"2026-07-02","{""goals"":{""t"":2.2,""c"":0.95},""corners"":{""t"":2.6,""c"":2.25},""cards"":{""t"":1.3,""c"":1.4},""crosses"":{""t"":1.75,""c"":2.15},""big_chance_created"":{""t"":1.25,""c"":1.15},""big_chance_missed"":{""t"":0.75,""c"":0.85},""big_chance_scored"":{""t"":0.5,""c"":0.3},""xg"":{""t"":0.31,""c"":0.22},""shots_on_target"":{""t"":2.35,""c"":2.05},""shots_in_box"":{""t"":4.2,""c"":3.65},""total_shots"":{""t"":6.4,""c"":6.25},""shots_outside_box"":{""t"":2.2,""c"":2.6},""clearances"":{""t"":12,""c"":12.65},""dispossessed"":{""t"":4.8,""c"":5.3},""errors_goal"":{""t"":0.15,""c"":0},""errors_shot"":{""t"":0.25,""c"":0.25},""fouls"":{""t"":7.55,""c"":7.8},""gk_saves"":{""t"":1.5,""c"":1.45},""interceptions"":{""t"":5.7,""c"":5},""tackles"":{""t"":9.95,""c"":10.65},""free_kicks"":{""t"":8.95,""c"":8.75},""goal_kicks"":{""t"":4.4,""c"":5.1},""throw_ins"":{""t"":11.1,""c"":11.15},""possession"":{""t"":33,""c"":27},""offsides"":{""t"":0.8,""c"":0.95},""passes"":{""t"":306.65,""c"":244.5},""touches_opp_box"":{""t"":11.25,""c"":10.3},""red_cards"":{""t"":0,""c"":0.05},""yellow_cards"":{""t"":1.3,""c"":1.35}}","{""goals"":{""t"":2.3,""c"":1.05},""corners"":{""t"":5.15,""c"":3.95},""cards"":{""t"":1.2,""c"":1.8},""crosses"":{""t"":3.25,""c"":2.85},""big_chance_created"":{""t"":3.1,""c"":2.1},""big_chance_missed"":{""t"":1.7,""c"":1.55},""big_chance_scored"":{""t"":1.45,""c"":0.65},""xg"":{""t"":1.23,""c"":0.67},""shots_on_target"":{""t"":5.15,""c"":3.25},""shots_in_box"":{""t"":8.45,""c"":5.95},""total_shots"":{""t"":12.25,""c"":9},""shots_outside_box"":{""t"":3.8,""c"":3.05},""clearances"":{""t"":16.8,""c"":21.85},""dispossessed"":{""t"":7.95,""c"":8.4},""errors_goal"":{""t"":0.2,""c"":0.25},""errors_shot"":{""t"":0.5,""c"":0.55},""fouls"":{""t"":10.65,""c"":11.3},""gk_saves"":{""t"":2.2,""c"":2.7},""interceptions"":{""t"":7,""c"":9.15},""tackles"":{""t"":15.05,""c"":15.3},""free_kicks"":{""t"":12.75,""c"":12.3},""goal_kicks"":{""t"":6.55,""c"":5.95},""throw_ins"":{""t"":19.3,""c"":16.3},""possession"":{""t"":59.35,""c"":40.65},""offsides"":{""t"":1.55,""c"":1.25},""passes"":{""t"":561.9,""c"":382.3},""touches_opp_box"":{""t"":24.05,""c"":16.25},""red_cards"":{""t"":0,""c"":0.05},""yellow_cards"":{""t"":1.2,""c"":1.75}}","","","Argelia","","","","{""corners_home"":4,""corners_away"":2,""goals_home"":2,""goals_away"":0,""cards_home"":0,""cards_away"":2,""fouls_home"":10,""fouls_away"":12,""saves_home"":2,""saves_away"":2,""totalshots_home"":11,""totalshots_away"":8,""shots_home"":5,""shots_away"":2,""btts"":0}","","Suiça","{""xc_casa"":4.65,""xc_fora"":3.28,""xc_total"":7.93,""dc"":{""base"":3.7,""indice_ofensivo"":1.3591,""indice_defensivo"":0.6911,""indice_composto"":1.0919},""df"":{""base"":3.275,""indice_ofensivo"":0.7915,""indice_defensivo"":1.3148,""indice_composto"":1.0008},""xg_casa"":1.99,""xg_fora"":1.45,""xg_total"":3.44,""xs_casa"":4.09,""xs_fora"":2.92,""xs_total"":7.01,""p_btts"":0.5815,""db"":{""xg_casa"":1.99,""xg_fora"":1.45,""p_casa_marca"":0.8633,""p_fora_marca"":0.7654},""xcard_casa"":1.35,""xcard_fora"":1.32,""xcard_total"":2.67,""xfouls_casa"":13.89,""xfouls_fora"":9.36,""xfouls_total"":23.25,""xsaves_casa"":1.45,""xsaves_fora"":3.04,""xsaves_total"":4.49,""xtotalshots_casa"":12.69,""xtotalshots_fora"":6.04,""xtotalshots_total"":18.73,""sofascore_casa"":null,""sofascore_fora"":null,""fifa_casa"":null,""fifa_fora"":null,""fs_sofa_casa"":1,""fs_sofa_fora"":1,""fs_fifa_casa"":1,""fs_fifa_fora"":1,""fs_casa"":1,""fs_fora"":1}","completed","6a465479fffb2c949685f1c3","2026-07-02T12:07:21.127000","2026-07-11T15:53:01.869000","6a397687c9763709d6ee2143","lauremank622@gmail.com","false"
"2026-07-02","{""goals"":{""t"":2.3,""c"":1.4},""corners"":{""t"":5.8,""c"":4.9},""cards"":{""t"":1.55,""c"":1.25},""crosses"":{""t"":5.15,""c"":3.55},""big_chance_created"":{""t"":3.4,""c"":1.95},""big_chance_missed"":{""t"":2.05,""c"":1.5},""big_chance_scored"":{""t"":1.35,""c"":0.45},""xg"":{""t"":1.5,""c"":0.95},""shots_on_target"":{""t"":5.8,""c"":4},""shots_in_box"":{""t"":10.7,""c"":7.4},""total_shots"":{""t"":15.55,""c"":10.8},""shots_outside_box"":{""t"":4.85,""c"":3.4},""clearances"":{""t"":20.5,""c"":26.15},""dispossessed"":{""t"":8.25,""c"":6.85},""errors_goal"":{""t"":0.2,""c"":0.25},""errors_shot"":{""t"":0.4,""c"":0.35},""fouls"":{""t"":9.7,""c"":11.25},""gk_saves"":{""t"":2.85,""c"":3.55},""interceptions"":{""t"":7.8,""c"":7.35},""tackles"":{""t"":14.55,""c"":14.1},""free_kicks"":{""t"":12.85,""c"":12.45},""goal_kicks"":{""t"":6.6,""c"":7.9},""throw_ins"":{""t"":16.85,""c"":15.35},""possession"":{""t"":57.95,""c"":42.05},""offsides"":{""t"":1.9,""c"":1.55},""passes"":{""t"":521.85,""c"":399.95},""touches_opp_box"":{""t"":29.8,""c"":19.15},""red_cards"":{""t"":0.1,""c"":0.05},""yellow_cards"":{""t"":1.45,""c"":1.2}}","{""goals"":{""t"":2.6,""c"":1.05},""corners"":{""t"":5.85,""c"":3.15},""cards"":{""t"":1.85,""c"":1.7},""crosses"":{""t"":5.35,""c"":2.55},""big_chance_created"":{""t"":3.4,""c"":1.35},""big_chance_missed"":{""t"":2.15,""c"":0.7},""big_chance_scored"":{""t"":1.2,""c"":0.65},""xg"":{""t"":1.77,""c"":0.88},""shots_on_target"":{""t"":5.9,""c"":3.8},""shots_in_box"":{""t"":11,""c"":6.45},""total_shots"":{""t"":16.7,""c"":10.8},""shots_outside_box"":{""t"":5.7,""c"":4.35},""clearances"":{""t"":14.35,""c"":24.15},""dispossessed"":{""t"":5.6,""c"":7.4},""errors_goal"":{""t"":0.2,""c"":0.2},""errors_shot"":{""t"":0.4,""c"":0.25},""fouls"":{""t"":8.95,""c"":10.65},""gk_saves"":{""t"":2.8,""c"":3.6},""interceptions"":{""t"":7.1,""c"":8.15},""tackles"":{""t"":12.75,""c"":14.85},""free_kicks"":{""t"":13.3,""c"":12.3},""goal_kicks"":{""t"":5.35,""c"":10.85},""throw_ins"":{""t"":16.85,""c"":14.05},""possession"":{""t"":62.85,""c"":37.15},""offsides"":{""t"":2.6,""c"":1.8},""passes"":{""t"":619.55,""c"":374.25},""touches_opp_box"":{""t"":30.8,""c"":17.3},""red_cards"":{""t"":0.1,""c"":0.05},""yellow_cards"":{""t"":1.75,""c"":1.65}}","","","Croacia","","","","{""corners_home"":9,""corners_away"":5,""goals_home"":2,""goals_away"":1,""cards_home"":1,""cards_away"":2,""fouls_home"":6,""fouls_away"":12,""saves_home"":5,""saves_away"":2,""totalshots_home"":15,""totalshots_away"":13,""shots_home"":3,""shots_away"":6,""btts"":1}","","Portugal","{""xc_casa"":6.71,""xc_fora"":5.03,""xc_total"":11.74,""dc"":{""base"":5.375,""indice_ofensivo"":1.188,""indice_defensivo"":0.9327,""indice_composto"":1.0859},""df"":{""base"":4.475,""indice_ofensivo"":1.2526,""indice_defensivo"":0.9304,""indice_composto"":1.1237},""xg_casa"":2.22,""xg_fora"":1.73,""xg_total"":3.95,""xs_casa"":5.57,""xs_fora"":5.53,""xs_total"":11.1,""p_btts"":0.6894,""db"":{""xg_casa"":2.22,""xg_fora"":1.73,""p_casa_marca"":0.8914,""p_fora_marca"":0.8227},""xcard_casa"":1.42,""xcard_fora"":1.62,""xcard_total"":3.04,""xfouls_casa"":12.53,""xfouls_fora"":13.32,""xfouls_total"":25.85,""xsaves_casa"":4,""xsaves_fora"":3.94,""xsaves_total"":7.94,""xtotalshots_casa"":16.54,""xtotalshots_fora"":16.69,""xtotalshots_total"":33.23,""sofascore_casa"":null,""sofascore_fora"":null,""fifa_casa"":null,""fifa_fora"":null,""fs_sofa_casa"":1,""fs_sofa_fora"":1,""fs_fifa_casa"":1,""fs_fifa_fora"":1,""fs_casa"":1,""fs_fora"":1}","completed","6a46545e4528c2f57d59d525","2026-07-02T12:06:54.682000","2026-07-11T15:53:01.869000","6a397687c9763709d6ee2143","lauremank622@gmail.com","false"
"2026-07-02","{""goals"":{""t"":2.4,""c"":0.8},""corners"":{""t"":4.3,""c"":2.65},""cards"":{""t"":1.55,""c"":1.65},""crosses"":{""t"":4.95,""c"":2.5},""big_chance_created"":{""t"":3.3,""c"":1},""big_chance_missed"":{""t"":1.85,""c"":0.55},""big_chance_scored"":{""t"":1.45,""c"":0.45},""xg"":{""t"":1.48,""c"":0.81},""shots_on_target"":{""t"":5.65,""c"":2.35},""shots_in_box"":{""t"":9.85,""c"":5.75},""total_shots"":{""t"":14.25,""c"":9.5},""shots_outside_box"":{""t"":4.4,""c"":3.75},""clearances"":{""t"":17.85,""c"":30.95},""dispossessed"":{""t"":7.9,""c"":8.4},""errors_goal"":{""t"":0.05,""c"":0.35},""errors_shot"":{""t"":0.25,""c"":0.2},""fouls"":{""t"":11.35,""c"":9.85},""gk_saves"":{""t"":1.45,""c"":3.15},""interceptions"":{""t"":6.95,""c"":8.25},""tackles"":{""t"":17.05,""c"":16.1},""free_kicks"":{""t"":10.95,""c"":14.15},""goal_kicks"":{""t"":5.45,""c"":8.75},""throw_ins"":{""t"":20.15,""c"":19.5},""possession"":{""t"":61.45,""c"":38.55},""offsides"":{""t"":2.05,""c"":1.1},""passes"":{""t"":533.75,""c"":341.85},""touches_opp_box"":{""t"":32.45,""c"":13.65},""red_cards"":{""t"":0.15,""c"":0.05},""yellow_cards"":{""t"":1.4,""c"":1.6}}","{""goals"":{""t"":3.05,""c"":1.35},""corners"":{""t"":6.45,""c"":2.6},""cards"":{""t"":1.15,""c"":2.1},""crosses"":{""t"":4.1,""c"":1.85},""big_chance_created"":{""t"":4.55,""c"":1},""big_chance_missed"":{""t"":2.8,""c"":0.5},""big_chance_scored"":{""t"":1.75,""c"":0.5},""xg"":{""t"":1.97,""c"":0.61},""shots_on_target"":{""t"":7.35,""c"":2.7},""shots_in_box"":{""t"":13.9,""c"":4.45},""total_shots"":{""t"":19,""c"":7.55},""shots_outside_box"":{""t"":5.1,""c"":3.1},""clearances"":{""t"":13.65,""c"":26.35},""dispossessed"":{""t"":7.5,""c"":7.3},""errors_goal"":{""t"":0.15,""c"":0.3},""errors_shot"":{""t"":0.35,""c"":1.05},""fouls"":{""t"":10.65,""c"":8.65},""gk_saves"":{""t"":1.95,""c"":4.65},""interceptions"":{""t"":7.45,""c"":9.35},""tackles"":{""t"":14.15,""c"":13.75},""free_kicks"":{""t"":10.35,""c"":13.45},""goal_kicks"":{""t"":4.3,""c"":9.4},""throw_ins"":{""t"":15.4,""c"":14.85},""possession"":{""t"":64.45,""c"":35.55},""offsides"":{""t"":2.25,""c"":1.9},""passes"":{""t"":680.65,""c"":374.2},""touches_opp_box"":{""t"":37.65,""c"":13.45},""red_cards"":{""t"":0,""c"":0.2},""yellow_cards"":{""t"":1.15,""c"":1.9}}","","","Austria","","","","{""corners_home"":9,""corners_away"":0,""goals_home"":3,""goals_away"":0,""cards_home"":0,""cards_away"":1,""fouls_home"":8,""fouls_away"":15,""saves_home"":0,""saves_away"":6,""totalshots_home"":23,""totalshots_away"":5,""btts"":0}","","Espanha","{""xc_casa"":6.13,""xc_fora"":4.19,""xc_total"":10.32,""dc"":{""base"":4.55,""indice_ofensivo"":1.4201,""indice_defensivo"":0.7983,""indice_composto"":1.1714},""df"":{""base"":3.45,""indice_ofensivo"":1.3727,""indice_defensivo"":0.9766,""indice_composto"":1.2142},""xg_casa"":2.23,""xg_fora"":2,""xg_total"":4.23,""xs_casa"":5.91,""xs_fora"":5.26,""xs_total"":11.17,""p_btts"":0.7254,""db"":{""xg_casa"":2.23,""xg_fora"":2,""p_casa_marca"":0.8925,""p_fora_marca"":0.8647},""xcard_casa"":1.31,""xcard_fora"":1.91,""xcard_total"":3.22,""xfouls_casa"":13.4,""xfouls_fora"":13.96,""xfouls_total"":27.36,""xsaves_casa"":3.55,""xsaves_fora"":4.51,""xsaves_total"":8.06,""xtotalshots_casa"":20.02,""xtotalshots_fora"":15.04,""xtotalshots_total"":35.06,""sofascore_casa"":null,""sofascore_fora"":null,""fifa_casa"":null,""fifa_fora"":null,""fs_sofa_casa"":1,""fs_sofa_fora"":1,""fs_fifa_casa"":1,""fs_fifa_fora"":1,""fs_casa"":1,""fs_fora"":1}","completed","6a465408bd50e2dc80bdf011","2026-07-02T12:05:28.379000","2026-07-11T15:53:01.869000","6a397687c9763709d6ee2143","lauremank622@gmail.com","false"
"2026-06-30","{""goals"":{""t"":1.95,""c"":1.6},""corners"":{""t"":3.35,""c"":3.5},""cards"":{""t"":2.05,""c"":1.85},""crosses"":{""t"":3.6,""c"":3.1},""big_chance_created"":{""t"":1.65,""c"":1.8},""big_chance_missed"":{""t"":0.9,""c"":0.95},""big_chance_scored"":{""t"":0.75,""c"":0.85},""xg"":{""t"":0.95,""c"":0.81},""shots_on_target"":{""t"":3.75,""c"":3.15},""shots_in_box"":{""t"":6.9,""c"":5.95},""total_shots"":{""t"":11.3,""c"":9.55},""shots_outside_box"":{""t"":3.75,""c"":3.5},""clearances"":{""t"":25.5,""c"":20.95},""dispossessed"":{""t"":6.2,""c"":5.65},""errors_goal"":{""t"":0.25,""c"":0.15},""errors_shot"":{""t"":0.3,""c"":0.35},""fouls"":{""t"":13.75,""c"":11.2},""gk_saves"":{""t"":1.8,""c"":2.55},""interceptions"":{""t"":5.9,""c"":6},""tackles"":{""t"":11.4,""c"":12.15},""free_kicks"":{""t"":12.55,""c"":15.3},""goal_kicks"":{""t"":7.05,""c"":6.7},""throw_ins"":{""t"":16.05,""c"":17.5},""possession"":{""t"":41.35,""c"":43.65},""offsides"":{""t"":1.45,""c"":1.35},""passes"":{""t"":326.15,""c"":370.8},""touches_opp_box"":{""t"":19.35,""c"":18.85},""red_cards"":{""t"":0.05,""c"":0.25},""yellow_cards"":{""t"":2,""c"":1.6}}","{""goals"":{""t"":1.9,""c"":1.65},""corners"":{""t"":5.15,""c"":4.35},""cards"":{""t"":1.65,""c"":1.65},""crosses"":{""t"":3.45,""c"":2.45},""big_chance_created"":{""t"":2.45,""c"":1.55},""big_chance_missed"":{""t"":1.45,""c"":0.65},""big_chance_scored"":{""t"":1,""c"":0.9},""xg"":{""t"":1.58,""c"":1.24},""shots_on_target"":{""t"":4.95,""c"":3.95},""shots_in_box"":{""t"":8.9,""c"":5.85},""total_shots"":{""t"":12.8,""c"":9.4},""shots_outside_box"":{""t"":3.9,""c"":3.55},""clearances"":{""t"":17.7,""c"":19},""dispossessed"":{""t"":9.75,""c"":8.4},""errors_goal"":{""t"":0.1,""c"":0.25},""errors_shot"":{""t"":0.4,""c"":0.4},""fouls"":{""t"":10.2,""c"":8.1},""gk_saves"":{""t"":2.45,""c"":3.15},""interceptions"":{""t"":8.75,""c"":10.5},""tackles"":{""t"":15.1,""c"":19.05},""free_kicks"":{""t"":12,""c"":14.25},""goal_kicks"":{""t"":5.65,""c"":7.05},""throw_ins"":{""t"":19.15,""c"":18.75},""possession"":{""t"":56.9,""c"":43.1},""offsides"":{""t"":1.75,""c"":1.9},""passes"":{""t"":538.2,""c"":405.9},""touches_opp_box"":{""t"":27.2,""c"":18.75},""red_cards"":{""t"":0,""c"":0.1},""yellow_cards"":{""t"":1.65,""c"":1.55}}","","","BOSNIA","","","","{""corners_home"":4,""corners_away"":3,""goals_home"":2,""goals_away"":0,""cards_home"":1,""cards_away"":1,""fouls_home"":7,""fouls_away"":13,""saves_home"":3,""saves_away"":0,""totalshots_home"":8,""totalshots_away"":10,""shots_home"":2,""shots_away"":3,""btts"":0}","","USA","{""xc_casa"":5.29,""xc_fora"":4.09,""xc_total"":9.38,""dc"":{""base"":4.325,""indice_ofensivo"":1.1778,""indice_defensivo"":0.8915,""indice_composto"":1.0633},""df"":{""base"":3.85,""indice_ofensivo"":1.0522,""indice_defensivo"":1.0756,""indice_composto"":1.0616},""xg_casa"":1.82,""xg_fora"":1.65,""xg_total"":3.47,""xs_casa"":4.41,""xs_fora"":4.14,""xs_total"":8.55,""p_btts"":0.5958,""db"":{""xg_casa"":1.82,""xg_fora"":1.65,""p_casa_marca"":0.838,""p_fora_marca"":0.808},""xcard_casa"":1.77,""xcard_fora"":1.78,""xcard_total"":3.55,""xfouls_casa"":15,""xfouls_fora"":13.45,""xfouls_total"":28.45,""xsaves_casa"":2.53,""xsaves_fora"":2.99,""xsaves_total"":5.52,""xtotalshots_casa"":12.96,""xtotalshots_fora"":10.73,""xtotalshots_total"":23.69,""sofascore_casa"":null,""sofascore_fora"":null,""fifa_casa"":null,""fifa_fora"":null,""fs_sofa_casa"":1,""fs_sofa_fora"":1,""fs_fifa_casa"":1,""fs_fifa_fora"":1,""fs_casa"":1,""fs_fora"":1}","completed","6a43e98e3f595f7d83589550","2026-06-30T16:06:38.620000","2026-07-11T15:53:01.869000","6a397687c9763709d6ee2143","lauremank622@gmail.com","false"
"2026-06-30","{""goals"":{""t"":2.5,""c"":0.8},""corners"":{""t"":4.6,""c"":3.05},""cards"":{""t"":1.7,""c"":1.4},""crosses"":{""t"":3.05,""c"":1.6},""big_chance_created"":{""t"":2.35,""c"":1.35},""big_chance_missed"":{""t"":1.3,""c"":0.9},""big_chance_scored"":{""t"":1.05,""c"":0.45},""xg"":{""t"":0.42,""c"":0.38},""shots_on_target"":{""t"":5,""c"":2.4},""shots_in_box"":{""t"":7.3,""c"":4.45},""total_shots"":{""t"":10.65,""c"":6.9},""shots_outside_box"":{""t"":3.35,""c"":2.45},""clearances"":{""t"":11.8,""c"":17.35},""dispossessed"":{""t"":5.85,""c"":6},""errors_goal"":{""t"":0.15,""c"":0.45},""errors_shot"":{""t"":0.55,""c"":0.4},""fouls"":{""t"":9.35,""c"":8.25},""gk_saves"":{""t"":1.75,""c"":3.45},""interceptions"":{""t"":6.25,""c"":7.3},""tackles"":{""t"":10.45,""c"":12.95},""free_kicks"":{""t"":10.75,""c"":11.45},""goal_kicks"":{""t"":3.45,""c"":7.05},""throw_ins"":{""t"":13.75,""c"":11.3},""possession"":{""t"":44.85,""c"":30.15},""offsides"":{""t"":1.35,""c"":1.05},""passes"":{""t"":390.6,""c"":264.25},""touches_opp_box"":{""t"":19.35,""c"":11.35},""red_cards"":{""t"":0.1,""c"":0.1},""yellow_cards"":{""t"":1.6,""c"":1.3}}","{""goals"":{""t"":2.65,""c"":0.95},""corners"":{""t"":7.9,""c"":2.95},""cards"":{""t"":1.55,""c"":2.6},""crosses"":{""t"":5.7,""c"":2.25},""big_chance_created"":{""t"":3.05,""c"":1.45},""big_chance_missed"":{""t"":1.75,""c"":0.7},""big_chance_scored"":{""t"":1.3,""c"":0.75},""xg"":{""t"":2.03,""c"":0.58},""shots_on_target"":{""t"":6.8,""c"":2.85},""shots_in_box"":{""t"":12.95,""c"":5.25},""total_shots"":{""t"":19.1,""c"":8.05},""shots_outside_box"":{""t"":6.15,""c"":2.8},""clearances"":{""t"":16.8,""c"":30.15},""dispossessed"":{""t"":9.3,""c"":7.1},""errors_goal"":{""t"":0.25,""c"":0.45},""errors_shot"":{""t"":0.4,""c"":0.3},""fouls"":{""t"":9.8,""c"":10.55},""gk_saves"":{""t"":1.85,""c"":4.1},""interceptions"":{""t"":6.9,""c"":9.05},""tackles"":{""t"":13.3,""c"":18},""free_kicks"":{""t"":12.35,""c"":11.7},""goal_kicks"":{""t"":4.6,""c"":10.1},""throw_ins"":{""t"":18.9,""c"":14.35},""possession"":{""t"":60.95,""c"":39.05},""offsides"":{""t"":1.5,""c"":1.75},""passes"":{""t"":539.9,""c"":349.6},""touches_opp_box"":{""t"":45.85,""c"":15.15},""red_cards"":{""t"":0.05,""c"":0.15},""yellow_cards"":{""t"":1.5,""c"":2.45}}","","","SENEGAL","","","","{""corners_home"":4,""corners_away"":2,""goals_home"":3,""goals_away"":2,""cards_home"":1,""cards_away"":1,""fouls_home"":22,""fouls_away"":12,""saves_home"":3,""saves_away"":3,""totalshots_home"":19,""totalshots_away"":19,""shots_home"":5,""shots_away"":5,""btts"":1}","","BELGICA","{""xc_casa"":7.51,""xc_fora"":4.25,""xc_total"":11.76,""dc"":{""base"":5.475,""indice_ofensivo"":1.4612,""indice_defensivo"":0.7883,""indice_composto"":1.192},""df"":{""base"":3.775,""indice_ofensivo"":1.1755,""indice_defensivo"":1.049,""indice_composto"":1.1249},""xg_casa"":2.04,""xg_fora"":1.63,""xg_total"":3.67,""xs_casa"":5.6,""xs_fora"":4.56,""xs_total"":10.16,""p_btts"":0.6156,""db"":{""xg_casa"":2.04,""xg_fora"":1.63,""p_casa_marca"":0.87,""p_fora_marca"":0.8041},""xcard_casa"":1.45,""xcard_fora"":1.94,""xcard_total"":3.39,""xfouls_casa"":12.95,""xfouls_fora"":11.27,""xfouls_total"":24.22,""xsaves_casa"":3.11,""xsaves_fora"":4.35,""xsaves_total"":7.46,""xtotalshots_casa"":19,""xtotalshots_fora"":10.53,""xtotalshots_total"":29.53,""sofascore_casa"":null,""sofascore_fora"":null,""fifa_casa"":null,""fifa_fora"":null,""fs_sofa_casa"":1,""fs_sofa_fora"":1,""fs_fifa_casa"":1,""fs_fifa_fora"":1,""fs_casa"":1,""fs_fora"":1}","completed","6a43e96c81c238d8ae51e08f","2026-06-30T16:06:04.235000","2026-07-11T15:53:01.869000","6a397687c9763709d6ee2143","lauremank622@gmail.com","false"
"2026-06-30","{""goals"":{""t"":1.65,""c"":0.9},""corners"":{""t"":2.45,""c"":2.4},""cards"":{""t"":1.1,""c"":1.6},""crosses"":{""t"":2.2,""c"":2.05},""big_chance_created"":{""t"":0.9,""c"":0.5},""big_chance_missed"":{""t"":0.3,""c"":0.3},""big_chance_scored"":{""t"":0.6,""c"":0.15},""xg"":{""t"":0.21,""c"":0.12},""shots_on_target"":{""t"":2.1,""c"":2.1},""shots_in_box"":{""t"":3.95,""c"":3.3},""total_shots"":{""t"":7.2,""c"":6.05},""shots_outside_box"":{""t"":3.25,""c"":2.75},""clearances"":{""t"":13.85,""c"":13.35},""dispossessed"":{""t"":4.7,""c"":4.5},""errors_goal"":{""t"":0,""c"":0.1},""errors_shot"":{""t"":0.15,""c"":0.05},""fouls"":{""t"":8.7,""c"":7.6},""gk_saves"":{""t"":1.65,""c"":1.35},""interceptions"":{""t"":4.25,""c"":5},""tackles"":{""t"":8.6,""c"":8.05},""free_kicks"":{""t"":8.85,""c"":9.75},""goal_kicks"":{""t"":5.4,""c"":5.4},""throw_ins"":{""t"":10.6,""c"":10.35},""possession"":{""t"":25.55,""c"":34.45},""offsides"":{""t"":1,""c"":1.45},""passes"":{""t"":216.75,""c"":297.3},""touches_opp_box"":{""t"":10.8,""c"":10.95},""red_cards"":{""t"":0,""c"":0},""yellow_cards"":{""t"":1.1,""c"":1.6}}","{""goals"":{""t"":2.4,""c"":0.4},""corners"":{""t"":7.7,""c"":2},""cards"":{""t"":1,""c"":1.6},""crosses"":{""t"":5.45,""c"":1.5},""big_chance_created"":{""t"":3.55,""c"":0.7},""big_chance_missed"":{""t"":2.05,""c"":0.4},""big_chance_scored"":{""t"":1.5,""c"":0.3},""xg"":{""t"":1.82,""c"":0.41},""shots_on_target"":{""t"":6.55,""c"":1.9},""shots_in_box"":{""t"":12.6,""c"":3.8},""total_shots"":{""t"":18.15,""c"":6.2},""shots_outside_box"":{""t"":5.5,""c"":2.4},""clearances"":{""t"":10.15,""c"":29.15},""dispossessed"":{""t"":6.7,""c"":6.9},""errors_goal"":{""t"":0.05,""c"":0.05},""errors_shot"":{""t"":0.4,""c"":0.45},""fouls"":{""t"":9.15,""c"":12.25},""gk_saves"":{""t"":1.45,""c"":4.2},""interceptions"":{""t"":5.9,""c"":8.35},""tackles"":{""t"":12.6,""c"":15.25},""free_kicks"":{""t"":13.6,""c"":10.8},""goal_kicks"":{""t"":3.55,""c"":9.4},""throw_ins"":{""t"":15.35,""c"":12.95},""possession"":{""t"":69.7,""c"":30.3},""offsides"":{""t"":1.4,""c"":1},""passes"":{""t"":651.8,""c"":285.6},""touches_opp_box"":{""t"":38.6,""c"":9.8},""red_cards"":{""t"":0,""c"":0.1},""yellow_cards"":{""t"":1,""c"":1.5}}","","","CONGO","","","","{""corners_home"":5,""corners_away"":3,""goals_home"":2,""goals_away"":1,""cards_home"":1,""cards_away"":1,""fouls_home"":10,""fouls_away"":12,""saves_home"":1,""saves_away"":5,""totalshots_home"":16,""totalshots_away"":7,""shots_home"":7,""shots_away"":2,""btts"":1}","","INGLATERRA","{""xc_casa"":6.81,""xc_fora"":2.64,""xc_total"":9.45,""dc"":{""base"":5.05,""indice_ofensivo"":1.55,""indice_defensivo"":0.6064,""indice_composto"":1.1725},""df"":{""base"":2.225,""indice_ofensivo"":1.0004,""indice_defensivo"":1.4639,""indice_composto"":1.1858},""xg_casa"":1.98,""xg_fora"":1.13,""xg_total"":3.11,""xs_casa"":5.28,""xs_fora"":2.55,""xs_total"":7.83,""p_btts"":0.5135,""db"":{""xg_casa"":1.98,""xg_fora"":1.13,""p_casa_marca"":0.8619,""p_fora_marca"":0.677},""xcard_casa"":1.32,""xcard_fora"":1.16,""xcard_total"":2.48,""xfouls_casa"":12.49,""xfouls_fora"":10.99,""xfouls_total"":23.48,""xsaves_casa"":1.42,""xsaves_fora"":4.72,""xsaves_total"":6.14,""xtotalshots_casa"":19.14,""xtotalshots_fora"":6.76,""xtotalshots_total"":25.9,""sofascore_casa"":null,""sofascore_fora"":null,""fifa_casa"":null,""fifa_fora"":null,""fs_sofa_casa"":1,""fs_sofa_fora"":1,""fs_fifa_casa"":1,""fs_fifa_fora"":1,""fs_casa"":1,""fs_fora"":1}","completed","6a43e94a178c69627010a125","2026-06-30T16:05:30.314000","2026-07-11T15:53:01.869000","6a397687c9763709d6ee2143","lauremank622@gmail.com","false"
"2026-06-30","{""goals"":{""t"":1.05,""c"":0.4},""corners"":{""t"":4.4,""c"":3.3},""cards"":{""t"":1.85,""c"":1.95},""crosses"":{""t"":3.2,""c"":2.5},""big_chance_created"":{""t"":2.15,""c"":1.3},""big_chance_missed"":{""t"":1.4,""c"":1},""big_chance_scored"":{""t"":0.75,""c"":0.3},""xg"":{""t"":0.49,""c"":0.35},""shots_on_target"":{""t"":4.6,""c"":2.9},""shots_in_box"":{""t"":6.95,""c"":5.85},""total_shots"":{""t"":12,""c"":9.85},""shots_outside_box"":{""t"":5.05,""c"":4},""clearances"":{""t"":18.9,""c"":20.65},""dispossessed"":{""t"":9.45,""c"":8.6},""errors_goal"":{""t"":0.1,""c"":0.2},""errors_shot"":{""t"":0.2,""c"":0.6},""fouls"":{""t"":10.15,""c"":8.15},""gk_saves"":{""t"":2.6,""c"":3.55},""interceptions"":{""t"":8.55,""c"":8.75},""tackles"":{""t"":16.05,""c"":18.2},""free_kicks"":{""t"":11.35,""c"":14.35},""goal_kicks"":{""t"":6.55,""c"":7.1},""throw_ins"":{""t"":15.75,""c"":15.8},""possession"":{""t"":54.7,""c"":45.3},""offsides"":{""t"":1.35,""c"":1.25},""passes"":{""t"":480.15,""c"":400.35},""touches_opp_box"":{""t"":19.45,""c"":16.2},""red_cards"":{""t"":0.15,""c"":0.2},""yellow_cards"":{""t"":1.7,""c"":1.75}}","{""goals"":{""t"":1.4,""c"":0.8},""corners"":{""t"":2.9,""c"":2.9},""cards"":{""t"":1.75,""c"":1.65},""crosses"":{""t"":3.8,""c"":2.1},""big_chance_created"":{""t"":2.4,""c"":1.2},""big_chance_missed"":{""t"":1.55,""c"":0.75},""big_chance_scored"":{""t"":0.85,""c"":0.45},""xg"":{""t"":0.93,""c"":0.67},""shots_on_target"":{""t"":3.8,""c"":2.6},""shots_in_box"":{""t"":6.25,""c"":4.7},""total_shots"":{""t"":10.8,""c"":7.95},""shots_outside_box"":{""t"":4.55,""c"":3.25},""clearances"":{""t"":16.45,""c"":17.35},""dispossessed"":{""t"":8.3,""c"":7.9},""errors_goal"":{""t"":0.15,""c"":0.35},""errors_shot"":{""t"":0.4,""c"":0.4},""fouls"":{""t"":7.3,""c"":7.3},""gk_saves"":{""t"":1.8,""c"":2.55},""interceptions"":{""t"":6.4,""c"":6.2},""tackles"":{""t"":15.35,""c"":13.15},""free_kicks"":{""t"":13.1,""c"":13.6},""goal_kicks"":{""t"":6.15,""c"":6.35},""throw_ins"":{""t"":17.8,""c"":17.15},""possession"":{""t"":51.05,""c"":43.95},""offsides"":{""t"":2,""c"":1.3},""passes"":{""t"":446.4,""c"":388.15},""touches_opp_box"":{""t"":17.55,""c"":11.8},""red_cards"":{""t"":0.1,""c"":0.15},""yellow_cards"":{""t"":1.65,""c"":1.5}}","","","Equador","","","","{""corners_home"":3,""corners_away"":8,""goals_home"":2,""goals_away"":0,""cards_home"":0,""cards_away"":4,""fouls_home"":10,""fouls_away"":14,""saves_home"":1,""saves_away"":1,""totalshots_home"":15,""totalshots_away"":7,""shots_home"":3,""shots_away"":1,""btts"":0}","","México","{""xc_casa"":3.9,""xc_fora"":4,""xc_total"":7.9,""dc"":{""base"":3.1,""indice_ofensivo"":1.0995,""indice_defensivo"":1.0879,""indice_composto"":1.0949},""df"":{""base"":3.65,""indice_ofensivo"":1.2251,""indice_defensivo"":0.9045,""indice_composto"":1.0969},""xg_casa"":1.04,""xg_fora"":0.85,""xg_total"":1.89,""xs_casa"":3.8,""xs_fora"":4.05,""xs_total"":7.85,""p_btts"":0.2406,""db"":{""xg_casa"":1.04,""xg_fora"":0.85,""p_casa_marca"":0.6465,""p_fora_marca"":0.5726},""xcard_casa"":1.62,""xcard_fora"":1.97,""xcard_total"":3.59,""xfouls_casa"":9.56,""xfouls_fora"":12.67,""xfouls_total"":22.23,""xsaves_casa"":3.21,""xsaves_fora"":3.01,""xsaves_total"":6.22,""xtotalshots_casa"":11.43,""xtotalshots_fora"":12.05,""xtotalshots_total"":23.48,""sofascore_casa"":null,""sofascore_fora"":null,""fifa_casa"":null,""fifa_fora"":null,""fs_sofa_casa"":1,""fs_sofa_fora"":1,""fs_fifa_casa"":1,""fs_fifa_fora"":1,""fs_casa"":1,""fs_fora"":1}","completed","6a43b0b87b386f2fc2827615","2026-06-30T12:04:08.011000","2026-07-11T15:53:01.869000","6a397687c9763709d6ee2143","lauremank622@gmail.com","false"
"2026-06-30","{""goals"":{""t"":2.1,""c"":1.65},""corners"":{""t"":5.55,""c"":3.9},""cards"":{""t"":1.75,""c"":2.2},""crosses"":{""t"":3.6,""c"":3.4},""big_chance_created"":{""t"":2.3,""c"":2.25},""big_chance_missed"":{""t"":1.25,""c"":1.4},""big_chance_scored"":{""t"":1.1,""c"":0.85},""xg"":{""t"":1.14,""c"":1.38},""shots_on_target"":{""t"":5.5,""c"":4.6},""shots_in_box"":{""t"":9.35,""c"":7.25},""total_shots"":{""t"":13.1,""c"":11.35},""shots_outside_box"":{""t"":3.75,""c"":4.1},""clearances"":{""t"":19.95,""c"":23.7},""dispossessed"":{""t"":9,""c"":6.5},""errors_goal"":{""t"":0.2,""c"":0.4},""errors_shot"":{""t"":0.6,""c"":0.4},""fouls"":{""t"":13.05,""c"":12},""gk_saves"":{""t"":2.85,""c"":3.35},""interceptions"":{""t"":7.35,""c"":10.3},""tackles"":{""t"":12.85,""c"":16.6},""free_kicks"":{""t"":14.05,""c"":14.8},""goal_kicks"":{""t"":6.7,""c"":8.35},""throw_ins"":{""t"":19.3,""c"":16.4},""possession"":{""t"":53.7,""c"":46.3},""offsides"":{""t"":1.9,""c"":2.25},""passes"":{""t"":489.75,""c"":413.5},""touches_opp_box"":{""t"":31.2,""c"":18.75},""red_cards"":{""t"":0,""c"":0.1},""yellow_cards"":{""t"":1.75,""c"":2.1}}","{""goals"":{""t"":2.65,""c"":1.2},""corners"":{""t"":6.4,""c"":3.1},""cards"":{""t"":1.75,""c"":1.7},""crosses"":{""t"":4.15,""c"":2.3},""big_chance_created"":{""t"":3.5,""c"":1.9},""big_chance_missed"":{""t"":2.15,""c"":1.1},""big_chance_scored"":{""t"":1.35,""c"":0.8},""xg"":{""t"":1.88,""c"":0.86},""shots_on_target"":{""t"":6.75,""c"":2.9},""shots_in_box"":{""t"":12.15,""c"":5.85},""total_shots"":{""t"":18.5,""c"":8.3},""shots_outside_box"":{""t"":6.35,""c"":2.45},""clearances"":{""t"":13.7,""c"":23.55},""dispossessed"":{""t"":9.8,""c"":9.05},""errors_goal"":{""t"":0.1,""c"":0.1},""errors_shot"":{""t"":0.55,""c"":0.95},""fouls"":{""t"":9.1,""c"":10.7},""gk_saves"":{""t"":1.9,""c"":4.45},""interceptions"":{""t"":8.1,""c"":8.7},""tackles"":{""t"":15.65,""c"":19.95},""free_kicks"":{""t"":13.3,""c"":11.45},""goal_kicks"":{""t"":5.1,""c"":9.85},""throw_ins"":{""t"":16.7,""c"":14.65},""possession"":{""t"":60.7,""c"":39.3},""offsides"":{""t"":1.3,""c"":1.55},""passes"":{""t"":606.85,""c"":392.75},""touches_opp_box"":{""t"":39.2,""c"":15.15},""red_cards"":{""t"":0.15,""c"":0},""yellow_cards"":{""t"":1.6,""c"":1.7}}","","","Suécia","","","","{""corners_home"":9,""corners_away"":1,""goals_home"":3,""goals_away"":0,""shots_home"":12,""shots_away"":3,""cards_home"":0,""cards_away"":0,""fouls_home"":14,""fouls_away"":10,""saves_home"":3,""saves_away"":9,""totalshots_home"":25,""totalshots_away"":8,""btts"":0}","","França","{""xc_casa"":6.38,""xc_fora"":4.86,""xc_total"":11.24,""dc"":{""base"":5.15,""indice_ofensivo"":1.2093,""indice_defensivo"":0.8805,""indice_composto"":1.0777},""df"":{""base"":4.325,""indice_ofensivo"":1.2205,""indice_defensivo"":0.9771,""indice_composto"":1.1231},""xg_casa"":2.2,""xg_fora"":1.7,""xg_total"":3.9,""xs_casa"":6.32,""xs_fora"":4.82,""xs_total"":11.14,""p_btts"":0.6831,""db"":{""xg_casa"":2.2,""xg_fora"":1.7,""p_casa_marca"":0.8892,""p_fora_marca"":0.8173},""xcard_casa"":1.76,""xcard_fora"":1.68,""xcard_total"":3.44,""xfouls_casa"":12.93,""xfouls_fora"":15.1,""xfouls_total"":28.03,""xsaves_casa"":3.21,""xsaves_fora"":4.42,""xsaves_total"":7.63,""xtotalshots_casa"":18.3,""xtotalshots_fora"":12.75,""xtotalshots_total"":31.05,""sofascore_casa"":null,""sofascore_fora"":null,""fifa_casa"":null,""fifa_fora"":null,""fs_sofa_casa"":1,""fs_sofa_fora"":1,""fs_fifa_casa"":1,""fs_fifa_fora"":1,""fs_casa"":1,""fs_fora"":1}","completed","6a43b08e977f9828cecc4146","2026-06-30T12:03:26.500000","2026-07-11T15:53:01.869000","6a397687c9763709d6ee2143","lauremank622@gmail.com","false"
"2026-06-30","{""goals"":{""t"":3.1,""c"":1.15},""corners"":{""t"":5.35,""c"":2.7},""cards"":{""t"":0.85,""c"":0.85},""crosses"":{""t"":4.95,""c"":2.8},""big_chance_created"":{""t"":4.3,""c"":1.6},""big_chance_missed"":{""t"":1.95,""c"":1},""big_chance_scored"":{""t"":2.35,""c"":0.65},""xg"":{""t"":1.98,""c"":0.66},""shots_on_target"":{""t"":5.75,""c"":3.5},""shots_in_box"":{""t"":11.9,""c"":6},""total_shots"":{""t"":15.7,""c"":9.75},""shots_outside_box"":{""t"":3.8,""c"":3.75},""clearances"":{""t"":15,""c"":22.6},""dispossessed"":{""t"":8.55,""c"":6.85},""errors_goal"":{""t"":0.1,""c"":0.65},""errors_shot"":{""t"":0.5,""c"":0.7},""fouls"":{""t"":8.45,""c"":9.2},""gk_saves"":{""t"":2.3,""c"":2.75},""interceptions"":{""t"":6.4,""c"":7.4},""tackles"":{""t"":13,""c"":17.05},""free_kicks"":{""t"":11.55,""c"":10.3},""goal_kicks"":{""t"":5.35,""c"":7.5},""throw_ins"":{""t"":16.8,""c"":14.2},""possession"":{""t"":54.25,""c"":45.75},""offsides"":{""t"":0.95,""c"":1.4},""passes"":{""t"":508.2,""c"":428.3},""touches_opp_box"":{""t"":34.3,""c"":16.35},""red_cards"":{""t"":0,""c"":0},""yellow_cards"":{""t"":0.85,""c"":0.85}}","{""goals"":{""t"":2,""c"":0.75},""corners"":{""t"":3.15,""c"":2.75},""cards"":{""t"":1.15,""c"":1.05},""crosses"":{""t"":2.75,""c"":1.95},""big_chance_created"":{""t"":1.7,""c"":0.6},""big_chance_missed"":{""t"":0.95,""c"":0.35},""big_chance_scored"":{""t"":0.75,""c"":0.25},""xg"":{""t"":0.26,""c"":0.23},""shots_on_target"":{""t"":2.2,""c"":1.75},""shots_in_box"":{""t"":5.25,""c"":3.4},""total_shots"":{""t"":7.8,""c"":6.35},""shots_outside_box"":{""t"":2.55,""c"":2.95},""clearances"":{""t"":11.3,""c"":10.95},""dispossessed"":{""t"":5,""c"":4.85},""errors_goal"":{""t"":0.1,""c"":0.15},""errors_shot"":{""t"":0.45,""c"":0.6},""fouls"":{""t"":7.5,""c"":6.55},""gk_saves"":{""t"":1.35,""c"":1.15},""interceptions"":{""t"":5.7,""c"":5.95},""tackles"":{""t"":9.2,""c"":11.35},""free_kicks"":{""t"":7.4,""c"":8.55},""goal_kicks"":{""t"":4.3,""c"":4.35},""throw_ins"":{""t"":10.1,""c"":9.3},""possession"":{""t"":32.4,""c"":27.6},""offsides"":{""t"":0.7,""c"":0.45},""passes"":{""t"":295.7,""c"":256.7},""touches_opp_box"":{""t"":14.7,""c"":11.1},""red_cards"":{""t"":0,""c"":0},""yellow_cards"":{""t"":1.15,""c"":1.05}}","","","Noruega","","","","{""goals_home"":1,""goals_away"":2,""totalshots_home"":14,""totalshots_away"":9,""corners_home"":14,""corners_away"":3,""shots_home"":5,""shots_away"":4,""cards_home"":0,""cards_away"":1,""fouls_home"":6,""fouls_away"":7,""saves_home"":1,""saves_away"":4,""btts"":1}","","Costa do Marfim","{""xc_casa"":3.57,""xc_fora"":4.61,""xc_total"":8.18,""dc"":{""base"":2.925,""indice_ofensivo"":0.8878,""indice_defensivo"":1.3227,""indice_composto"":1.0618},""df"":{""base"":4.05,""indice_ofensivo"":1.5115,""indice_defensivo"":0.5754,""indice_composto"":1.1371},""xg_casa"":1.55,""xg_fora"":2.1,""xg_total"":3.65,""xs_casa"":3.16,""xs_fora"":4.41,""xs_total"":7.57,""p_btts"":0.6083,""db"":{""xg_casa"":1.55,""xg_fora"":2.1,""p_casa_marca"":0.7878,""p_fora_marca"":0.8775},""xcard_casa"":0.84,""xcard_fora"":1.04,""xcard_total"":1.88,""xfouls_casa"":8.97,""xfouls_fora"":11.16,""xfouls_total"":20.13,""xsaves_casa"":3.27,""xsaves_fora"":1.46,""xsaves_total"":4.73,""xtotalshots_casa"":8.26,""xtotalshots_fora"":16.9,""xtotalshots_total"":25.16,""sofascore_casa"":null,""sofascore_fora"":null,""fifa_casa"":null,""fifa_fora"":null,""fs_sofa_casa"":1,""fs_sofa_fora"":1,""fs_fifa_casa"":1,""fs_fifa_fora"":1,""fs_casa"":1,""fs_fora"":1}","completed","6a43b0775f3bbaa75bacf704","2026-06-30T12:03:03.682000","2026-07-11T15:53:01.869000","6a397687c9763709d6ee2143","lauremank622@gmail.com","false"
"2026-06-29","{""goals"":{""t"":2.05,""c"":0.5},""corners"":{""t"":6.25,""c"":2.3},""cards"":{""t"":1.15,""c"":2.45},""crosses"":{""t"":5.25,""c"":2.05},""big_chance_created"":{""t"":3.3,""c"":1.15},""big_chance_missed"":{""t"":2.2,""c"":1},""big_chance_scored"":{""t"":1.1,""c"":0.15},""xg"":{""t"":0.7,""c"":0.15},""shots_on_target"":{""t"":5.3,""c"":1.8},""shots_in_box"":{""t"":10.45,""c"":3.9},""total_shots"":{""t"":15.15,""c"":5.8},""shots_outside_box"":{""t"":4.7,""c"":1.9},""clearances"":{""t"":16.65,""c"":25.25},""dispossessed"":{""t"":8.95,""c"":8.7},""errors_goal"":{""t"":0.05,""c"":0.2},""errors_shot"":{""t"":0.2,""c"":0.7},""fouls"":{""t"":10.35,""c"":13.45},""gk_saves"":{""t"":1.45,""c"":3.85},""interceptions"":{""t"":7.4,""c"":8.55},""tackles"":{""t"":15.7,""c"":17.7},""free_kicks"":{""t"":16.7,""c"":14.5},""goal_kicks"":{""t"":4.3,""c"":9.05},""throw_ins"":{""t"":17.65,""c"":15.35},""possession"":{""t"":56.15,""c"":38.85},""offsides"":{""t"":1.55,""c"":1.4},""passes"":{""t"":501.9,""c"":340.6},""touches_opp_box"":{""t"":26.45,""c"":10.25},""red_cards"":{""t"":0,""c"":0.05},""yellow_cards"":{""t"":1.15,""c"":2.4}}","{""goals"":{""t"":2.8,""c"":1.2},""corners"":{""t"":5.05,""c"":3.25},""cards"":{""t"":1,""c"":1.65},""crosses"":{""t"":5.45,""c"":3},""big_chance_created"":{""t"":3.2,""c"":1.25},""big_chance_missed"":{""t"":1.6,""c"":0.75},""big_chance_scored"":{""t"":1.6,""c"":0.5},""xg"":{""t"":1.73,""c"":0.68},""shots_on_target"":{""t"":5.75,""c"":3.3},""shots_in_box"":{""t"":10.4,""c"":6},""total_shots"":{""t"":14.5,""c"":9.8},""shots_outside_box"":{""t"":4.1,""c"":3.8},""clearances"":{""t"":16.15,""c"":24.8},""dispossessed"":{""t"":8.65,""c"":5.6},""errors_goal"":{""t"":0.05,""c"":0.4},""errors_shot"":{""t"":0.7,""c"":0.5},""fouls"":{""t"":9.6,""c"":11.35},""gk_saves"":{""t"":2.4,""c"":3.2},""interceptions"":{""t"":7.1,""c"":8},""tackles"":{""t"":11.35,""c"":15.6},""free_kicks"":{""t"":13.05,""c"":11.7},""goal_kicks"":{""t"":5.6,""c"":8.65},""throw_ins"":{""t"":15.95,""c"":13.2},""possession"":{""t"":59.1,""c"":40.9},""offsides"":{""t"":1.65,""c"":1.8},""passes"":{""t"":560.05,""c"":393.15},""touches_opp_box"":{""t"":34.15,""c"":17.15},""red_cards"":{""t"":0.15,""c"":0},""yellow_cards"":{""t"":0.85,""c"":1.65}}","","","Marrocos","","","","{""corners_home"":5,""corners_away"":8,""goals_home"":1,""goals_away"":1,""cards_home"":0,""cards_away"":1,""fouls_home"":18,""fouls_away"":15,""saves_home"":5,""saves_away"":1,""yellow_home"":0,""yellow_away"":1,""totalshots_home"":6,""totalshots_away"":11,""shots_home"":2,""shots_away"":5,""btts"":1}","","Holanda","{""xc_casa"":5.09,""xc_fora"":5.32,""xc_total"":10.41,""dc"":{""base"":3.675,""indice_ofensivo"":1.4199,""indice_defensivo"":0.8839,""indice_composto"":1.2055},""df"":{""base"":4.75,""indice_ofensivo"":1.2536,""indice_defensivo"":0.9213,""indice_composto"":1.1207},""xg_casa"":2.06,""xg_fora"":1.55,""xg_total"":3.61,""xs_casa"":4.78,""xs_fora"":4.99,""xs_total"":9.77,""p_btts"":0.6049,""db"":{""xg_casa"":2.06,""xg_fora"":1.55,""p_casa_marca"":0.8725,""p_fora_marca"":0.7878},""xcard_casa"":1.49,""xcard_fora"":1.42,""xcard_total"":2.91,""xfouls_casa"":13.78,""xfouls_fora"":14.41,""xfouls_total"":28.19,""xsaves_casa"":3.91,""xsaves_fora"":3.54,""xsaves_total"":7.45,""xtotalshots_casa"":14.45,""xtotalshots_fora"":15.68,""xtotalshots_total"":30.13,""sofascore_casa"":null,""sofascore_fora"":null,""fifa_casa"":null,""fifa_fora"":null,""fs_sofa_casa"":1,""fs_sofa_fora"":1,""fs_fifa_casa"":1,""fs_fifa_fora"":1,""fs_casa"":1,""fs_fora"":1}","completed","6a4255717c5dd1ed0386f2c4","2026-06-29T11:22:25.293000","2026-07-11T15:53:01.869000","6a397687c9763709d6ee2143","lauremank622@gmail.com","false"
"2026-06-29","{""goals"":{""t"":1.25,""c"":0.9},""corners"":{""t"":3.15,""c"":3.9},""cards"":{""t"":1.85,""c"":1.35},""crosses"":{""t"":2.95,""c"":3.05},""big_chance_created"":{""t"":1.25,""c"":1.7},""big_chance_missed"":{""t"":0.65,""c"":1},""big_chance_scored"":{""t"":0.6,""c"":0.7},""xg"":{""t"":0.24,""c"":0.46},""shots_on_target"":{""t"":3.15,""c"":3.25},""shots_in_box"":{""t"":4.8,""c"":5.85},""total_shots"":{""t"":8.4,""c"":9.35},""shots_outside_box"":{""t"":3.6,""c"":3.5},""clearances"":{""t"":22.05,""c"":17.15},""dispossessed"":{""t"":6.55,""c"":7.65},""errors_goal"":{""t"":0.1,""c"":0},""errors_shot"":{""t"":0.2,""c"":0.35},""fouls"":{""t"":9.65,""c"":7.65},""gk_saves"":{""t"":2.35,""c"":2.1},""interceptions"":{""t"":8.2,""c"":6.05},""tackles"":{""t"":17.65,""c"":12.4},""free_kicks"":{""t"":10,""c"":12.25},""goal_kicks"":{""t"":6.3,""c"":4.55},""throw_ins"":{""t"":16.75,""c"":17.5},""possession"":{""t"":30.7,""c"":54.3},""offsides"":{""t"":1.3,""c"":1.05},""passes"":{""t"":250,""c"":438.7},""touches_opp_box"":{""t"":12.1,""c"":17.3},""red_cards"":{""t"":0.15,""c"":0.05},""yellow_cards"":{""t"":1.7,""c"":1.3}}","{""goals"":{""t"":2.65,""c"":1.05},""corners"":{""t"":6.1,""c"":3.75},""cards"":{""t"":1.5,""c"":1.9},""crosses"":{""t"":4.55,""c"":2.35},""big_chance_created"":{""t"":4.05,""c"":1.2},""big_chance_missed"":{""t"":2.1,""c"":0.7},""big_chance_scored"":{""t"":1.95,""c"":0.55},""xg"":{""t"":1.56,""c"":0.79},""shots_on_target"":{""t"":6.7,""c"":3.1},""shots_in_box"":{""t"":12.35,""c"":5.7},""total_shots"":{""t"":17.2,""c"":8.9},""shots_outside_box"":{""t"":4.85,""c"":3.2},""clearances"":{""t"":14.25,""c"":28.25},""dispossessed"":{""t"":8.35,""c"":7.05},""errors_goal"":{""t"":0.2,""c"":0.45},""errors_shot"":{""t"":0.75,""c"":0.75},""fouls"":{""t"":10.55,""c"":9.75},""gk_saves"":{""t"":2.1,""c"":3.95},""interceptions"":{""t"":7.15,""c"":10.6},""tackles"":{""t"":15.85,""c"":16.9},""free_kicks"":{""t"":11.15,""c"":12.7},""goal_kicks"":{""t"":5.2,""c"":9.25},""throw_ins"":{""t"":18.55,""c"":15.8},""possession"":{""t"":64,""c"":36},""offsides"":{""t"":1.25,""c"":0.8},""passes"":{""t"":620.9,""c"":350.65},""touches_opp_box"":{""t"":35.8,""c"":14.8},""red_cards"":{""t"":0,""c"":0.05},""yellow_cards"":{""t"":1.5,""c"":1.85}}","","","Paraguai","","","","{""corners_home"":16,""corners_away"":6,""goals_home"":1,""goals_away"":1,""shots_home"":6,""shots_away"":3,""cards_home"":2,""cards_away"":2,""fouls_home"":18,""fouls_away"":12,""saves_home"":2,""saves_away"":6,""yellow_home"":2,""yellow_away"":2,""totalshots_home"":21,""totalshots_away"":7,""btts"":1}","","Alemanha","{""xc_casa"":6.27,""xc_fora"":3.75,""xc_total"":10.02,""dc"":{""base"":5,""indice_ofensivo"":1.3273,""indice_defensivo"":0.734,""indice_composto"":1.09},""df"":{""base"":3.45,""indice_ofensivo"":0.952,""indice_defensivo"":1.2899,""indice_composto"":1.0872},""xg_casa"":2.11,""xg_fora"":1.03,""xg_total"":3.14,""xs_casa"":5.6,""xs_fora"":3.53,""xs_total"":9.13,""p_btts"":0.4972,""db"":{""xg_casa"":2.11,""xg_fora"":1.03,""p_casa_marca"":0.8788,""p_fora_marca"":0.643},""xcard_casa"":1.44,""xcard_fora"":1.86,""xcard_total"":3.3,""xfouls_casa"":13.05,""xfouls_fora"":12.39,""xfouls_total"":25.44,""xsaves_casa"":1.93,""xsaves_fora"":4.34,""xsaves_total"":6.27,""xtotalshots_casa"":17.85,""xtotalshots_fora"":8,""xtotalshots_total"":25.85,""sofascore_casa"":null,""sofascore_fora"":null,""fifa_casa"":null,""fifa_fora"":null,""fs_sofa_casa"":1,""fs_sofa_fora"":1,""fs_fifa_casa"":1,""fs_fifa_fora"":1,""fs_casa"":1,""fs_fora"":1}","completed","6a425555f90ce8293a83cce8","2026-06-29T11:21:57.441000","2026-07-11T15:53:01.869000","6a397687c9763709d6ee2143","lauremank622@gmail.com","false"
"2026-06-29","{""goals"":{""t"":1.9,""c"":0.6},""corners"":{""t"":5.4,""c"":2.8},""cards"":{""t"":0.85,""c"":1.05},""crosses"":{""t"":4.9,""c"":2.5},""big_chance_created"":{""t"":2.3,""c"":0.65},""big_chance_missed"":{""t"":1.25,""c"":0.45},""big_chance_scored"":{""t"":1.05,""c"":0.2},""xg"":{""t"":0.66,""c"":0.48},""shots_on_target"":{""t"":4.65,""c"":2.65},""shots_in_box"":{""t"":8.65,""c"":5.25},""total_shots"":{""t"":11.9,""c"":8.25},""shots_outside_box"":{""t"":3.25,""c"":3},""clearances"":{""t"":18.6,""c"":21.95},""dispossessed"":{""t"":6.45,""c"":7.7},""errors_goal"":{""t"":0.1,""c"":0.2},""errors_shot"":{""t"":0.35,""c"":0.4},""fouls"":{""t"":10,""c"":7.1},""gk_saves"":{""t"":2,""c"":2.9},""interceptions"":{""t"":8.85,""c"":9.75},""tackles"":{""t"":14.65,""c"":15},""free_kicks"":{""t"":10.1,""c"":14.4},""goal_kicks"":{""t"":4.9,""c"":8.2},""throw_ins"":{""t"":18.45,""c"":19.7},""possession"":{""t"":54.9,""c"":45.1},""offsides"":{""t"":1.45,""c"":1.15},""passes"":{""t"":517.6,""c"":435.8},""touches_opp_box"":{""t"":23.1,""c"":13.4},""red_cards"":{""t"":0,""c"":0.05},""yellow_cards"":{""t"":0.85,""c"":1}}","{""goals"":{""t"":2.1,""c"":0.95},""corners"":{""t"":4.65,""c"":3.35},""cards"":{""t"":1.7,""c"":2.1},""crosses"":{""t"":2.75,""c"":2.6},""big_chance_created"":{""t"":2.95,""c"":1.1},""big_chance_missed"":{""t"":1.55,""c"":0.55},""big_chance_scored"":{""t"":1.4,""c"":0.55},""xg"":{""t"":0.82,""c"":0.36},""shots_on_target"":{""t"":5.4,""c"":3.55},""shots_in_box"":{""t"":9.15,""c"":4.75},""total_shots"":{""t"":13.85,""c"":9.75},""shots_outside_box"":{""t"":4.7,""c"":5},""clearances"":{""t"":15.7,""c"":19.95},""dispossessed"":{""t"":6.1,""c"":8.55},""errors_goal"":{""t"":0.2,""c"":0.45},""errors_shot"":{""t"":0.7,""c"":0.35},""fouls"":{""t"":9.95,""c"":10.75},""gk_saves"":{""t"":2.6,""c"":3.1},""interceptions"":{""t"":7.35,""c"":7.45},""tackles"":{""t"":17.15,""c"":16.1},""free_kicks"":{""t"":15,""c"":13.3},""goal_kicks"":{""t"":5.15,""c"":7.45},""throw_ins"":{""t"":16.25,""c"":14.4},""possession"":{""t"":57.1,""c"":42.9},""offsides"":{""t"":1.3,""c"":2},""passes"":{""t"":507.4,""c"":385.4},""touches_opp_box"":{""t"":25.7,""c"":15.1},""red_cards"":{""t"":0,""c"":0.1},""yellow_cards"":{""t"":1.7,""c"":2}}","","","Japão","","","","{""corners_home"":6,""corners_away"":2,""goals_home"":2,""goals_away"":1,""cards_home"":2,""cards_away"":3,""fouls_home"":4,""fouls_away"":13,""saves_home"":1,""saves_away"":4,""yellow_home"":2,""yellow_away"":3,""totalshots_home"":19,""totalshots_away"":5,""shots_home"":7,""shots_away"":2,""btts"":1}","","Brasil","{""xc_casa"":4.8,""xc_fora"":4.87,""xc_total"":9.67,""dc"":{""base"":3.725,""indice_ofensivo"":1.2805,""indice_defensivo"":0.879,""indice_composto"":1.1199},""df"":{""base"":4.375,""indice_ofensivo"":1.2134,""indice_defensivo"":0.9616,""indice_composto"":1.1127},""xg_casa"":1.59,""xg_fora"":1.41,""xg_total"":3,""xs_casa"":4.8,""xs_fora"":4.71,""xs_total"":9.51,""p_btts"":0.5295,""db"":{""xg_casa"":1.59,""xg_fora"":1.41,""p_casa_marca"":0.7961,""p_fora_marca"":0.7559},""xcard_casa"":1.33,""xcard_fora"":1.51,""xcard_total"":2.84,""xfouls_casa"":11.24,""xfouls_fora"":13.23,""xfouls_total"":24.47,""xsaves_casa"":3.36,""xsaves_fora"":3.46,""xsaves_total"":6.82,""xtotalshots_casa"":14.38,""xtotalshots_fora"":13.48,""xtotalshots_total"":27.86,""sofascore_casa"":null,""sofascore_fora"":null,""fifa_casa"":null,""fifa_fora"":null,""fs_sofa_casa"":1,""fs_sofa_fora"":1,""fs_fifa_casa"":1,""fs_fifa_fora"":1,""fs_casa"":1,""fs_fora"":1}","completed","6a425527e6c6af513a5df9e0","2026-06-29T11:21:11.595000","2026-07-11T15:53:01.869000","6a397687c9763709d6ee2143","lauremank622@gmail.com","false"
"2026-06-25","{""goals"":{""t"":1.25,""c"":0.85},""corners"":{""t"":3.45,""c"":4.8},""cards"":{""t"":1.6,""c"":1.45},""crosses"":{""t"":3.35,""c"":3.6},""big_chance_created"":{""t"":1.7,""c"":1.5},""big_chance_missed"":{""t"":0.95,""c"":0.95},""big_chance_scored"":{""t"":0.8,""c"":0.55},""xg"":{""t"":0.34,""c"":0.63},""shots_on_target"":{""t"":3.05,""c"":3.5},""shots_in_box"":{""t"":6.2,""c"":6.6},""total_shots"":{""t"":8.4,""c"":11.05},""shots_outside_box"":{""t"":2.2,""c"":4.45},""clearances"":{""t"":22.1,""c"":18.6},""dispossessed"":{""t"":8.55,""c"":6.85},""errors_goal"":{""t"":0.15,""c"":0.3},""errors_shot"":{""t"":0.15,""c"":0.35},""fouls"":{""t"":9,""c"":8.95},""gk_saves"":{""t"":2.8,""c"":1.8},""interceptions"":{""t"":8.4,""c"":8.45},""tackles"":{""t"":12.75,""c"":16.95},""free_kicks"":{""t"":12.95,""c"":11.85},""goal_kicks"":{""t"":6.7,""c"":5.8},""throw_ins"":{""t"":22.05,""c"":21.2},""possession"":{""t"":44.45,""c"":55.55},""offsides"":{""t"":1.6,""c"":2},""passes"":{""t"":408,""c"":521.55},""touches_opp_box"":{""t"":15.2,""c"":18.95},""red_cards"":{""t"":0.05,""c"":0},""yellow_cards"":{""t"":1.55,""c"":1.45}}","{""goals"":{""t"":1.3,""c"":0.9},""corners"":{""t"":3.3,""c"":4.05},""cards"":{""t"":2,""c"":1.4},""crosses"":{""t"":3.1,""c"":3.1},""big_chance_created"":{""t"":1.25,""c"":1.75},""big_chance_missed"":{""t"":0.65,""c"":1.05},""big_chance_scored"":{""t"":0.6,""c"":0.7},""xg"":{""t"":0.23,""c"":0.43},""shots_on_target"":{""t"":3.15,""c"":3.15},""shots_in_box"":{""t"":4.85,""c"":5.85},""total_shots"":{""t"":8.4,""c"":9.2},""shots_outside_box"":{""t"":3.55,""c"":3.35},""clearances"":{""t"":22.2,""c"":17.75},""dispossessed"":{""t"":6.55,""c"":7.55},""errors_goal"":{""t"":0.1,""c"":0},""errors_shot"":{""t"":0.2,""c"":0.3},""fouls"":{""t"":9.85,""c"":7.75},""gk_saves"":{""t"":2.2,""c"":2.05},""interceptions"":{""t"":7.9,""c"":6.05},""tackles"":{""t"":17.5,""c"":12.05},""free_kicks"":{""t"":10.05,""c"":12.4},""goal_kicks"":{""t"":6.3,""c"":4.5},""throw_ins"":{""t"":16.4,""c"":17.45},""possession"":{""t"":29.95,""c"":55.05},""offsides"":{""t"":1.3,""c"":1.05},""passes"":{""t"":239.75,""c"":439.45},""touches_opp_box"":{""t"":12.05,""c"":17.75},""red_cards"":{""t"":0.15,""c"":0.05},""yellow_cards"":{""t"":1.85,""c"":1.35}}","","","Australia","","","","{""corners_home"":1,""corners_away"":3,""goals_home"":0,""goals_away"":0,""cards_home"":1,""cards_away"":1,""fouls_home"":9,""fouls_away"":6,""saves_home"":5,""saves_away"":2,""yellow_home"":1,""yellow_away"":1,""totalshots_home"":7,""totalshots_away"":12,""shots_home"":2,""shots_away"":5,""btts"":0}","","Paraguai","{""xc_casa"":4.38,""xc_fora"":3.79,""xc_total"":8.17,""dc"":{""base"":4.05,""indice_ofensivo"":0.8679,""indice_defensivo"":1.0471,""indice_composto"":0.9396},""df"":{""base"":3.75,""indice_ofensivo"":1.0015,""indice_defensivo"":1.0242,""indice_composto"":1.0106},""xg_casa"":0.94,""xg_fora"":1.04,""xg_total"":1.98,""xs_casa"":3.17,""xs_fora"":3.21,""xs_total"":6.38,""p_btts"":0.2561,""db"":{""xg_casa"":0.94,""xg_fora"":1.04,""p_casa_marca"":0.6094,""p_fora_marca"":0.6465},""xcard_casa"":1.66,""xcard_fora"":1.61,""xcard_total"":3.27,""xfouls_casa"":11.92,""xfouls_fora"":11.59,""xfouls_total"":23.51,""xsaves_casa"":1.96,""xsaves_fora"":2.08,""xsaves_total"":4.04,""xtotalshots_casa"":8.24,""xtotalshots_fora"":8.93,""xtotalshots_total"":17.17,""sofascore_casa"":null,""sofascore_fora"":null,""fifa_casa"":null,""fifa_fora"":null,""fs_sofa_casa"":1,""fs_sofa_fora"":1,""fs_fifa_casa"":1,""fs_fifa_fora"":1,""fs_casa"":1,""fs_fora"":1}","completed","6a3d08d9e05fd6aadc019bfe","2026-06-25T10:54:17.902000","2026-07-11T15:53:01.869000","6a397687c9763709d6ee2143","lauremank622@gmail.com","false"
"2026-06-25","{""goals"":{""t"":1.85,""c"":1.5},""corners"":{""t"":4.75,""c"":4.4},""cards"":{""t"":1.7,""c"":1.95},""crosses"":{""t"":3.25,""c"":2.55},""big_chance_created"":{""t"":2.4,""c"":1.4},""big_chance_missed"":{""t"":1.4,""c"":0.65},""big_chance_scored"":{""t"":1,""c"":0.75},""xg"":{""t"":1.51,""c"":1.16},""shots_on_target"":{""t"":4.75,""c"":3.9},""shots_in_box"":{""t"":8.35,""c"":5.85},""total_shots"":{""t"":12.2,""c"":9.55},""shots_outside_box"":{""t"":3.85,""c"":3.7},""clearances"":{""t"":16.85,""c"":18.35},""dispossessed"":{""t"":8.75,""c"":8.05},""errors_goal"":{""t"":0.1,""c"":0.25},""errors_shot"":{""t"":0.4,""c"":0.45},""fouls"":{""t"":10.15,""c"":8.1},""gk_saves"":{""t"":2.5,""c"":3},""interceptions"":{""t"":8.4,""c"":10.4},""tackles"":{""t"":14.65,""c"":17.95},""free_kicks"":{""t"":12.05,""c"":13.9},""goal_kicks"":{""t"":6,""c"":6.95},""throw_ins"":{""t"":18.45,""c"":18.35},""possession"":{""t"":57.2,""c"":42.8},""offsides"":{""t"":1.5,""c"":1.95},""passes"":{""t"":539.55,""c"":401.25},""touches_opp_box"":{""t"":26.15,""c"":18.6},""red_cards"":{""t"":0,""c"":0.15},""yellow_cards"":{""t"":1.7,""c"":1.8}}","{""goals"":{""t"":1.95,""c"":1.2},""corners"":{""t"":7.05,""c"":3.45},""cards"":{""t"":2.1,""c"":2},""crosses"":{""t"":3.65,""c"":3.1},""big_chance_created"":{""t"":2.4,""c"":1.8},""big_chance_missed"":{""t"":1.3,""c"":1.15},""big_chance_scored"":{""t"":1.1,""c"":0.65},""xg"":{""t"":1.06,""c"":0.88},""shots_on_target"":{""t"":5.4,""c"":3.75},""shots_in_box"":{""t"":9.5,""c"":6.6},""total_shots"":{""t"":17.4,""c"":10.5},""shots_outside_box"":{""t"":7.9,""c"":3.9},""clearances"":{""t"":19.05,""c"":27.75},""dispossessed"":{""t"":7.95,""c"":7.7},""errors_goal"":{""t"":0.1,""c"":0.2},""errors_shot"":{""t"":0.55,""c"":0.5},""fouls"":{""t"":10.4,""c"":12.65},""gk_saves"":{""t"":2.45,""c"":3.4},""interceptions"":{""t"":7.75,""c"":8.15},""tackles"":{""t"":15.15,""c"":16.05},""free_kicks"":{""t"":14.85,""c"":12.2},""goal_kicks"":{""t"":5.95,""c"":9.65},""throw_ins"":{""t"":18.55,""c"":18.05},""possession"":{""t"":58.5,""c"":41.5},""offsides"":{""t"":2,""c"":2.5},""passes"":{""t"":511.65,""c"":374.8},""touches_opp_box"":{""t"":29.2,""c"":19.05},""red_cards"":{""t"":0.05,""c"":0.05},""yellow_cards"":{""t"":2.05,""c"":1.95}}","","","Usa","","","","{""corners_home"":2,""corners_away"":9,""goals_home"":3,""goals_away"":2,""cards_home"":0,""cards_away"":1,""fouls_home"":13,""fouls_away"":13,""saves_home"":5,""saves_away"":1,""yellow_home"":0,""yellow_away"":1,""totalshots_home"":9,""totalshots_away"":18,""shots_home"":3,""shots_away"":7,""btts"":1}","","Turquia","{""xc_casa"":7.15,""xc_fora"":4.37,""xc_total"":11.52,""dc"":{""base"":5.725,""indice_ofensivo"":1.2086,""indice_defensivo"":0.9024,""indice_composto"":1.0861},""df"":{""base"":4.1,""indice_ofensivo"":1.0947,""indice_defensivo"":1.0218,""indice_composto"":1.0655},""xg_casa"":1.74,""xg_fora"":1.5,""xg_total"":3.24,""xs_casa"":5.2,""xs_fora"":4.71,""xs_total"":9.91,""p_btts"":0.5637,""db"":{""xg_casa"":1.74,""xg_fora"":1.5,""p_casa_marca"":0.8245,""p_fora_marca"":0.7769},""xcard_casa"":1.84,""xcard_fora"":1.82,""xcard_total"":3.66,""xfouls_casa"":11.96,""xfouls_fora"":14,""xfouls_total"":25.96,""xsaves_casa"":3.09,""xsaves_fora"":3.51,""xsaves_total"":6.6,""xtotalshots_casa"":16.2,""xtotalshots_fora"":12.53,""xtotalshots_total"":28.73,""sofascore_casa"":null,""sofascore_fora"":null,""fifa_casa"":null,""fifa_fora"":null,""fs_sofa_casa"":1,""fs_sofa_fora"":1,""fs_fifa_casa"":1,""fs_fifa_fora"":1,""fs_casa"":1,""fs_fora"":1}","completed","6a3d08c1b1bb8e8d2acb0803","2026-06-25T10:53:53.042000","2026-07-11T15:53:01.869000","6a397687c9763709d6ee2143","lauremank622@gmail.com","false"
"2026-06-25","{""goals"":{""t"":2.7,""c"":1.2},""corners"":{""t"":5,""c"":3.15},""cards"":{""t"":1.15,""c"":1.75},""crosses"":{""t"":5.45,""c"":2.9},""big_chance_created"":{""t"":3.25,""c"":1.2},""big_chance_missed"":{""t"":1.65,""c"":0.7},""big_chance_scored"":{""t"":1.6,""c"":0.5},""xg"":{""t"":1.63,""c"":0.65},""shots_on_target"":{""t"":5.6,""c"":3.15},""shots_in_box"":{""t"":10.1,""c"":5.9},""total_shots"":{""t"":14.3,""c"":9.55},""shots_outside_box"":{""t"":4.2,""c"":3.65},""clearances"":{""t"":16.4,""c"":24.25},""dispossessed"":{""t"":8.45,""c"":5.7},""errors_goal"":{""t"":0.05,""c"":0.35},""errors_shot"":{""t"":0.65,""c"":0.4},""fouls"":{""t"":9.5,""c"":11.75},""gk_saves"":{""t"":2.25,""c"":3.15},""interceptions"":{""t"":6.8,""c"":8.4},""tackles"":{""t"":11.6,""c"":15.4},""free_kicks"":{""t"":13.35,""c"":11.6},""goal_kicks"":{""t"":5.45,""c"":8.75},""throw_ins"":{""t"":15.9,""c"":13.25},""possession"":{""t"":59.25,""c"":40.75},""offsides"":{""t"":1.75,""c"":1.75},""passes"":{""t"":562.8,""c"":392.55},""touches_opp_box"":{""t"":33.45,""c"":16.95},""red_cards"":{""t"":0.2,""c"":0},""yellow_cards"":{""t"":0.95,""c"":1.75}}","{""goals"":{""t"":1.55,""c"":1.65},""corners"":{""t"":2.4,""c"":2.7},""cards"":{""t"":1.35,""c"":1.7},""crosses"":{""t"":1.75,""c"":1.9},""big_chance_created"":{""t"":0.5,""c"":1.15},""big_chance_missed"":{""t"":0.2,""c"":0.55},""big_chance_scored"":{""t"":0.3,""c"":0.6},""xg"":{""t"":0.13,""c"":0.52},""shots_on_target"":{""t"":1.15,""c"":2.3},""shots_in_box"":{""t"":2.25,""c"":4.25},""total_shots"":{""t"":4.1,""c"":6.7},""shots_outside_box"":{""t"":1.85,""c"":2.45},""clearances"":{""t"":11.75,""c"":10.3},""dispossessed"":{""t"":3.75,""c"":3.2},""errors_goal"":{""t"":0.3,""c"":0},""errors_shot"":{""t"":0.15,""c"":0.1},""fouls"":{""t"":6.65,""c"":6.55},""gk_saves"":{""t"":1.05,""c"":0.65},""interceptions"":{""t"":3.6,""c"":3.95},""tackles"":{""t"":7,""c"":8.85},""free_kicks"":{""t"":7.65,""c"":8.4},""goal_kicks"":{""t"":3.9,""c"":3.2},""throw_ins"":{""t"":10.75,""c"":9.4},""possession"":{""t"":22.9,""c"":27.1},""offsides"":{""t"":1.15,""c"":0.6},""passes"":{""t"":189.2,""c"":222.7},""touches_opp_box"":{""t"":8.4,""c"":13.05},""red_cards"":{""t"":0.05,""c"":0.1},""yellow_cards"":{""t"":1.3,""c"":1.6}}","","","Holanda","","","","{""corners_home"":4,""corners_away"":6,""goals_home"":1,""goals_away"":3,""cards_home"":0,""cards_away"":0,""fouls_home"":11,""fouls_away"":10,""saves_home"":4,""saves_away"":3,""yellow_home"":0,""yellow_away"":0,""totalshots_home"":10,""totalshots_away"":20,""shots_home"":4,""shots_away"":7,""btts"":1}","","Tunísia","{""xc_casa"":3.52,""xc_fora"":4.15,""xc_total"":7.67,""dc"":{""base"":2.775,""indice_ofensivo"":0.5777,""indice_defensivo"":1.8944,""indice_composto"":1.1044},""df"":{""base"":3.85,""indice_ofensivo"":1.4329,""indice_defensivo"":0.5427,""indice_composto"":1.0768},""xg_casa"":1.49,""xg_fora"":2.24,""xg_total"":3.73,""xs_casa"":2.4,""xs_fora"":4.26,""xs_total"":6.66,""p_btts"":0.6091,""db"":{""xg_casa"":1.49,""xg_fora"":2.24,""p_casa_marca"":0.7746,""p_fora_marca"":0.8935},""xcard_casa"":1.12,""xcard_fora"":1.7,""xcard_total"":2.82,""xfouls_casa"":8.2,""xfouls_fora"":13.07,""xfouls_total"":21.27,""xsaves_casa"":3,""xsaves_fora"":0.77,""xsaves_total"":3.77,""xtotalshots_casa"":4.2,""xtotalshots_fora"":15.18,""xtotalshots_total"":19.38,""sofascore_casa"":null,""sofascore_fora"":null,""fifa_casa"":null,""fifa_fora"":null,""fs_sofa_casa"":1,""fs_sofa_fora"":1,""fs_fifa_casa"":1,""fs_fifa_fora"":1,""fs_casa"":1,""fs_fora"":1}","completed","6a3d08aa63d585ac2a807917","2026-06-25T10:53:30.977000","2026-07-11T15:53:01.869000","6a397687c9763709d6ee2143","lauremank622@gmail.com","false"
"2026-06-25","{""goals"":{""t"":2.15,""c"":1.7},""corners"":{""t"":5.5,""c"":4.05},""cards"":{""t"":1.75,""c"":2.35},""crosses"":{""t"":3.7,""c"":3.3},""big_chance_created"":{""t"":2.5,""c"":2.25},""big_chance_missed"":{""t"":1.4,""c"":1.35},""big_chance_scored"":{""t"":1.15,""c"":0.9},""xg"":{""t"":1.11,""c"":1.32},""shots_on_target"":{""t"":5.65,""c"":4.7},""shots_in_box"":{""t"":9.8,""c"":7.25},""total_shots"":{""t"":13.5,""c"":11.5},""shots_outside_box"":{""t"":3.7,""c"":4.25},""clearances"":{""t"":20,""c"":22.8},""dispossessed"":{""t"":9.25,""c"":6.7},""errors_goal"":{""t"":0.25,""c"":0.4},""errors_shot"":{""t"":0.6,""c"":0.35},""fouls"":{""t"":13.4,""c"":11.7},""gk_saves"":{""t"":2.9,""c"":3.45},""interceptions"":{""t"":7.35,""c"":10.7},""tackles"":{""t"":13.15,""c"":16.9},""free_kicks"":{""t"":13.8,""c"":15.15},""goal_kicks"":{""t"":6.75,""c"":8.4},""throw_ins"":{""t"":19.75,""c"":16.7},""possession"":{""t"":53.95,""c"":46.05},""offsides"":{""t"":1.9,""c"":2.3},""passes"":{""t"":490.2,""c"":408.9},""touches_opp_box"":{""t"":32.7,""c"":19.2},""red_cards"":{""t"":0,""c"":0.1},""yellow_cards"":{""t"":1.75,""c"":2.25}}","{""goals"":{""t"":2.1,""c"":0.55},""corners"":{""t"":5.5,""c"":2.45},""cards"":{""t"":0.8,""c"":1},""crosses"":{""t"":4.85,""c"":2.3},""big_chance_created"":{""t"":2.55,""c"":0.6},""big_chance_missed"":{""t"":1.35,""c"":0.4},""big_chance_scored"":{""t"":1.2,""c"":0.2},""xg"":{""t"":0.6,""c"":0.45},""shots_on_target"":{""t"":4.95,""c"":2.45},""shots_in_box"":{""t"":9.05,""c"":5.05},""total_shots"":{""t"":12.2,""c"":7.85},""shots_outside_box"":{""t"":3.15,""c"":2.8},""clearances"":{""t"":17.35,""c"":21.9},""dispossessed"":{""t"":6.55,""c"":7.7},""errors_goal"":{""t"":0.1,""c"":0.2},""errors_shot"":{""t"":0.3,""c"":0.4},""fouls"":{""t"":9.55,""c"":6.9},""gk_saves"":{""t"":1.85,""c"":3},""interceptions"":{""t"":8.9,""c"":9.85},""tackles"":{""t"":14.5,""c"":15},""free_kicks"":{""t"":9.85,""c"":14.05},""goal_kicks"":{""t"":4.9,""c"":8.25},""throw_ins"":{""t"":18.4,""c"":19.55},""possession"":{""t"":56.1,""c"":43.9},""offsides"":{""t"":1.55,""c"":1.15},""passes"":{""t"":525.7,""c"":425.45},""touches_opp_box"":{""t"":24,""c"":13.05},""red_cards"":{""t"":0,""c"":0.05},""yellow_cards"":{""t"":0.8,""c"":0.95}}","","","Suécia","","","","{""corners_home"":2,""corners_away"":8,""goals_home"":1,""goals_away"":1,""cards_home"":1,""cards_away"":2,""yellow_home"":1,""yellow_away"":2,""fouls_home"":20,""fouls_away"":11,""saves_home"":4,""saves_away"":2,""totalshots_home"":8,""totalshots_away"":11,""shots_home"":3,""shots_away"":5,""btts"":1}","","Japão","{""xc_casa"":5.74,""xc_fora"":4.56,""xc_total"":10.3,""dc"":{""base"":4.775,""indice_ofensivo"":1.0707,""indice_defensivo"":1.0059,""indice_composto"":1.0448},""df"":{""base"":3.975,""indice_ofensivo"":1.3399,""indice_defensivo"":0.8582,""indice_composto"":1.1472},""xg_casa"":1.79,""xg_fora"":1.5,""xg_total"":3.29,""xs_casa"":5.14,""xs_fora"":4.86,""xs_total"":10,""p_btts"":0.5695,""db"":{""xg_casa"":1.79,""xg_fora"":1.5,""p_casa_marca"":0.833,""p_fora_marca"":0.7769},""xcard_casa"":1.43,""xcard_fora"":1.53,""xcard_total"":2.96,""xfouls_casa"":12.84,""xfouls_fora"":14.35,""xfouls_total"":27.19,""xsaves_casa"":3.72,""xsaves_fora"":2.96,""xsaves_total"":6.68,""xtotalshots_casa"":13.02,""xtotalshots_fora"":14.49,""xtotalshots_total"":27.51,""sofascore_casa"":null,""sofascore_fora"":null,""fifa_casa"":null,""fifa_fora"":null,""fs_sofa_casa"":1,""fs_sofa_fora"":1,""fs_fifa_casa"":1,""fs_fifa_fora"":1,""fs_casa"":1,""fs_fora"":1}","completed","6a3d08950bebdf90fc30adb5","2026-06-25T10:53:09.438000","2026-07-11T15:53:01.869000","6a397687c9763709d6ee2143","lauremank622@gmail.com","false"
"2026-06-25","{""goals"":{""t"":1.95,""c"":0.75},""corners"":{""t"":2.85,""c"":2.55},""cards"":{""t"":1.2,""c"":1.05},""crosses"":{""t"":2.6,""c"":1.7},""big_chance_created"":{""t"":1.55,""c"":0.6},""big_chance_missed"":{""t"":0.9,""c"":0.35},""big_chance_scored"":{""t"":0.65,""c"":0.25},""xg"":{""t"":0.2,""c"":0.2},""shots_on_target"":{""t"":2.05,""c"":1.65},""shots_in_box"":{""t"":5,""c"":3.15},""total_shots"":{""t"":7.45,""c"":5.8},""shots_outside_box"":{""t"":2.45,""c"":2.65},""clearances"":{""t"":10.35,""c"":10.1},""dispossessed"":{""t"":4.55,""c"":4.3},""errors_goal"":{""t"":0.1,""c"":0.1},""errors_shot"":{""t"":0.35,""c"":0.6},""fouls"":{""t"":7.2,""c"":6},""gk_saves"":{""t"":1.25,""c"":1.1},""interceptions"":{""t"":5.1,""c"":5.2},""tackles"":{""t"":8.4,""c"":10.5},""free_kicks"":{""t"":6.75,""c"":8.2},""goal_kicks"":{""t"":4,""c"":4.1},""throw_ins"":{""t"":9.1,""c"":8.35},""possession"":{""t"":29.25,""c"":25.75},""offsides"":{""t"":0.65,""c"":0.35},""passes"":{""t"":264.5,""c"":238.95},""touches_opp_box"":{""t"":13.6,""c"":10.2},""red_cards"":{""t"":0,""c"":0},""yellow_cards"":{""t"":1.2,""c"":1.05}}","{""goals"":{""t"":2.25,""c"":1.05},""corners"":{""t"":4.05,""c"":3.95},""cards"":{""t"":1.55,""c"":1.65},""crosses"":{""t"":2.7,""c"":3.8},""big_chance_created"":{""t"":2.3,""c"":1.95},""big_chance_missed"":{""t"":1.05,""c"":1.4},""big_chance_scored"":{""t"":1.25,""c"":0.55},""xg"":{""t"":0.55,""c"":0.64},""shots_on_target"":{""t"":5.35,""c"":4.75},""shots_in_box"":{""t"":8.4,""c"":7.85},""total_shots"":{""t"":13.6,""c"":12.25},""shots_outside_box"":{""t"":5.2,""c"":4.4},""clearances"":{""t"":18.75,""c"":16.75},""dispossessed"":{""t"":8.45,""c"":7},""errors_goal"":{""t"":0.1,""c"":0.05},""errors_shot"":{""t"":0.3,""c"":0.2},""fouls"":{""t"":12.3,""c"":11.8},""gk_saves"":{""t"":3.65,""c"":2.9},""interceptions"":{""t"":7.6,""c"":7.6},""tackles"":{""t"":14.9,""c"":15.55},""free_kicks"":{""t"":13.1,""c"":14.35},""goal_kicks"":{""t"":8,""c"":8.05},""throw_ins"":{""t"":20.2,""c"":19.45},""possession"":{""t"":50.15,""c"":44.85},""offsides"":{""t"":1.9,""c"":1.3},""passes"":{""t"":361.35,""c"":327.6},""touches_opp_box"":{""t"":20,""c"":17.25},""red_cards"":{""t"":0.05,""c"":0.1},""yellow_cards"":{""t"":1.5,""c"":1.55}}","","","Costa do Marfim","","","","{""goals_home"":0,""goals_away"":2,""corners_home"":4,""corners_away"":6,""cards_home"":2,""cards_away"":1,""fouls_home"":11,""fouls_away"":6,""saves_home"":1,""saves_away"":2,""yellow_home"":2,""yellow_away"":1,""totalshots_home"":11,""totalshots_away"":7,""shots_home"":2,""shots_away"":3,""btts"":0}","","Curaçao","{""xc_casa"":4.14,""xc_fora"":3.43,""xc_total"":7.57,""dc"":{""base"":3.3,""indice_ofensivo"":1.4158,""indice_defensivo"":0.601,""indice_composto"":1.0899},""df"":{""base"":3.4,""indice_ofensivo"":0.7458,""indice_defensivo"":1.4037,""indice_composto"":1.009},""xg_casa"":1.68,""xg_fora"":1.44,""xg_total"":3.12,""xs_casa"":3.96,""xs_fora"":3.52,""xs_total"":7.48,""p_btts"":0.5464,""db"":{""xg_casa"":1.68,""xg_fora"":1.44,""p_casa_marca"":0.8136,""p_fora_marca"":0.7631},""xcard_casa"":1.49,""xcard_fora"":1.21,""xcard_total"":2.7,""xfouls_casa"":15,""xfouls_fora"":9.23,""xfouls_total"":24.23,""xsaves_casa"":1.66,""xsaves_fora"":3.11,""xsaves_total"":4.77,""xtotalshots_casa"":13.53,""xtotalshots_fora"":8.15,""xtotalshots_total"":21.68,""sofascore_casa"":null,""sofascore_fora"":null,""fifa_casa"":null,""fifa_fora"":null,""fs_sofa_casa"":1,""fs_sofa_fora"":1,""fs_fifa_casa"":1,""fs_fifa_fora"":1,""fs_casa"":1,""fs_fora"":1}","completed","6a3d087eb52bd952505cf814","2026-06-25T10:52:46.388000","2026-07-11T15:53:01.869000","6a397687c9763709d6ee2143","lauremank622@gmail.com","false"
"2026-06-25","{""goals"":{""t"":2.7,""c"":1},""corners"":{""t"":6.1,""c"":3.75},""cards"":{""t"":1.5,""c"":2},""crosses"":{""t"":4.6,""c"":2.4},""big_chance_created"":{""t"":4.2,""c"":1.2},""big_chance_missed"":{""t"":2.2,""c"":0.7},""big_chance_scored"":{""t"":2,""c"":0.55},""xg"":{""t"":1.53,""c"":0.73},""shots_on_target"":{""t"":6.75,""c"":3},""shots_in_box"":{""t"":12.55,""c"":5.6},""total_shots"":{""t"":17.25,""c"":8.95},""shots_outside_box"":{""t"":4.7,""c"":3.35},""clearances"":{""t"":14.2,""c"":27.6},""dispossessed"":{""t"":8.15,""c"":7.05},""errors_goal"":{""t"":0.15,""c"":0.45},""errors_shot"":{""t"":0.7,""c"":0.75},""fouls"":{""t"":10.5,""c"":9.5},""gk_saves"":{""t"":2.05,""c"":3.95},""interceptions"":{""t"":7.15,""c"":10.4},""tackles"":{""t"":15.5,""c"":16.25},""free_kicks"":{""t"":10.85,""c"":12.85},""goal_kicks"":{""t"":5.4,""c"":9.6},""throw_ins"":{""t"":18.35,""c"":15.9},""possession"":{""t"":64.6,""c"":35.4},""offsides"":{""t"":1.45,""c"":0.8},""passes"":{""t"":626.5,""c"":344.35},""touches_opp_box"":{""t"":36.15,""c"":14.25},""red_cards"":{""t"":0,""c"":0.05},""yellow_cards"":{""t"":1.5,""c"":1.95}}","{""goals"":{""t"":0.95,""c"":0.35},""corners"":{""t"":4.45,""c"":3.35},""cards"":{""t"":1.75,""c"":1.95},""crosses"":{""t"":3.15,""c"":2.35},""big_chance_created"":{""t"":2.05,""c"":1.2},""big_chance_missed"":{""t"":1.35,""c"":0.95},""big_chance_scored"":{""t"":0.7,""c"":0.25},""xg"":{""t"":0.42,""c"":0.31},""shots_on_target"":{""t"":4.7,""c"":2.85},""shots_in_box"":{""t"":6.9,""c"":5.6},""total_shots"":{""t"":12.35,""c"":9.45},""shots_outside_box"":{""t"":5.45,""c"":3.85},""clearances"":{""t"":17.95,""c"":21.5},""dispossessed"":{""t"":9.25,""c"":8.2},""errors_goal"":{""t"":0.1,""c"":0.15},""errors_shot"":{""t"":0.2,""c"":0.5},""fouls"":{""t"":9.7,""c"":8.15},""gk_saves"":{""t"":2.6,""c"":3.75},""interceptions"":{""t"":8.45,""c"":8.9},""tackles"":{""t"":15.3,""c"":18.45},""free_kicks"":{""t"":11.3,""c"":14.05},""goal_kicks"":{""t"":6.55,""c"":7.8},""throw_ins"":{""t"":15.95,""c"":15.65},""possession"":{""t"":56.6,""c"":43.4},""offsides"":{""t"":1.5,""c"":1.3},""passes"":{""t"":492.45,""c"":380.2},""touches_opp_box"":{""t"":19.6,""c"":15.6},""red_cards"":{""t"":0.15,""c"":0.2},""yellow_cards"":{""t"":1.6,""c"":1.75}}","","","Alemanha","","","","{""corners_home"":3,""corners_away"":2,""goals_home"":2,""goals_away"":1,""cards_home"":3,""cards_away"":1,""fouls_home"":15,""fouls_away"":10,""saves_home"":2,""saves_away"":1,""yellow_home"":3,""yellow_away"":1,""totalshots_home"":7,""totalshots_away"":11,""shots_home"":3,""shots_away"":3,""btts"":1}","","Ecuador","{""xc_casa"":5.3,""xc_fora"":5.43,""xc_total"":10.73,""dc"":{""base"":4.1,""indice_ofensivo"":1.1627,""indice_defensivo"":1.0642,""indice_composto"":1.1233},""df"":{""base"":4.725,""indice_ofensivo"":1.3526,""indice_defensivo"":0.8437,""indice_composto"":1.149},""xg_casa"":0.98,""xg_fora"":1.73,""xg_total"":2.71,""xs_casa"":4.48,""xs_fora"":5.76,""xs_total"":10.24,""p_btts"":0.4009,""db"":{""xg_casa"":0.98,""xg_fora"":1.73,""p_casa_marca"":0.6247,""p_fora_marca"":0.8227},""xcard_casa"":1.75,""xcard_fora"":1.75,""xcard_total"":3.5,""xfouls_casa"":12.62,""xfouls_fora"":12.34,""xfouls_total"":24.96,""xsaves_casa"":4.73,""xsaves_fora"":3.29,""xsaves_total"":8.02,""xtotalshots_casa"":12.08,""xtotalshots_fora"":18.37,""xtotalshots_total"":30.45,""sofascore_casa"":null,""sofascore_fora"":null,""fifa_casa"":null,""fifa_fora"":null,""fs_sofa_casa"":1,""fs_sofa_fora"":1,""fs_fifa_casa"":1,""fs_fifa_fora"":1,""fs_casa"":1,""fs_fora"":1}","completed","6a3d0865e13bfab13f366460","2026-06-25T10:52:21.622000","2026-07-11T15:53:01.869000","6a397687c9763709d6ee2143","lauremank622@gmail.com","false"
"2026-06-24","{""goals"":{""t"":1.6,""c"":1},""corners"":{""t"":5.4,""c"":2.7},""cards"":{""t"":1.15,""c"":1.45},""crosses"":{""t"":4.05,""c"":2.05},""big_chance_created"":{""t"":2,""c"":1.1},""big_chance_missed"":{""t"":1,""c"":0.5},""big_chance_scored"":{""t"":1,""c"":0.6},""xg"":{""t"":0.42,""c"":0.44},""shots_on_target"":{""t"":4.25,""c"":2.75},""shots_in_box"":{""t"":7.45,""c"":4.6},""total_shots"":{""t"":11.35,""c"":7.9},""shots_outside_box"":{""t"":3.9,""c"":3.3},""clearances"":{""t"":13,""c"":19.75},""dispossessed"":{""t"":5.2,""c"":6.55},""errors_goal"":{""t"":0.2,""c"":0.2},""errors_shot"":{""t"":0.3,""c"":0.05},""fouls"":{""t"":8.1,""c"":8.7},""gk_saves"":{""t"":1.75,""c"":2.7},""interceptions"":{""t"":7.75,""c"":8},""tackles"":{""t"":13.6,""c"":11.9},""free_kicks"":{""t"":12.05,""c"":11.7},""goal_kicks"":{""t"":4.15,""c"":6.55},""throw_ins"":{""t"":16.85,""c"":18.05},""possession"":{""t"":59.8,""c"":35.2},""offsides"":{""t"":1.8,""c"":1.75},""passes"":{""t"":548,""c"":329.9},""touches_opp_box"":{""t"":21.55,""c"":11.95},""red_cards"":{""t"":0,""c"":0.05},""yellow_cards"":{""t"":1.15,""c"":1.4}}","{""goals"":{""t"":1.4,""c"":0.95},""corners"":{""t"":4.45,""c"":3.55},""cards"":{""t"":2.25,""c"":1.9},""crosses"":{""t"":3,""c"":3.3},""big_chance_created"":{""t"":2.3,""c"":1.3},""big_chance_missed"":{""t"":1.6,""c"":0.75},""big_chance_scored"":{""t"":0.7,""c"":0.55},""xg"":{""t"":0.29,""c"":0.16},""shots_on_target"":{""t"":4.35,""c"":2.3},""shots_in_box"":{""t"":6.3,""c"":5.25},""total_shots"":{""t"":11.95,""c"":8.45},""shots_outside_box"":{""t"":5.65,""c"":3.2},""clearances"":{""t"":16.1,""c"":23.25},""dispossessed"":{""t"":6.1,""c"":7.65},""errors_goal"":{""t"":0.05,""c"":0.2},""errors_shot"":{""t"":0.15,""c"":0.4},""fouls"":{""t"":9.3,""c"":11},""gk_saves"":{""t"":1.4,""c"":3.1},""interceptions"":{""t"":5.9,""c"":9.25},""tackles"":{""t"":13.65,""c"":11.9},""free_kicks"":{""t"":13.35,""c"":12.5},""goal_kicks"":{""t"":7.1,""c"":8},""throw_ins"":{""t"":18.3,""c"":15.75},""possession"":{""t"":57,""c"":38},""offsides"":{""t"":1.85,""c"":0.95},""passes"":{""t"":454.9,""c"":303.6},""touches_opp_box"":{""t"":13.3,""c"":11.9},""red_cards"":{""t"":0.15,""c"":0.15},""yellow_cards"":{""t"":2.1,""c"":1.75}}","","","Coreia","","","","{""corners_home"":4,""corners_away"":6,""goals_home"":1,""goals_away"":0,""cards_home"":1,""cards_away"":1,""fouls_home"":7,""fouls_away"":9,""saves_home"":2,""saves_away"":3,""yellow_home"":1,""yellow_away"":1,""totalshots_home"":4,""totalshots_away"":3,""shots_home"":13,""shots_away"":8,""btts"":0}","","Africa","{""xc_casa"":4.56,""xc_fora"":4.96,""xc_total"":9.52,""dc"":{""base"":3.575,""indice_ofensivo"":1.2011,""indice_defensivo"":0.9685,""indice_composto"":1.108},""df"":{""base"":4.475,""indice_ofensivo"":1.1928,""indice_defensivo"":0.9789,""indice_composto"":1.1073},""xg_casa"":1.17,""xg_fora"":1.34,""xg_total"":2.51,""xs_casa"":4.04,""xs_fora"":3.77,""xs_total"":7.81,""p_btts"":0.3971,""db"":{""xg_casa"":1.17,""xg_fora"":1.34,""p_casa_marca"":0.6896,""p_fora_marca"":0.7382},""xcard_casa"":1.76,""xcard_fora"":1.49,""xcard_total"":3.25,""xfouls_casa"":11.67,""xfouls_fora"":11.62,""xfouls_total"":23.29,""xsaves_casa"":2.57,""xsaves_fora"":2.86,""xsaves_total"":5.43,""xtotalshots_casa"":11.45,""xtotalshots_fora"":11.71,""xtotalshots_total"":23.16,""sofascore_casa"":null,""sofascore_fora"":null,""fifa_casa"":null,""fifa_fora"":null,""fs_sofa_casa"":1,""fs_sofa_fora"":1,""fs_fifa_casa"":1,""fs_fifa_fora"":1,""fs_casa"":1,""fs_fora"":1}","completed","6a3be23a990068de6d723b21","2026-06-24T13:57:14.113000","2026-07-11T15:53:01.869000","6a397687c9763709d6ee2143","lauremank622@gmail.com","false"
"2026-06-24","{""goals"":{""t"":1.35,""c"":0.8},""corners"":{""t"":2.95,""c"":3},""cards"":{""t"":1.85,""c"":1.8},""crosses"":{""t"":3.85,""c"":2},""big_chance_created"":{""t"":2.25,""c"":1.2},""big_chance_missed"":{""t"":1.5,""c"":0.75},""big_chance_scored"":{""t"":0.75,""c"":0.45},""xg"":{""t"":0.89,""c"":0.68},""shots_on_target"":{""t"":3.7,""c"":2.6},""shots_in_box"":{""t"":5.95,""c"":4.75},""total_shots"":{""t"":10.65,""c"":7.85},""shots_outside_box"":{""t"":4.7,""c"":3.1},""clearances"":{""t"":17.3,""c"":16.9},""dispossessed"":{""t"":8.1,""c"":7.95},""errors_goal"":{""t"":0.15,""c"":0.35},""errors_shot"":{""t"":0.35,""c"":0.4},""fouls"":{""t"":7.7,""c"":7.95},""gk_saves"":{""t"":1.8,""c"":2.5},""interceptions"":{""t"":6.45,""c"":6.45},""tackles"":{""t"":15.25,""c"":13.15},""free_kicks"":{""t"":13.75,""c"":14.1},""goal_kicks"":{""t"":6.15,""c"":6.05},""throw_ins"":{""t"":17.8,""c"":17.5},""possession"":{""t"":50.8,""c"":44.2},""offsides"":{""t"":2.1,""c"":1.3},""passes"":{""t"":440.9,""c"":386.45},""touches_opp_box"":{""t"":17.15,""c"":12.3},""red_cards"":{""t"":0.1,""c"":0.15},""yellow_cards"":{""t"":1.75,""c"":1.65}}","{""goals"":{""t"":2.15,""c"":1.2},""corners"":{""t"":5.85,""c"":3.2},""cards"":{""t"":1.35,""c"":1.95},""crosses"":{""t"":6.4,""c"":2.35},""big_chance_created"":{""t"":2.45,""c"":1.35},""big_chance_missed"":{""t"":1.5,""c"":0.75},""big_chance_scored"":{""t"":0.95,""c"":0.6},""xg"":{""t"":1.22,""c"":0.67},""shots_on_target"":{""t"":4.5,""c"":3.25},""shots_in_box"":{""t"":8.35,""c"":4.9},""total_shots"":{""t"":12.3,""c"":9.05},""shots_outside_box"":{""t"":3.95,""c"":4.15},""clearances"":{""t"":19.95,""c"":26.55},""dispossessed"":{""t"":6.1,""c"":6.8},""errors_goal"":{""t"":0,""c"":0},""errors_shot"":{""t"":0.15,""c"":0.3},""fouls"":{""t"":13.7,""c"":8.95},""gk_saves"":{""t"":2.2,""c"":2.75},""interceptions"":{""t"":7.6,""c"":7.35},""tackles"":{""t"":12.9,""c"":11.35},""free_kicks"":{""t"":9.75,""c"":15.5},""goal_kicks"":{""t"":5,""c"":7.65},""throw_ins"":{""t"":17.2,""c"":17.4},""possession"":{""t"":46.8,""c"":43.2},""offsides"":{""t"":1.8,""c"":0.9},""passes"":{""t"":361.9,""c"":372.35},""touches_opp_box"":{""t"":25.2,""c"":15},""red_cards"":{""t"":0,""c"":0},""yellow_cards"":{""t"":1.35,""c"":1.95}}","","","Mexico","","","","{""corners_home"":5,""corners_away"":1,""goals_home"":0,""goals_away"":3,""cards_home"":0,""cards_away"":1,""fouls_home"":9,""fouls_away"":13,""saves_home"":2,""saves_away"":1,""yellow_home"":0,""yellow_away"":1,""totalshots_home"":13,""totalshots_away"":11,""shots_home"":1,""shots_away"":5,""btts"":0}","","Tcheca","{""xc_casa"":5.73,""xc_fora"":3.42,""xc_total"":9.15,""dc"":{""base"":4.425,""indice_ofensivo"":1.2903,""indice_defensivo"":0.8779,""indice_composto"":1.1253},""df"":{""base"":3.075,""indice_ofensivo"":1.1261,""indice_defensivo"":1.0884,""indice_composto"":1.111},""xg_casa"":1.62,""xg_fora"":1.34,""xg_total"":2.96,""xs_casa"":4.04,""xs_fora"":4,""xs_total"":8.04,""p_btts"":0.4618,""db"":{""xg_casa"":1.62,""xg_fora"":1.34,""p_casa_marca"":0.8021,""p_fora_marca"":0.7382},""xcard_casa"":1.6,""xcard_fora"":1.92,""xcard_total"":3.52,""xfouls_casa"":15.7,""xfouls_fora"":11.25,""xfouls_total"":26.95,""xsaves_casa"":2.62,""xsaves_fora"":2.91,""xsaves_total"":5.53,""xtotalshots_casa"":13.09,""xtotalshots_fora"":11.17,""xtotalshots_total"":24.26,""sofascore_casa"":null,""sofascore_fora"":null,""fifa_casa"":null,""fifa_fora"":null,""fs_sofa_casa"":1,""fs_sofa_fora"":1,""fs_fifa_casa"":1,""fs_fifa_fora"":1,""fs_casa"":1,""fs_fora"":1}","completed","6a3be2242463d7c44cd44b96","2026-06-24T13:56:52.427000","2026-07-11T15:53:01.869000","6a397687c9763709d6ee2143","lauremank622@gmail.com","false"
"2026-06-24","{""goals"":{""t"":2.45,""c"":1.15},""corners"":{""t"":4.25,""c"":3.3},""cards"":{""t"":1.25,""c"":1.55},""crosses"":{""t"":3.5,""c"":2.8},""big_chance_created"":{""t"":2.15,""c"":1.75},""big_chance_missed"":{""t"":0.9,""c"":1.05},""big_chance_scored"":{""t"":1.25,""c"":0.7},""xg"":{""t"":0.88,""c"":0.36},""shots_on_target"":{""t"":5.05,""c"":3.35},""shots_in_box"":{""t"":7.85,""c"":5.3},""total_shots"":{""t"":12.4,""c"":9},""shots_outside_box"":{""t"":3.9,""c"":3.1},""clearances"":{""t"":14.65,""c"":15.4},""dispossessed"":{""t"":5.6,""c"":5.9},""errors_goal"":{""t"":0.2,""c"":0.2},""errors_shot"":{""t"":0,""c"":0.4},""fouls"":{""t"":12,""c"":11.8},""gk_saves"":{""t"":2.3,""c"":2.5},""interceptions"":{""t"":6.05,""c"":6.85},""tackles"":{""t"":10.95,""c"":12.2},""free_kicks"":{""t"":13.35,""c"":13.8},""goal_kicks"":{""t"":5.6,""c"":8.25},""throw_ins"":{""t"":15.2,""c"":14.9},""possession"":{""t"":47.25,""c"":37.75},""offsides"":{""t"":1.75,""c"":1.65},""passes"":{""t"":338.9,""c"":273.65},""touches_opp_box"":{""t"":16.65,""c"":7.9},""red_cards"":{""t"":0,""c"":0},""yellow_cards"":{""t"":1.25,""c"":1.55}}","{""goals"":{""t"":2.1,""c"":0.4},""corners"":{""t"":6.4,""c"":2.4},""cards"":{""t"":1.15,""c"":2.55},""crosses"":{""t"":5.3,""c"":2.15},""big_chance_created"":{""t"":3.35,""c"":1.1},""big_chance_missed"":{""t"":2.2,""c"":0.95},""big_chance_scored"":{""t"":1.15,""c"":0.15},""xg"":{""t"":0.52,""c"":0.11},""shots_on_target"":{""t"":5.4,""c"":1.75},""shots_in_box"":{""t"":10.4,""c"":3.7},""total_shots"":{""t"":15.25,""c"":5.45},""shots_outside_box"":{""t"":4.85,""c"":1.75},""clearances"":{""t"":16.6,""c"":25.2},""dispossessed"":{""t"":9.1,""c"":8.5},""errors_goal"":{""t"":0.05,""c"":0.2},""errors_shot"":{""t"":0.2,""c"":0.65},""fouls"":{""t"":10.55,""c"":13.15},""gk_saves"":{""t"":1.45,""c"":3.85},""interceptions"":{""t"":7.4,""c"":8.2},""tackles"":{""t"":15.25,""c"":17.35},""free_kicks"":{""t"":16.55,""c"":14.6},""goal_kicks"":{""t"":4.2,""c"":9.5},""throw_ins"":{""t"":17.2,""c"":15.2},""possession"":{""t"":56.35,""c"":38.65},""offsides"":{""t"":1.45,""c"":1.55},""passes"":{""t"":508.55,""c"":340.5},""touches_opp_box"":{""t"":26.85,""c"":10.05},""red_cards"":{""t"":0,""c"":0.1},""yellow_cards"":{""t"":1.15,""c"":2.45}}","","","Haiti","","","","{""corners_home"":9,""corners_away"":1,""goals_home"":4,""goals_away"":2,""cards_home"":0,""cards_away"":3,""fouls_home"":10,""fouls_away"":18,""saves_home"":1,""saves_away"":8,""yellow_home"":0,""yellow_away"":3,""totalshots_home"":22,""totalshots_away"":9,""shots_home"":11,""shots_away"":2,""btts"":1}","","Marrocos","{""xc_casa"":6.21,""xc_fora"":3.83,""xc_total"":10.04,""dc"":{""base"":4.85,""indice_ofensivo"":1.3062,""indice_defensivo"":0.8228,""indice_composto"":1.1128},""df"":{""base"":3.325,""indice_ofensivo"":1.2846,""indice_defensivo"":0.9535,""indice_composto"":1.1522},""xg_casa"":1.69,""xg_fora"":1.65,""xg_total"":3.34,""xs_casa"":4.97,""xs_fora"":4.18,""xs_total"":9.15,""p_btts"":0.5798,""db"":{""xg_casa"":1.69,""xg_fora"":1.65,""p_casa_marca"":0.8155,""p_fora_marca"":0.808},""xcard_casa"":1.29,""xcard_fora"":1.76,""xcard_total"":3.05,""xfouls_casa"":15.37,""xfouls_fora"":14.57,""xfouls_total"":29.94,""xsaves_casa"":2.87,""xsaves_fora"":3.89,""xsaves_total"":6.76,""xtotalshots_casa"":16.33,""xtotalshots_fora"":11.14,""xtotalshots_total"":27.47,""sofascore_casa"":null,""sofascore_fora"":null,""fifa_casa"":null,""fifa_fora"":null,""fs_sofa_casa"":1,""fs_sofa_fora"":1,""fs_fifa_casa"":1,""fs_fifa_fora"":1,""fs_casa"":1,""fs_fora"":1}","completed","6a3be209bbdb9cf0eb4e0c15","2026-06-24T13:56:25.880000","2026-07-11T15:53:01.869000","6a397687c9763709d6ee2143","lauremank622@gmail.com","false"
"2026-06-24","{""goals"":{""t"":2.05,""c"":1},""corners"":{""t"":4.7,""c"":3.2},""cards"":{""t"":1.7,""c"":2.15},""crosses"":{""t"":2.8,""c"":2.3},""big_chance_created"":{""t"":2.7,""c"":1.05},""big_chance_missed"":{""t"":1.4,""c"":0.5},""big_chance_scored"":{""t"":1.3,""c"":0.55},""xg"":{""t"":0.6,""c"":0.31},""shots_on_target"":{""t"":5.15,""c"":3.35},""shots_in_box"":{""t"":8.85,""c"":4.35},""total_shots"":{""t"":13.5,""c"":9.4},""shots_outside_box"":{""t"":4.65,""c"":5.05},""clearances"":{""t"":15.15,""c"":20.3},""dispossessed"":{""t"":6.15,""c"":8.7},""errors_goal"":{""t"":0.2,""c"":0.35},""errors_shot"":{""t"":0.6,""c"":0.35},""fouls"":{""t"":10,""c"":10.95},""gk_saves"":{""t"":2.35,""c"":2.95},""interceptions"":{""t"":6.8,""c"":7.55},""tackles"":{""t"":17.15,""c"":16.45},""free_kicks"":{""t"":15.3,""c"":13.35},""goal_kicks"":{""t"":5.2,""c"":7.5},""throw_ins"":{""t"":16.5,""c"":14.2},""possession"":{""t"":57.95,""c"":42.05},""offsides"":{""t"":1.35,""c"":2.1},""passes"":{""t"":506.95,""c"":372.05},""touches_opp_box"":{""t"":25.2,""c"":14.15},""red_cards"":{""t"":0,""c"":0.1},""yellow_cards"":{""t"":1.7,""c"":2.05}}","{""goals"":{""t"":1.6,""c"":1},""corners"":{""t"":4.6,""c"":4.95},""cards"":{""t"":1.5,""c"":2.35},""crosses"":{""t"":5.65,""c"":3.95},""big_chance_created"":{""t"":2.25,""c"":1.6},""big_chance_missed"":{""t"":1.4,""c"":1.05},""big_chance_scored"":{""t"":0.85,""c"":0.55},""xg"":{""t"":0.9,""c"":0.87},""shots_on_target"":{""t"":4.4,""c"":3.6},""shots_in_box"":{""t"":8.65,""c"":8.75},""total_shots"":{""t"":11.6,""c"":13.65},""shots_outside_box"":{""t"":2.95,""c"":4.9},""clearances"":{""t"":22.3,""c"":20.2},""dispossessed"":{""t"":7.9,""c"":6.25},""errors_goal"":{""t"":0.1,""c"":0.2},""errors_shot"":{""t"":0.75,""c"":0.45},""fouls"":{""t"":11.75,""c"":12.2},""gk_saves"":{""t"":2.6,""c"":2.75},""interceptions"":{""t"":7.2,""c"":7.2},""tackles"":{""t"":12.8,""c"":13.7},""free_kicks"":{""t"":14.2,""c"":13.2},""goal_kicks"":{""t"":7.45,""c"":7.45},""throw_ins"":{""t"":16.35,""c"":15.85},""possession"":{""t"":49.3,""c"":50.7},""offsides"":{""t"":1.2,""c"":1.3},""passes"":{""t"":470.05,""c"":484.85},""touches_opp_box"":{""t"":24,""c"":23.4},""red_cards"":{""t"":0,""c"":0.2},""yellow_cards"":{""t"":1.5,""c"":2.15}}","","","Brasil","","","","{""goals_home"":0,""goals_away"":3,""corners_home"":7,""corners_away"":6,""cards_home"":1,""cards_away"":2,""fouls_home"":10,""fouls_away"":11,""saves_home"":5,""saves_away"":5,""yellow_home"":1,""yellow_away"":2,""totalshots_home"":14,""totalshots_away"":21,""shots_home"":5,""shots_away"":9,""btts"":0}","","Escocia","{""xc_casa"":5.09,""xc_fora"":4.8,""xc_total"":9.89,""dc"":{""base"":3.9,""indice_ofensivo"":1.2484,""indice_defensivo"":0.9626,""indice_composto"":1.1341},""df"":{""base"":4.825,""indice_ofensivo"":1.053,""indice_defensivo"":0.9076,""indice_composto"":0.9949},""xg_casa"":1.43,""xg_fora"":1.43,""xg_total"":2.86,""xs_casa"":4.49,""xs_fora"":4.51,""xs_total"":9,""p_btts"":0.4513,""db"":{""xg_casa"":1.43,""xg_fora"":1.43,""p_casa_marca"":0.7607,""p_fora_marca"":0.7607},""xcard_casa"":1.64,""xcard_fora"":2.03,""xcard_total"":3.67,""xfouls_casa"":14.53,""xfouls_fora"":13.82,""xfouls_total"":28.35,""xsaves_casa"":3.02,""xsaves_fora"":3.21,""xsaves_total"":6.23,""xtotalshots_casa"":13.41,""xtotalshots_fora"":14.33,""xtotalshots_total"":27.74,""sofascore_casa"":null,""sofascore_fora"":null,""fifa_casa"":null,""fifa_fora"":null,""fs_sofa_casa"":1,""fs_sofa_fora"":1,""fs_fifa_casa"":1,""fs_fifa_fora"":1,""fs_casa"":1,""fs_fora"":1}","completed","6a3be1f352ee937031eaf179","2026-06-24T13:56:03.228000","2026-07-11T15:53:01.869000","6a397687c9763709d6ee2143","lauremank622@gmail.com","false"
"2026-06-24","{""goals"":{""t"":1.2,""c"":2.1},""corners"":{""t"":4,""c"":4.95},""cards"":{""t"":1.75,""c"":2.25},""crosses"":{""t"":4.15,""c"":3.85},""big_chance_created"":{""t"":1.85,""c"":2.35},""big_chance_missed"":{""t"":1.1,""c"":1.15},""big_chance_scored"":{""t"":0.8,""c"":1.2},""xg"":{""t"":0.11,""c"":0.58},""shots_on_target"":{""t"":3,""c"":4.95},""shots_in_box"":{""t"":5.45,""c"":7.75},""total_shots"":{""t"":9.4,""c"":13.1},""shots_outside_box"":{""t"":3.95,""c"":5.35},""clearances"":{""t"":23.95,""c"":18.15},""dispossessed"":{""t"":7.2,""c"":8.05},""errors_goal"":{""t"":0.45,""c"":0.2},""errors_shot"":{""t"":0.55,""c"":0.2},""fouls"":{""t"":9.75,""c"":12},""gk_saves"":{""t"":2.7,""c"":2},""interceptions"":{""t"":7.65,""c"":8.45},""tackles"":{""t"":15.55,""c"":13.1},""free_kicks"":{""t"":14.45,""c"":12.2},""goal_kicks"":{""t"":7.15,""c"":7.75},""throw_ins"":{""t"":18.65,""c"":20},""possession"":{""t"":54.1,""c"":45.9},""offsides"":{""t"":1.65,""c"":1.35},""passes"":{""t"":458.35,""c"":387.55},""touches_opp_box"":{""t"":14.05,""c"":22.1},""red_cards"":{""t"":0.25,""c"":0.15},""yellow_cards"":{""t"":1.5,""c"":2.1}}","{""goals"":{""t"":1.85,""c"":1.65},""corners"":{""t"":3.25,""c"":3.35},""cards"":{""t"":2.25,""c"":1.85},""crosses"":{""t"":3.65,""c"":3.15},""big_chance_created"":{""t"":1.7,""c"":1.9},""big_chance_missed"":{""t"":0.9,""c"":1},""big_chance_scored"":{""t"":0.8,""c"":0.9},""xg"":{""t"":0.92,""c"":0.77},""shots_on_target"":{""t"":3.55,""c"":3.2},""shots_in_box"":{""t"":6.85,""c"":6.2},""total_shots"":{""t"":11,""c"":9.7},""shots_outside_box"":{""t"":3.5,""c"":3.4},""clearances"":{""t"":25.25,""c"":20.45},""dispossessed"":{""t"":6.3,""c"":5.7},""errors_goal"":{""t"":0.25,""c"":0.15},""errors_shot"":{""t"":0.3,""c"":0.4},""fouls"":{""t"":13.8,""c"":10.95},""gk_saves"":{""t"":1.8,""c"":2.4},""interceptions"":{""t"":6.1,""c"":6},""tackles"":{""t"":11.55,""c"":12.15},""free_kicks"":{""t"":12.35,""c"":15.25},""goal_kicks"":{""t"":7.25,""c"":6.55},""throw_ins"":{""t"":16.45,""c"":17.45},""possession"":{""t"":40,""c"":45},""offsides"":{""t"":1.4,""c"":1.4},""passes"":{""t"":313,""c"":384.3},""touches_opp_box"":{""t"":18.7,""c"":19.4},""red_cards"":{""t"":0.05,""c"":0.25},""yellow_cards"":{""t"":2.2,""c"":1.6}}","","","Catar","","","","{""totalshots_home"":14,""totalshots_away"":9,""corners_home"":5,""corners_away"":5,""goals_home"":3,""goals_away"":1,""fouls_home"":9,""fouls_away"":14,""saves_home"":2,""saves_away"":3,""yellow_home"":1,""yellow_away"":1,""cards_home"":1,""cards_away"":1,""shots_home"":5,""shots_away"":3,""btts"":1}","","Bosnia","{""xc_casa"":4.45,""xc_fora"":3.82,""xc_total"":8.27,""dc"":{""base"":4.1,""indice_ofensivo"":0.8973,""indice_defensivo"":1.015,""indice_composto"":0.9444},""df"":{""base"":3.675,""indice_ofensivo"":0.9913,""indice_defensivo"":1.1113,""indice_composto"":1.0393},""xg_casa"":1.92,""xg_fora"":1.24,""xg_total"":3.16,""xs_casa"":4.01,""xs_fora"":3.27,""xs_total"":7.28,""p_btts"":0.5337,""db"":{""xg_casa"":1.92,""xg_fora"":1.24,""p_casa_marca"":0.8534,""p_fora_marca"":0.7106},""xcard_casa"":2.01,""xcard_fora"":1.88,""xcard_total"":3.89,""xfouls_casa"":15.82,""xfouls_fora"":14.13,""xfouls_total"":29.95,""xsaves_casa"":1.67,""xsaves_fora"":2.34,""xsaves_total"":4.01,""xtotalshots_casa"":10.89,""xtotalshots_fora"":9.32,""xtotalshots_total"":20.21,""sofascore_casa"":null,""sofascore_fora"":null,""fifa_casa"":null,""fifa_fora"":null,""fs_sofa_casa"":1,""fs_sofa_fora"":1,""fs_fifa_casa"":1,""fs_fifa_fora"":1,""fs_casa"":1,""fs_fora"":1}","completed","6a3be1e0a1465abd3e1fdf64","2026-06-24T13:55:44.546000","2026-07-11T15:53:01.869000","6a397687c9763709d6ee2143","lauremank622@gmail.com","false"
"2026-06-24","{""goals"":{""t"":1.75,""c"":0.8},""corners"":{""t"":6.75,""c"":2.7},""cards"":{""t"":2.55,""c"":2.3},""crosses"":{""t"":4,""c"":2.35},""big_chance_created"":{""t"":2,""c"":1.25},""big_chance_missed"":{""t"":1,""c"":0.9},""big_chance_scored"":{""t"":1,""c"":0.35},""xg"":{""t"":1.27,""c"":0.62},""shots_on_target"":{""t"":4.6,""c"":2.1},""shots_in_box"":{""t"":8.45,""c"":3.8},""total_shots"":{""t"":12.95,""c"":6.2},""shots_outside_box"":{""t"":4.5,""c"":2.4},""clearances"":{""t"":14.3,""c"":28},""dispossessed"":{""t"":8.05,""c"":9.55},""errors_goal"":{""t"":0.15,""c"":0.25},""errors_shot"":{""t"":0.1,""c"":0.45},""fouls"":{""t"":11.4,""c"":12.3},""gk_saves"":{""t"":1.5,""c"":2.95},""interceptions"":{""t"":8.35,""c"":9.4},""tackles"":{""t"":18.6,""c"":15.55},""free_kicks"":{""t"":17.85,""c"":16.15},""goal_kicks"":{""t"":4.25,""c"":8.85},""throw_ins"":{""t"":21.75,""c"":20.15},""possession"":{""t"":51.3,""c"":48.7},""offsides"":{""t"":1.9,""c"":1.8},""passes"":{""t"":390.75,""c"":382.65},""touches_opp_box"":{""t"":28.05,""c"":11.45},""red_cards"":{""t"":0.15,""c"":0.15},""yellow_cards"":{""t"":2.4,""c"":2.15}}","{""goals"":{""t"":2.2,""c"":1.1},""corners"":{""t"":5.4,""c"":3.75},""cards"":{""t"":1.25,""c"":1.85},""crosses"":{""t"":3.45,""c"":2.65},""big_chance_created"":{""t"":3.1,""c"":2.05},""big_chance_missed"":{""t"":1.75,""c"":1.55},""big_chance_scored"":{""t"":1.4,""c"":0.6},""xg"":{""t"":1.18,""c"":0.59},""shots_on_target"":{""t"":5.15,""c"":3.1},""shots_in_box"":{""t"":8.55,""c"":5.65},""total_shots"":{""t"":12.5,""c"":8.7},""shots_outside_box"":{""t"":3.95,""c"":3.05},""clearances"":{""t"":15.35,""c"":22.6},""dispossessed"":{""t"":8,""c"":8.25},""errors_goal"":{""t"":0.2,""c"":0.15},""errors_shot"":{""t"":0.5,""c"":0.55},""fouls"":{""t"":10.25,""c"":11.25},""gk_saves"":{""t"":2.05,""c"":2.8},""interceptions"":{""t"":7.05,""c"":9.05},""tackles"":{""t"":14.75,""c"":15.5},""free_kicks"":{""t"":12.5,""c"":12.05},""goal_kicks"":{""t"":6.05,""c"":5.95},""throw_ins"":{""t"":19.15,""c"":15.7},""possession"":{""t"":59.95,""c"":40.05},""offsides"":{""t"":1.7,""c"":1.1},""passes"":{""t"":569.8,""c"":379.95},""touches_opp_box"":{""t"":24.45,""c"":15.75},""red_cards"":{""t"":0,""c"":0.05},""yellow_cards"":{""t"":1.25,""c"":1.8}}","","","Canada","","","","{""goals_home"":2,""goals_away"":1,""corners_home"":2,""corners_away"":7,""cards_home"":1,""cards_away"":2,""fouls_home"":19,""fouls_away"":13,""saves_home"":6,""saves_away"":2,""yellow_home"":1,""yellow_away"":2,""totalshots_home"":6,""totalshots_away"":13,""shots_home"":4,""shots_away"":7,""btts"":1}","","Suiça","{""xc_casa"":5.41,""xc_fora"":5.56,""xc_total"":10.97,""dc"":{""base"":4.05,""indice_ofensivo"":1.3316,""indice_defensivo"":0.9069,""indice_composto"":1.1617},""df"":{""base"":5.25,""indice_ofensivo"":1.1364,""indice_defensivo"":0.9441,""indice_composto"":1.0595},""xg_casa"":1.75,""xg_fora"":1.43,""xg_total"":3.18,""xs_casa"":4.46,""xs_fora"":4.2,""xs_total"":8.66,""p_btts"":0.5531,""db"":{""xg_casa"":1.75,""xg_fora"":1.43,""p_casa_marca"":0.8262,""p_fora_marca"":0.7607},""xcard_casa"":1.6,""xcard_fora"":2.28,""xcard_total"":3.88,""xfouls_casa"":13.65,""xfouls_fora"":15.17,""xfouls_total"":28.82,""xsaves_casa"":2.95,""xsaves_fora"":2.99,""xsaves_total"":5.94,""xtotalshots_casa"":12.37,""xtotalshots_fora"":12.32,""xtotalshots_total"":24.69,""sofascore_casa"":null,""sofascore_fora"":null,""fifa_casa"":null,""fifa_fora"":null,""fs_sofa_casa"":1,""fs_sofa_fora"":1,""fs_fifa_casa"":1,""fs_fifa_fora"":1,""fs_casa"":1,""fs_fora"":1}","completed","6a3b10d7427cc5dba97e1b1b","2026-06-23T23:03:51.268000","2026-07-11T15:53:01.869000","6a397687c9763709d6ee2143","lauremank622@gmail.com","false"
"2026-06-23","{""goals"":{""t"":1.65,""c"":0.9},""corners"":{""t"":2.45,""c"":2},""cards"":{""t"":1,""c"":1.55},""crosses"":{""t"":1.95,""c"":1.8},""big_chance_created"":{""t"":0.85,""c"":0.45},""big_chance_missed"":{""t"":0.35,""c"":0.2},""big_chance_scored"":{""t"":0.5,""c"":0.2},""xg"":{""t"":0.08,""c"":0.06},""shots_on_target"":{""t"":1.95,""c"":1.7},""shots_in_box"":{""t"":3.75,""c"":2.75},""total_shots"":{""t"":6.9,""c"":5.3},""shots_outside_box"":{""t"":3.15,""c"":2.55},""clearances"":{""t"":12.1,""c"":11.95},""dispossessed"":{""t"":3.9,""c"":3.8},""errors_goal"":{""t"":0,""c"":0.1},""errors_shot"":{""t"":0.1,""c"":0.05},""fouls"":{""t"":8.45,""c"":6.95},""gk_saves"":{""t"":1.25,""c"":1.3},""interceptions"":{""t"":3.75,""c"":4.05},""tackles"":{""t"":7.2,""c"":6.8},""free_kicks"":{""t"":8,""c"":9.35},""goal_kicks"":{""t"":4.75,""c"":4.9},""throw_ins"":{""t"":9.2,""c"":9.35},""possession"":{""t"":23.35,""c"":31.65},""offsides"":{""t"":0.85,""c"":1.2},""passes"":{""t"":193.15,""c"":269.6},""touches_opp_box"":{""t"":9.9,""c"":9.9},""red_cards"":{""t"":0,""c"":0},""yellow_cards"":{""t"":1,""c"":1.55}}","{""goals"":{""t"":2,""c"":1.1},""corners"":{""t"":4.25,""c"":3.4},""cards"":{""t"":1.25,""c"":2.35},""crosses"":{""t"":4.3,""c"":2.5},""big_chance_created"":{""t"":2.95,""c"":1.4},""big_chance_missed"":{""t"":1.5,""c"":0.8},""big_chance_scored"":{""t"":1.45,""c"":0.6},""xg"":{""t"":0.45,""c"":0.22},""shots_on_target"":{""t"":5.5,""c"":3.4},""shots_in_box"":{""t"":9.1,""c"":5.35},""total_shots"":{""t"":13.65,""c"":9.95},""shots_outside_box"":{""t"":4.55,""c"":4.6},""clearances"":{""t"":16.5,""c"":21.45},""dispossessed"":{""t"":8.65,""c"":7.35},""errors_goal"":{""t"":0.2,""c"":0.25},""errors_shot"":{""t"":0.4,""c"":0.25},""fouls"":{""t"":9.5,""c"":9.45},""gk_saves"":{""t"":2.25,""c"":3.4},""interceptions"":{""t"":7,""c"":8.5},""tackles"":{""t"":13.75,""c"":15.7},""free_kicks"":{""t"":14.2,""c"":15.25},""goal_kicks"":{""t"":5.8,""c"":7.4},""throw_ins"":{""t"":19.5,""c"":18.5},""possession"":{""t"":58.4,""c"":41.6},""offsides"":{""t"":2.3,""c"":1.2},""passes"":{""t"":482.1,""c"":340.4},""touches_opp_box"":{""t"":22.4,""c"":14},""red_cards"":{""t"":0,""c"":0.2},""yellow_cards"":{""t"":1.25,""c"":2.15}}","12","","Congo","","43","6.82","{""goals_home"":1,""goals_away"":0,""totalshots_home"":20,""totalshots_away"":7,""saves_home"":1,""saves_away"":8,""corners_home"":5,""corners_away"":4,""fouls_home"":12,""fouls_away"":16,""cards_home"":2,""cards_away"":1,""yellow_home"":2,""yellow_away"":1,""shots_home"":9,""shots_away"":1,""btts"":0}","6.93","Colombia","{""xc_casa"":4.23,""xc_fora"":3.07,""xc_total"":7.3,""dc"":{""base"":3.125,""indice_ofensivo"":1.5111,""indice_defensivo"":0.632,""indice_composto"":1.1595},""df"":{""base"":2.925,""indice_ofensivo"":0.7609,""indice_defensivo"":1.5264,""indice_composto"":1.0671},""xg_casa"":1.8,""xg_fora"":1.35,""xg_total"":3.15,""xs_casa"":4.34,""xs_fora"":2.99,""xs_total"":7.33,""p_btts"":0.5446,""db"":{""xg_casa"":1.77,""xg_fora"":1.37,""p_casa_marca"":0.8297,""p_fora_marca"":0.7459},""xcard_casa"":1.55,""xcard_fora"":1.43,""xcard_total"":2.98,""xfouls_casa"":13.52,""xfouls_fora"":8.76,""xfouls_total"":22.28,""xsaves_casa"":1.32,""xsaves_fora"":3.68,""xsaves_total"":5,""xtotalshots_casa"":14.31,""xtotalshots_fora"":6.61,""xtotalshots_total"":20.92,""sofascore_casa"":6.93,""sofascore_fora"":6.82,""fifa_casa"":12,""fifa_fora"":43,""fs_sofa_casa"":1.0024,""fs_sofa_fora"":0.9976,""fs_fifa_casa"":1.0128,""fs_fifa_fora"":0.9872,""fs_casa"":1.0152,""fs_fora"":0.9849}","completed","6a3a6ad9d5f7675e97dec949","2026-06-23T11:15:37.207000","2026-07-11T15:53:01.869000","6a397687c9763709d6ee2143","lauremank622@gmail.com","false"
"2026-06-23","{""goals"":{""t"":2.3,""c"":1.4},""corners"":{""t"":6.1,""c"":4.65},""cards"":{""t"":1.8,""c"":1.3},""crosses"":{""t"":5.25,""c"":3.55},""big_chance_created"":{""t"":3.3,""c"":2},""big_chance_missed"":{""t"":1.95,""c"":1.55},""big_chance_scored"":{""t"":1.35,""c"":0.45},""xg"":{""t"":1.39,""c"":0.89},""shots_on_target"":{""t"":6.1,""c"":4.1},""shots_in_box"":{""t"":11.35,""c"":7.55},""total_shots"":{""t"":16.85,""c"":11.1},""shots_outside_box"":{""t"":5.5,""c"":3.55},""clearances"":{""t"":18.85,""c"":26.05},""dispossessed"":{""t"":8.25,""c"":7},""errors_goal"":{""t"":0.25,""c"":0.25},""errors_shot"":{""t"":0.35,""c"":0.25},""fouls"":{""t"":9.8,""c"":10.55},""gk_saves"":{""t"":2.95,""c"":3.85},""interceptions"":{""t"":8.65,""c"":7.25},""tackles"":{""t"":14.7,""c"":14.5},""free_kicks"":{""t"":12.35,""c"":12.55},""goal_kicks"":{""t"":6.45,""c"":8.3},""throw_ins"":{""t"":16.35,""c"":15.85},""possession"":{""t"":57.95,""c"":42.05},""offsides"":{""t"":1.9,""c"":1.8},""passes"":{""t"":528.8,""c"":406.45},""touches_opp_box"":{""t"":31.2,""c"":19.45},""red_cards"":{""t"":0.1,""c"":0.05},""yellow_cards"":{""t"":1.7,""c"":1.25}}","{""goals"":{""t"":1.5,""c"":1.4},""corners"":{""t"":3.45,""c"":3.05},""cards"":{""t"":1.4,""c"":1.65},""crosses"":{""t"":3.1,""c"":2.55},""big_chance_created"":{""t"":1.75,""c"":2.1},""big_chance_missed"":{""t"":1.2,""c"":1.25},""big_chance_scored"":{""t"":0.55,""c"":0.85},""xg"":{""t"":0.26,""c"":0.58},""shots_on_target"":{""t"":4,""c"":3.35},""shots_in_box"":{""t"":6.65,""c"":5.05},""total_shots"":{""t"":10.4,""c"":9.2},""shots_outside_box"":{""t"":3.75,""c"":4.15},""clearances"":{""t"":17.1,""c"":20.9},""dispossessed"":{""t"":8.05,""c"":6.55},""errors_goal"":{""t"":0.1,""c"":0.05},""errors_shot"":{""t"":0.25,""c"":0.1},""fouls"":{""t"":8.65,""c"":7.95},""gk_saves"":{""t"":2.2,""c"":2.75},""interceptions"":{""t"":6.35,""c"":7.05},""tackles"":{""t"":13,""c"":13.9},""free_kicks"":{""t"":11.75,""c"":11.85},""goal_kicks"":{""t"":5.95,""c"":6.9},""throw_ins"":{""t"":15.15,""c"":15.9},""possession"":{""t"":43.7,""c"":41.3},""offsides"":{""t"":1.35,""c"":1.65},""passes"":{""t"":352.75,""c"":344.75},""touches_opp_box"":{""t"":11.8,""c"":11.6},""red_cards"":{""t"":0.05,""c"":0},""yellow_cards"":{""t"":1.35,""c"":1.65}}","40","","Croacia","","15","6.98","{""goals_home"":0,""goals_away"":1,""shots_home"":1,""shots_away"":2,""totalshots_home"":8,""totalshots_away"":6,""saves_home"":1,""saves_away"":1,""corners_home"":7,""corners_away"":2,""cards_home"":1,""cards_away"":1,""yellow_home"":1,""yellow_away"":1,""fouls_home"":19,""fouls_away"":12,""btts"":0}","6.88","Panama","{""xc_casa"":4.64,""xc_fora"":5.2,""xc_total"":9.84,""dc"":{""base"":4.05,""indice_ofensivo"":0.9161,""indice_defensivo"":1.1488,""indice_composto"":1.0092},""df"":{""base"":4.575,""indice_ofensivo"":1.3176,""indice_defensivo"":0.8317,""indice_composto"":1.1232},""xg_casa"":1.33,""xg_fora"":1.99,""xg_total"":3.32,""xs_casa"":4.22,""xs_fora"":5.42,""xs_total"":9.64,""p_btts"":0.561,""db"":{""xg_casa"":1.35,""xg_fora"":1.97,""p_casa_marca"":0.7408,""p_fora_marca"":0.8605},""xcard_casa"":1.2,""xcard_fora"":1.85,""xcard_total"":3.05,""xfouls_casa"":11.59,""xfouls_fora"":12.62,""xfouls_total"":24.21,""xsaves_casa"":3.97,""xsaves_fora"":2.56,""xsaves_total"":6.53,""xtotalshots_casa"":9.44,""xtotalshots_fora"":17.34,""xtotalshots_total"":26.78,""sofascore_casa"":6.88,""sofascore_fora"":6.98,""fifa_casa"":40,""fifa_fora"":15,""fs_sofa_casa"":0.9978,""fs_sofa_fora"":1.0022,""fs_fifa_casa"":0.9902,""fs_fifa_fora"":1.0098,""fs_casa"":0.988,""fs_fora"":1.012}","completed","6a3a6a270d2f8a9bce495241","2026-06-23T11:12:39.094000","2026-07-11T15:53:01.869000","6a397687c9763709d6ee2143","lauremank622@gmail.com","false"
"2026-06-23","{""goals"":{""t"":1.2,""c"":1.05},""corners"":{""t"":2.15,""c"":2.15},""cards"":{""t"":1.45,""c"":1.25},""crosses"":{""t"":1.85,""c"":2.45},""big_chance_created"":{""t"":0.85,""c"":1.65},""big_chance_missed"":{""t"":0.65,""c"":0.9},""big_chance_scored"":{""t"":0.2,""c"":0.75},""xg"":{""t"":0.61,""c"":0.69},""shots_on_target"":{""t"":1.35,""c"":2.5},""shots_in_box"":{""t"":3.25,""c"":4.65},""total_shots"":{""t"":4.85,""c"":6.95},""shots_outside_box"":{""t"":1.6,""c"":2.3},""clearances"":{""t"":9.75,""c"":8.35},""dispossessed"":{""t"":5.7,""c"":4.15},""errors_goal"":{""t"":0.1,""c"":0},""errors_shot"":{""t"":0.05,""c"":0.2},""fouls"":{""t"":4.95,""c"":5.25},""gk_saves"":{""t"":1.6,""c"":1.1},""interceptions"":{""t"":6.7,""c"":4.35},""tackles"":{""t"":7.05,""c"":9.25},""free_kicks"":{""t"":8.25,""c"":8.1},""goal_kicks"":{""t"":4.4,""c"":3.7},""throw_ins"":{""t"":9.45,""c"":9.3},""possession"":{""t"":25.05,""c"":29.95},""offsides"":{""t"":1.5,""c"":0.65},""passes"":{""t"":199.15,""c"":250.15},""touches_opp_box"":{""t"":7.75,""c"":12.25},""red_cards"":{""t"":0,""c"":0},""yellow_cards"":{""t"":1.45,""c"":1.25}}","{""goals"":{""t"":2.45,""c"":0.5},""corners"":{""t"":7.75,""c"":2.1},""cards"":{""t"":1,""c"":1.7},""crosses"":{""t"":5.35,""c"":1.4},""big_chance_created"":{""t"":3.35,""c"":0.7},""big_chance_missed"":{""t"":1.95,""c"":0.35},""big_chance_scored"":{""t"":1.4,""c"":0.35},""xg"":{""t"":1.67,""c"":0.37},""shots_on_target"":{""t"":6.6,""c"":1.9},""shots_in_box"":{""t"":12.2,""c"":3.55},""total_shots"":{""t"":18.05,""c"":6.15},""shots_outside_box"":{""t"":5.8,""c"":2.6},""clearances"":{""t"":9.85,""c"":28.5},""dispossessed"":{""t"":6.3,""c"":7},""errors_goal"":{""t"":0.05,""c"":0.1},""errors_shot"":{""t"":0.35,""c"":0.45},""fouls"":{""t"":8.65,""c"":11.35},""gk_saves"":{""t"":1.35,""c"":4.2},""interceptions"":{""t"":6.2,""c"":8.8},""tackles"":{""t"":12.75,""c"":14.6},""free_kicks"":{""t"":12.75,""c"":10.05},""goal_kicks"":{""t"":3.3,""c"":9.25},""throw_ins"":{""t"":14.85,""c"":12.65},""possession"":{""t"":69.55,""c"":30.45},""offsides"":{""t"":1.15,""c"":1.05},""passes"":{""t"":661.05,""c"":290.9},""touches_opp_box"":{""t"":40.1,""c"":9.85},""red_cards"":{""t"":0,""c"":0.1},""yellow_cards"":{""t"":1,""c"":1.6}}","4","","Ghana","","65","6.83","{""corners_home"":9,""corners_away"":2,""goals_home"":0,""goals_away"":0,""shots_home"":3,""shots_away"":1,""cards_home"":1,""cards_away"":1,""btts"":0}","7.1","Inglaterra","{""xc_casa"":6.39,""xc_fora"":2.62,""xc_total"":9.01,""dc"":{""base"":4.95,""indice_ofensivo"":1.4412,""indice_defensivo"":0.5539,""indice_composto"":1.0863},""df"":{""base"":2.125,""indice_ofensivo"":0.9402,""indice_defensivo"":1.7763,""indice_composto"":1.2747},""xg_casa"":1.99,""xg_fora"":0.95,""xg_total"":2.94,""xs_casa"":4.95,""xs_fora"":2.17,""xs_total"":7.12,""p_btts"":0.4158,""db"":{""xg_casa"":1.92,""xg_fora"":0.98,""p_casa_marca"":0.8534,""p_fora_marca"":0.6247},""xcard_casa"":1.19,""xcard_fora"":1.32,""xcard_total"":2.51,""xfouls_casa"":10.87,""xfouls_fora"":8.22,""xfouls_total"":19.09,""xsaves_casa"":1.18,""xsaves_fora"":4.13,""xsaves_total"":5.31,""xtotalshots_casa"":17.99,""xtotalshots_fora"":5.15,""xtotalshots_total"":23.14,""sofascore_casa"":7.1,""sofascore_fora"":6.83,""fifa_casa"":4,""fifa_fora"":65,""fs_sofa_casa"":1.0058,""fs_sofa_fora"":0.9942,""fs_fifa_casa"":1.0279,""fs_fifa_fora"":0.9721,""fs_casa"":1.0339,""fs_fora"":0.9665}","completed","6a3a6999fcf8b96dd6727b7b","2026-06-23T11:10:17.403000","2026-07-11T15:53:01.869000","6a397687c9763709d6ee2143","lauremank622@gmail.com","false"
"2026-06-23","{""goals"":{""t"":1.35,""c"":1.05},""corners"":{""t"":3.35,""c"":2.25},""cards"":{""t"":1.05,""c"":1.05},""crosses"":{""t"":3.45,""c"":1.95},""big_chance_created"":{""t"":1.55,""c"":1.55},""big_chance_missed"":{""t"":0.85,""c"":1},""big_chance_scored"":{""t"":0.7,""c"":0.55},""xg"":{""t"":0.26,""c"":0.38},""shots_on_target"":{""t"":3,""c"":2.95},""shots_in_box"":{""t"":5.35,""c"":4.2},""total_shots"":{""t"":9.4,""c"":7.45},""shots_outside_box"":{""t"":4.05,""c"":3.25},""clearances"":{""t"":12.95,""c"":17.1},""dispossessed"":{""t"":5.65,""c"":5.25},""errors_goal"":{""t"":0.05,""c"":0.1},""errors_shot"":{""t"":0.2,""c"":0.35},""fouls"":{""t"":8.35,""c"":6.7},""gk_saves"":{""t"":1.8,""c"":1.9},""interceptions"":{""t"":7.6,""c"":6.3},""tackles"":{""t"":10.3,""c"":11.85},""free_kicks"":{""t"":7.75,""c"":9.35},""goal_kicks"":{""t"":5.7,""c"":6.3},""throw_ins"":{""t"":18.6,""c"":15.55},""possession"":{""t"":36.55,""c"":38.45},""offsides"":{""t"":1.45,""c"":0.95},""passes"":{""t"":303.75,""c"":315},""touches_opp_box"":{""t"":15.15,""c"":11.25},""red_cards"":{""t"":0.05,""c"":0.2},""yellow_cards"":{""t"":1,""c"":0.85}}","{""goals"":{""t"":2.6,""c"":1.15},""corners"":{""t"":6.4,""c"":3.45},""cards"":{""t"":2,""c"":1.95},""crosses"":{""t"":5.4,""c"":2.75},""big_chance_created"":{""t"":3.5,""c"":1.4},""big_chance_missed"":{""t"":2.2,""c"":0.65},""big_chance_scored"":{""t"":1.25,""c"":0.75},""xg"":{""t"":1.59,""c"":0.78},""shots_on_target"":{""t"":6,""c"":3.7},""shots_in_box"":{""t"":11.55,""c"":6.1},""total_shots"":{""t"":17.4,""c"":10.1},""shots_outside_box"":{""t"":5.85,""c"":4},""clearances"":{""t"":14.25,""c"":24.65},""dispossessed"":{""t"":5.8,""c"":7.55},""errors_goal"":{""t"":0.25,""c"":0.25},""errors_shot"":{""t"":0.45,""c"":0.1},""fouls"":{""t"":9.45,""c"":10.25},""gk_saves"":{""t"":2.6,""c"":3.8},""interceptions"":{""t"":6.85,""c"":7.75},""tackles"":{""t"":13.5,""c"":14.85},""free_kicks"":{""t"":12.75,""c"":12.75},""goal_kicks"":{""t"":4.95,""c"":11.1},""throw_ins"":{""t"":16.9,""c"":13.95},""possession"":{""t"":63.85,""c"":36.15},""offsides"":{""t"":2.55,""c"":1.65},""passes"":{""t"":626.25,""c"":361.95},""touches_opp_box"":{""t"":32.05,""c"":17.05},""red_cards"":{""t"":0.1,""c"":0.05},""yellow_cards"":{""t"":1.9,""c"":1.9}}","9","","Uzbequistão","","54","6.68","{""corners_home"":3,""corners_away"":2,""goals_home"":5,""goals_away"":0,""shots_home"":9,""shots_away"":2,""cards_home"":1,""cards_away"":1,""btts"":0}","7.12","Portugal","{""xc_casa"":5.82,""xc_fora"":3.6,""xc_total"":9.42,""dc"":{""base"":4.325,""indice_ofensivo"":1.4044,""indice_defensivo"":0.7363,""indice_composto"":1.1372},""df"":{""base"":3.4,""indice_ofensivo"":0.9588,""indice_defensivo"":1.2837,""indice_composto"":1.0888},""xg_casa"":2.19,""xg_fora"":1.08,""xg_total"":3.27,""xs_casa"":5.22,""xs_fora"":3.75,""xs_total"":8.97,""p_btts"":0.5199,""db"":{""xg_casa"":2.13,""xg_fora"":1.11,""p_casa_marca"":0.8812,""p_fora_marca"":0.6704},""xcard_casa"":1.6,""xcard_fora"":1.44,""xcard_total"":3.04,""xfouls_casa"":11.89,""xfouls_fora"":10.88,""xfouls_total"":22.77,""xsaves_casa"":2.01,""xsaves_fora"":3.97,""xsaves_total"":5.98,""xtotalshots_casa"":17.74,""xtotalshots_fora"":9.34,""xtotalshots_total"":27.08,""sofascore_casa"":7.12,""sofascore_fora"":6.68,""fifa_casa"":9,""fifa_fora"":54,""fs_sofa_casa"":1.0096,""fs_sofa_fora"":0.9904,""fs_fifa_casa"":1.0179,""fs_fifa_fora"":0.9821,""fs_casa"":1.0277,""fs_fora"":0.9727}","completed","6a3a691645ab503ea8a1ba38","2026-06-23T11:08:06.882000","2026-07-11T15:53:01.869000","6a397687c9763709d6ee2143","lauremank622@gmail.com","false"
"2026-06-22","{""goals"":{""t"":1.7,""c"":1.4},""corners"":{""t"":3.85,""c"":3.95},""cards"":{""t"":1.6,""c"":1.5},""crosses"":{""t"":5.55,""c"":4.85},""big_chance_created"":{""t"":0,""c"":0},""big_chance_missed"":{""t"":0,""c"":0},""big_chance_scored"":{""t"":0,""c"":0},""xg"":{""t"":1.36,""c"":1.16},""shots_on_target"":{""t"":3.85,""c"":3.75},""shots_in_box"":{""t"":6.5,""c"":6.25},""total_shots"":{""t"":9.85,""c"":10.25},""shots_outside_box"":{""t"":3.35,""c"":4},""clearances"":{""t"":15.6,""c"":17.45},""dispossessed"":{""t"":5.25,""c"":6.15},""errors_goal"":{""t"":0,""c"":0},""errors_shot"":{""t"":2.05,""c"":1.85},""fouls"":{""t"":11.1,""c"":8.45},""gk_saves"":{""t"":2.75,""c"":2.8},""interceptions"":{""t"":12.9,""c"":11.8},""tackles"":{""t"":1.55,""c"":1.1},""free_kicks"":{""t"":2.05,""c"":2.35},""goal_kicks"":{""t"":6.4,""c"":6.2},""throw_ins"":{""t"":17.25,""c"":16.65},""possession"":{""t"":44.9,""c"":35.1},""offsides"":{""t"":0.8,""c"":0.85},""passes"":{""t"":399.15,""c"":317.35},""touches_opp_box"":{""t"":18.05,""c"":18.7},""red_cards"":{""t"":0.05,""c"":0.05},""yellow_cards"":{""t"":1.55,""c"":1.45}}","{""goals"":{""t"":1.4,""c"":1.75},""corners"":{""t"":2.9,""c"":4.55},""cards"":{""t"":1.8,""c"":1.6},""crosses"":{""t"":2.35,""c"":4.3},""big_chance_created"":{""t"":0,""c"":0},""big_chance_missed"":{""t"":0,""c"":0},""big_chance_scored"":{""t"":0,""c"":0},""xg"":{""t"":1.04,""c"":1.24},""shots_on_target"":{""t"":3.45,""c"":3.85},""shots_in_box"":{""t"":5.25,""c"":6.45},""total_shots"":{""t"":8.9,""c"":11.25},""shots_outside_box"":{""t"":3.65,""c"":4.8},""clearances"":{""t"":21.25,""c"":14.55},""dispossessed"":{""t"":6.75,""c"":7.35},""errors_goal"":{""t"":0,""c"":0},""errors_shot"":{""t"":2.15,""c"":2.15},""fouls"":{""t"":9.8,""c"":11.35},""gk_saves"":{""t"":2.75,""c"":2.75},""interceptions"":{""t"":11.5,""c"":11.4},""tackles"":{""t"":1.95,""c"":1.55},""free_kicks"":{""t"":3.35,""c"":2.85},""goal_kicks"":{""t"":7.95,""c"":5.9},""throw_ins"":{""t"":19.05,""c"":18.1},""possession"":{""t"":36.1,""c"":43.9},""offsides"":{""t"":1.05,""c"":1.15},""passes"":{""t"":328,""c"":383.05},""touches_opp_box"":{""t"":13,""c"":17.55},""red_cards"":{""t"":0,""c"":0},""yellow_cards"":{""t"":1.8,""c"":1.6}}","","","Sandvikens IF","","","","{""goals_home"":1,""goals_away"":1,""corners_home"":9,""corners_away"":5,""shots_home"":6,""shots_away"":3,""cards_home"":3,""cards_away"":2,""btts"":1}","","Örebro SK","{""xc_casa"":3.85,""xc_fora"":4.27,""xc_total"":8.12,""dc"":{""base"":3.425,""indice_ofensivo"":0.8919,""indice_defensivo"":1.1057,""indice_composto"":0.9774},""df"":{""base"":4.2,""indice_ofensivo"":1.02,""indice_defensivo"":1.009,""indice_composto"":1.0156},""xg_casa"":1.4,""xg_fora"":1.59,""xg_total"":2.99,""xs_casa"":3.68,""xs_fora"":3.93,""xs_total"":7.61,""p_btts"":0.4678,""db"":{""xg_casa"":1.4,""xg_fora"":1.59,""p_casa_marca"":0.7534,""p_fora_marca"":0.7961},""xcard_casa"":1.64,""xcard_fora"":1.6,""xcard_total"":3.24,""xfouls_casa"":12.37,""xfouls_fora"":14.17,""xfouls_total"":26.54,""xsaves_casa"":2.77,""xsaves_fora"":2.61,""xsaves_total"":5.38,""xtotalshots_casa"":8.34,""xtotalshots_fora"":10.92,""xtotalshots_total"":19.26,""sofascore_casa"":null,""sofascore_fora"":null,""fifa_casa"":null,""fifa_fora"":null,""fs_sofa_casa"":1,""fs_sofa_fora"":1,""fs_fifa_casa"":1,""fs_fifa_fora"":1,""fs_casa"":1,""fs_fora"":1}","completed","6a3979b47fab16edcdea4151","2026-06-22T18:06:44.812000","2026-07-11T15:53:01.869000","6a397687c9763709d6ee2143","lauremank622@gmail.com","false"
"2026-06-22","{""goals"":{""t"":1.45,""c"":1.5},""corners"":{""t"":3.65,""c"":3.3},""cards"":{""t"":1.7,""c"":1.2},""crosses"":{""t"":5,""c"":3.35},""big_chance_created"":{""t"":0,""c"":0},""big_chance_missed"":{""t"":0,""c"":0},""big_chance_scored"":{""t"":0,""c"":0},""xg"":{""t"":1.45,""c"":1.45},""shots_on_target"":{""t"":3.85,""c"":3.95},""shots_in_box"":{""t"":5.85,""c"":6.25},""total_shots"":{""t"":9.4,""c"":10},""shots_outside_box"":{""t"":3.55,""c"":3.75},""clearances"":{""t"":14.75,""c"":16.05},""dispossessed"":{""t"":5.6,""c"":5.75},""errors_goal"":{""t"":0,""c"":0},""errors_shot"":{""t"":3.35,""c"":1.65},""fouls"":{""t"":9.9,""c"":10.7},""gk_saves"":{""t"":2.6,""c"":2.85},""interceptions"":{""t"":10.85,""c"":11.35},""tackles"":{""t"":1.6,""c"":1.75},""free_kicks"":{""t"":2.75,""c"":2.4},""goal_kicks"":{""t"":5.9,""c"":7},""throw_ins"":{""t"":16.35,""c"":14.55},""possession"":{""t"":45.95,""c"":34.05},""offsides"":{""t"":1.1,""c"":1.1},""passes"":{""t"":413.5,""c"":314.8},""touches_opp_box"":{""t"":17.25,""c"":16.2},""red_cards"":{""t"":0.05,""c"":0},""yellow_cards"":{""t"":1.65,""c"":1.2}}","{""goals"":{""t"":1.55,""c"":1.25},""corners"":{""t"":3.95,""c"":3.6},""cards"":{""t"":1.75,""c"":1.7},""crosses"":{""t"":4.3,""c"":3.8},""big_chance_created"":{""t"":0,""c"":0},""big_chance_missed"":{""t"":0,""c"":0},""big_chance_scored"":{""t"":0,""c"":0},""xg"":{""t"":1.31,""c"":1.45},""shots_on_target"":{""t"":4.2,""c"":3.6},""shots_in_box"":{""t"":6.75,""c"":6.05},""total_shots"":{""t"":11.55,""c"":10.75},""shots_outside_box"":{""t"":4.8,""c"":4.7},""clearances"":{""t"":19.6,""c"":21.65},""dispossessed"":{""t"":5.6,""c"":5.5},""errors_goal"":{""t"":0,""c"":0},""errors_shot"":{""t"":1.95,""c"":2.6},""fouls"":{""t"":12.7,""c"":11.6},""gk_saves"":{""t"":2.65,""c"":2.9},""interceptions"":{""t"":14,""c"":13.7},""tackles"":{""t"":0.6,""c"":1.2},""free_kicks"":{""t"":3.5,""c"":2.85},""goal_kicks"":{""t"":7,""c"":8.1},""throw_ins"":{""t"":20.5,""c"":20.8},""possession"":{""t"":40.35,""c"":49.65},""offsides"":{""t"":1.2,""c"":1.1},""passes"":{""t"":331.05,""c"":423.05},""touches_opp_box"":{""t"":17.9,""c"":18.3},""red_cards"":{""t"":0,""c"":0.05},""yellow_cards"":{""t"":1.75,""c"":1.65}}","","","Landskrona BoIS","","","","{""corners_home"":7,""corners_away"":0,""goals_home"":2,""goals_away"":3,""shots_home"":4,""shots_away"":9,""cards_home"":1,""cards_away"":4,""btts"":1}","","Varbergs BoIS","{""xc_casa"":4.26,""xc_fora"":3.77,""xc_total"":8.03,""dc"":{""base"":3.625,""indice_ofensivo"":1.039,""indice_defensivo"":0.9976,""indice_composto"":1.0225},""df"":{""base"":3.625,""indice_ofensivo"":1.0167,""indice_defensivo"":1.078,""indice_composto"":1.0412},""xg_casa"":1.51,""xg_fora"":1.26,""xg_total"":2.77,""xs_casa"":4.21,""xs_fora"":3.94,""xs_total"":8.15,""p_btts"":0.4353,""db"":{""xg_casa"":1.51,""xg_fora"":1.26,""p_casa_marca"":0.7791,""p_fora_marca"":0.7163},""xcard_casa"":1.31,""xcard_fora"":1.71,""xcard_total"":3.02,""xfouls_casa"":14.22,""xfouls_fora"":13.78,""xfouls_total"":28,""xsaves_casa"":2.75,""xsaves_fora"":2.81,""xsaves_total"":5.56,""xtotalshots_casa"":11.11,""xtotalshots_fora"":10.22,""xtotalshots_total"":21.33,""sofascore_casa"":null,""sofascore_fora"":null,""fifa_casa"":null,""fifa_fora"":null,""fs_sofa_casa"":1,""fs_sofa_fora"":1,""fs_fifa_casa"":1,""fs_fifa_fora"":1,""fs_casa"":1,""fs_fora"":1}","completed","6a397993b00f787a0a794105","2026-06-22T18:06:11.692000","2026-07-11T15:53:01.869000","6a397687c9763709d6ee2143","lauremank622@gmail.com","false"
"2026-06-22","{""goals"":{""t"":1.36,""c"":1.57},""corners"":{""t"":4.5,""c"":3.21},""cards"":{""t"":1.14,""c"":1.79},""crosses"":{""t"":2.93,""c"":4},""big_chance_created"":{""t"":0,""c"":0},""big_chance_missed"":{""t"":0,""c"":0},""big_chance_scored"":{""t"":0,""c"":0},""xg"":{""t"":1.19,""c"":1.1},""shots_on_target"":{""t"":3.57,""c"":2.64},""shots_in_box"":{""t"":6.57,""c"":4.43},""total_shots"":{""t"":11,""c"":6.79},""shots_outside_box"":{""t"":4.43,""c"":2.36},""clearances"":{""t"":24.36,""c"":22.71},""dispossessed"":{""t"":5.79,""c"":5},""errors_goal"":{""t"":0,""c"":0},""errors_shot"":{""t"":1.36,""c"":2},""fouls"":{""t"":9.36,""c"":9.36},""gk_saves"":{""t"":1.93,""c"":2.71},""interceptions"":{""t"":13.21,""c"":12.07},""tackles"":{""t"":1.5,""c"":0.86},""free_kicks"":{""t"":2.29,""c"":2.14},""goal_kicks"":{""t"":6.21,""c"":7.36},""throw_ins"":{""t"":18.71,""c"":19.57},""possession"":{""t"":36.93,""c"":34.5},""offsides"":{""t"":1.07,""c"":0.71},""passes"":{""t"":285.57,""c"":277.29},""touches_opp_box"":{""t"":16.29,""c"":14.64},""red_cards"":{""t"":0,""c"":0.14},""yellow_cards"":{""t"":1.14,""c"":1.64}}","{""goals"":{""t"":1.55,""c"":1.65},""corners"":{""t"":4.4,""c"":3.65},""cards"":{""t"":1.15,""c"":1.7},""crosses"":{""t"":5.05,""c"":5.1},""big_chance_created"":{""t"":0,""c"":0},""big_chance_missed"":{""t"":0,""c"":0},""big_chance_scored"":{""t"":0,""c"":0},""xg"":{""t"":1.36,""c"":1.32},""shots_on_target"":{""t"":4,""c"":3.7},""shots_in_box"":{""t"":6.4,""c"":6.1},""total_shots"":{""t"":10.85,""c"":10.3},""shots_outside_box"":{""t"":4.45,""c"":4.2},""clearances"":{""t"":19.65,""c"":20},""dispossessed"":{""t"":6.95,""c"":6.7},""errors_goal"":{""t"":0,""c"":0},""errors_shot"":{""t"":2.05,""c"":2.35},""fouls"":{""t"":10.45,""c"":10.5},""gk_saves"":{""t"":2.2,""c"":2.6},""interceptions"":{""t"":15.5,""c"":14.9},""tackles"":{""t"":1.5,""c"":2.25},""free_kicks"":{""t"":2.95,""c"":2.65},""goal_kicks"":{""t"":7.1,""c"":6.9},""throw_ins"":{""t"":18.5,""c"":18.75},""possession"":{""t"":41.9,""c"":48.1},""offsides"":{""t"":1.75,""c"":1.25},""passes"":{""t"":383.5,""c"":451.8},""touches_opp_box"":{""t"":18.5,""c"":15.9},""red_cards"":{""t"":0.05,""c"":0},""yellow_cards"":{""t"":1.1,""c"":1.7}}","","","Ljungskile SK","","","","{""corners_home"":9,""corners_away"":7,""goals_home"":0,""goals_away"":0,""shots_home"":1,""shots_away"":5,""cards_home"":1,""cards_away"":3,""btts"":0}","","IK Oddevold","{""xc_casa"":4.76,""xc_fora"":4.09,""xc_total"":8.85,""dc"":{""base"":3.805,""indice_ofensivo"":1.1449,""indice_defensivo"":1.0034,""indice_composto"":1.0883},""df"":{""base"":4.075,""indice_ofensivo"":0.9698,""indice_defensivo"":1.0521,""indice_composto"":1.0027},""xg_casa"":1.62,""xg_fora"":1.39,""xg_total"":3.01,""xs_casa"":3.74,""xs_fora"":3.82,""xs_total"":7.56,""p_btts"":0.53,""db"":{""xg_casa"":1.62,""xg_fora"":1.39,""p_casa_marca"":0.8021,""p_fora_marca"":0.7509},""xcard_casa"":1.54,""xcard_fora"":1.35,""xcard_total"":2.89,""xfouls_casa"":14.65,""xfouls_fora"":11.26,""xfouls_total"":25.91,""xsaves_casa"":2.45,""xsaves_fora"":2.61,""xsaves_total"":5.06,""xtotalshots_casa"":9.71,""xtotalshots_fora"":10.32,""xtotalshots_total"":20.03,""sofascore_casa"":null,""sofascore_fora"":null,""fifa_casa"":null,""fifa_fora"":null,""fs_sofa_casa"":1,""fs_sofa_fora"":1,""fs_fifa_casa"":1,""fs_fifa_fora"":1,""fs_casa"":1,""fs_fora"":1}","completed","6a39796942a583e9fccd2c08","2026-06-22T18:05:29.153000","2026-07-11T15:53:01.869000","6a397687c9763709d6ee2143","lauremank622@gmail.com","false"
"2026-06-22","{""goals"":{""t"":2.6,""c"":1.1},""corners"":{""t"":4.5,""c"":3.1},""cards"":{""t"":1.85,""c"":1.5},""crosses"":{""t"":2.65,""c"":1.65},""big_chance_created"":{""t"":2.05,""c"":1.2},""big_chance_missed"":{""t"":1.1,""c"":0.8},""big_chance_scored"":{""t"":0.95,""c"":0.4},""xg"":{""t"":0.19,""c"":0.26},""shots_on_target"":{""t"":4.7,""c"":2.35},""shots_in_box"":{""t"":6.55,""c"":4.4},""total_shots"":{""t"":9.8,""c"":7.05},""shots_outside_box"":{""t"":3.25,""c"":2.65},""clearances"":{""t"":13.35,""c"":16.75},""dispossessed"":{""t"":6.2,""c"":6},""errors_goal"":{""t"":0.05,""c"":0.4},""errors_shot"":{""t"":0.45,""c"":0.4},""fouls"":{""t"":10.05,""c"":8.5},""gk_saves"":{""t"":1.75,""c"":3.4},""interceptions"":{""t"":6.4,""c"":7.8},""tackles"":{""t"":10.3,""c"":13.05},""free_kicks"":{""t"":11.3,""c"":11.95},""goal_kicks"":{""t"":4,""c"":6.95},""throw_ins"":{""t"":13.7,""c"":12.65},""possession"":{""t"":43.7,""c"":31.3},""offsides"":{""t"":1.15,""c"":1.35},""passes"":{""t"":373.85,""c"":272.1},""touches_opp_box"":{""t"":17.05,""c"":12.05},""red_cards"":{""t"":0.1,""c"":0.05},""yellow_cards"":{""t"":1.75,""c"":1.45}}","{""goals"":{""t"":3.15,""c"":0.9},""corners"":{""t"":5.35,""c"":2.5},""cards"":{""t"":0.85,""c"":0.9},""crosses"":{""t"":5.15,""c"":2.7},""big_chance_created"":{""t"":4.1,""c"":1.4},""big_chance_missed"":{""t"":1.75,""c"":0.95},""big_chance_scored"":{""t"":2.35,""c"":0.5},""xg"":{""t"":1.78,""c"":0.5},""shots_on_target"":{""t"":6.1,""c"":3.1},""shots_in_box"":{""t"":12.15,""c"":5.65},""total_shots"":{""t"":16.1,""c"":9.05},""shots_outside_box"":{""t"":3.95,""c"":3.4},""clearances"":{""t"":15.5,""c"":22.35},""dispossessed"":{""t"":8.55,""c"":7.3},""errors_goal"":{""t"":0.1,""c"":0.6},""errors_shot"":{""t"":0.35,""c"":0.5},""fouls"":{""t"":7.9,""c"":9.35},""gk_saves"":{""t"":2.15,""c"":3.05},""interceptions"":{""t"":6.25,""c"":6.85},""tackles"":{""t"":13.5,""c"":17.55},""free_kicks"":{""t"":11.5,""c"":9.75},""goal_kicks"":{""t"":5.1,""c"":7.65},""throw_ins"":{""t"":16.4,""c"":15},""possession"":{""t"":54.85,""c"":45.15},""offsides"":{""t"":0.95,""c"":1.2},""passes"":{""t"":514.55,""c"":423.7},""touches_opp_box"":{""t"":34.45,""c"":14.95},""red_cards"":{""t"":0,""c"":0},""yellow_cards"":{""t"":0.85,""c"":0.9}}","","","Senegal","","","","{""corners_home"":5,""corners_away"":4,""goals_home"":3,""goals_away"":2,""shots_home"":7,""shots_away"":4,""cards_home"":0,""cards_away"":0,""btts"":1}","","Noruega","{""xc_casa"":5.73,""xc_fora"":3.66,""xc_total"":9.39,""dc"":{""base"":4.225,""indice_ofensivo"":1.4235,""indice_defensivo"":0.8112,""indice_composto"":1.1786},""df"":{""base"":3.5,""indice_ofensivo"":1.0787,""indice_defensivo"":0.9941,""indice_composto"":1.0448},""xg_casa"":2.54,""xg_fora"":1.52,""xg_total"":4.06,""xs_casa"":5.17,""xs_fora"":4.24,""xs_total"":9.41,""p_btts"":0.6765,""db"":{""xg_casa"":2.54,""xg_fora"":1.52,""p_casa_marca"":0.9211,""p_fora_marca"":0.7813},""xcard_casa"":1.1,""xcard_fora"":1.39,""xcard_total"":2.49,""xfouls_casa"":10.94,""xfouls_fora"":11.59,""xfouls_total"":22.53,""xsaves_casa"":2.98,""xsaves_fora"":3.59,""xsaves_total"":6.57,""xtotalshots_casa"":16.77,""xtotalshots_fora"":10.01,""xtotalshots_total"":26.78,""sofascore_casa"":null,""sofascore_fora"":null,""fifa_casa"":null,""fifa_fora"":null,""fs_sofa_casa"":1,""fs_sofa_fora"":1,""fs_fifa_casa"":1,""fs_fifa_fora"":1,""fs_casa"":1,""fs_fora"":1}","completed","6a397940d050b08f9f412b36","2026-06-22T18:04:48.484000","2026-07-11T15:53:01.869000","6a397687c9763709d6ee2143","lauremank622@gmail.com","false"
"2026-06-22","{""goals"":{""t"":2.35,""c"":0.7},""corners"":{""t"":4.4,""c"":3.05},""cards"":{""t"":1.65,""c"":1.65},""crosses"":{""t"":5.15,""c"":2.55},""big_chance_created"":{""t"":3.15,""c"":0.8},""big_chance_missed"":{""t"":1.8,""c"":0.35},""big_chance_scored"":{""t"":1.35,""c"":0.45},""xg"":{""t"":1.38,""c"":0.61},""shots_on_target"":{""t"":5.8,""c"":2.1},""shots_in_box"":{""t"":9.95,""c"":5.45},""total_shots"":{""t"":14.45,""c"":9},""shots_outside_box"":{""t"":4.5,""c"":3.55},""clearances"":{""t"":18.1,""c"":31.2},""dispossessed"":{""t"":8,""c"":8.9},""errors_goal"":{""t"":0.05,""c"":0.3},""errors_shot"":{""t"":0.15,""c"":0.25},""fouls"":{""t"":11.65,""c"":9.8},""gk_saves"":{""t"":1.35,""c"":3.35},""interceptions"":{""t"":6.35,""c"":9.05},""tackles"":{""t"":17.95,""c"":16.5},""free_kicks"":{""t"":10.75,""c"":14.35},""goal_kicks"":{""t"":5.45,""c"":8.8},""throw_ins"":{""t"":21.3,""c"":19.6},""possession"":{""t"":63.35,""c"":36.65},""offsides"":{""t"":2,""c"":0.95},""passes"":{""t"":543,""c"":312.85},""touches_opp_box"":{""t"":32.7,""c"":13.2},""red_cards"":{""t"":0.15,""c"":0.05},""yellow_cards"":{""t"":1.5,""c"":1.6}}","{""goals"":{""t"":2.35,""c"":0.45},""corners"":{""t"":4.2,""c"":2.6},""cards"":{""t"":1.55,""c"":2.35},""crosses"":{""t"":2.8,""c"":2.4},""big_chance_created"":{""t"":2.95,""c"":0.95},""big_chance_missed"":{""t"":1.55,""c"":0.65},""big_chance_scored"":{""t"":1.4,""c"":0.3},""xg"":{""t"":0.47,""c"":0.16},""shots_on_target"":{""t"":5.45,""c"":2.1},""shots_in_box"":{""t"":8.2,""c"":3.65},""total_shots"":{""t"":12.65,""c"":6.75},""shots_outside_box"":{""t"":4.45,""c"":3.1},""clearances"":{""t"":11.8,""c"":16.25},""dispossessed"":{""t"":7.25,""c"":7.8},""errors_goal"":{""t"":0.05,""c"":0.2},""errors_shot"":{""t"":0.25,""c"":0.35},""fouls"":{""t"":9.25,""c"":11.45},""gk_saves"":{""t"":1.6,""c"":3.2},""interceptions"":{""t"":8.95,""c"":10.8},""tackles"":{""t"":15.2,""c"":14.4},""free_kicks"":{""t"":14.1,""c"":13.3},""goal_kicks"":{""t"":4.5,""c"":6.4},""throw_ins"":{""t"":14.7,""c"":13.75},""possession"":{""t"":64.65,""c"":35.35},""offsides"":{""t"":1.95,""c"":1.45},""passes"":{""t"":644.35,""c"":343.2},""touches_opp_box"":{""t"":25.95,""c"":9.75},""red_cards"":{""t"":0.15,""c"":0.05},""yellow_cards"":{""t"":1.4,""c"":2.3}}","","","Austria","","","","{""goals_home"":2,""goals_away"":0,""corners_home"":1,""corners_away"":3,""shots_home"":5,""shots_away"":1,""cards_home"":2,""cards_away"":2,""btts"":0}","","Argentina","{""xc_casa"":4.8,""xc_fora"":4.12,""xc_total"":8.92,""dc"":{""base"":3.625,""indice_ofensivo"":1.2946,""indice_defensivo"":0.9372,""indice_composto"":1.1517},""df"":{""base"":3.5,""indice_ofensivo"":1.4175,""indice_defensivo"":0.8193,""indice_composto"":1.1782},""xg_casa"":1.63,""xg_fora"":1.55,""xg_total"":3.18,""xs_casa"":4.55,""xs_fora"":4.84,""xs_total"":9.39,""p_btts"":0.5574,""db"":{""xg_casa"":1.63,""xg_fora"":1.55,""p_casa_marca"":0.8041,""p_fora_marca"":0.7878},""xcard_casa"":1.43,""xcard_fora"":2.04,""xcard_total"":3.47,""xfouls_casa"":12.04,""xfouls_fora"":15.17,""xfouls_total"":27.21,""xsaves_casa"":3.72,""xsaves_fora"":2.98,""xsaves_total"":6.7,""xtotalshots_casa"":13.75,""xtotalshots_fora"":15.11,""xtotalshots_total"":28.86,""sofascore_casa"":null,""sofascore_fora"":null,""fifa_casa"":null,""fifa_fora"":null,""fs_sofa_casa"":1,""fs_sofa_fora"":1,""fs_fifa_casa"":1,""fs_fifa_fora"":1,""fs_casa"":1,""fs_fora"":1}","completed","6a39788de63bbef7a78ab8c4","2026-06-22T18:01:49.723000","2026-07-11T15:53:01.869000","6a397687c9763709d6ee2143","lauremank622@gmail.com","false"
"2026-06-22","{""goals"":{""t"":1,""c"":1.1},""corners"":{""t"":3.4,""c"":3.5},""cards"":{""t"":1.5,""c"":2.3},""crosses"":{""t"":3.15,""c"":3.9},""big_chance_created"":{""t"":0.85,""c"":1.5},""big_chance_missed"":{""t"":0.5,""c"":0.85},""big_chance_scored"":{""t"":0.35,""c"":0.65},""xg"":{""t"":0.04,""c"":0.17},""shots_on_target"":{""t"":2.15,""c"":2.7},""shots_in_box"":{""t"":4.35,""c"":5.05},""total_shots"":{""t"":6.7,""c"":8.45},""shots_outside_box"":{""t"":2.35,""c"":3.4},""clearances"":{""t"":17.65,""c"":18.15},""dispossessed"":{""t"":6.85,""c"":4.75},""errors_goal"":{""t"":0.15,""c"":0.05},""errors_shot"":{""t"":0.35,""c"":0},""fouls"":{""t"":9.1,""c"":8.5},""gk_saves"":{""t"":1.9,""c"":1.4},""interceptions"":{""t"":5.25,""c"":5.95},""tackles"":{""t"":12.05,""c"":13.75},""free_kicks"":{""t"":10,""c"":9.95},""goal_kicks"":{""t"":6.45,""c"":5.2},""throw_ins"":{""t"":17.75,""c"":15.95},""possession"":{""t"":35.65,""c"":44.35},""offsides"":{""t"":0.9,""c"":1.6},""passes"":{""t"":278.85,""c"":362.55},""touches_opp_box"":{""t"":11.35,""c"":14.25},""red_cards"":{""t"":0.15,""c"":0.2},""yellow_cards"":{""t"":1.35,""c"":2.1}}","{""goals"":{""t"":2.6,""c"":1.2},""corners"":{""t"":6.65,""c"":3.15},""cards"":{""t"":1.85,""c"":1.7},""crosses"":{""t"":4.2,""c"":2.1},""big_chance_created"":{""t"":3.35,""c"":1.7},""big_chance_missed"":{""t"":2,""c"":0.9},""big_chance_scored"":{""t"":1.35,""c"":0.8},""xg"":{""t"":1.67,""c"":0.74},""shots_on_target"":{""t"":6.75,""c"":2.95},""shots_in_box"":{""t"":12.35,""c"":5.7},""total_shots"":{""t"":18.65,""c"":8.1},""shots_outside_box"":{""t"":6.3,""c"":2.4},""clearances"":{""t"":13.05,""c"":23.25},""dispossessed"":{""t"":9.85,""c"":9.1},""errors_goal"":{""t"":0.1,""c"":0.1},""errors_shot"":{""t"":0.45,""c"":0.75},""fouls"":{""t"":9.1,""c"":10.95},""gk_saves"":{""t"":1.95,""c"":4.55},""interceptions"":{""t"":8,""c"":8.8},""tackles"":{""t"":16.05,""c"":20.4},""free_kicks"":{""t"":13.55,""c"":11.5},""goal_kicks"":{""t"":5.05,""c"":9.55},""throw_ins"":{""t"":17.75,""c"":14.2},""possession"":{""t"":60.8,""c"":39.2},""offsides"":{""t"":1.3,""c"":1.6},""passes"":{""t"":606.2,""c"":390},""touches_opp_box"":{""t"":39.05,""c"":14.55},""red_cards"":{""t"":0.15,""c"":0},""yellow_cards"":{""t"":1.7,""c"":1.7}}","","","Iraque","","","","{""corners_home"":4,""corners_away"":2,""goals_home"":3,""goals_away"":0,""shots_home"":5,""shots_away"":0,""cards_home"":0,""cards_away"":1,""btts"":0}","","França","{""xc_casa"":6.31,""xc_fora"":3.72,""xc_total"":10.03,""dc"":{""base"":5.075,""indice_ofensivo"":1.3625,""indice_defensivo"":0.6583,""indice_composto"":1.0808},""df"":{""base"":3.275,""indice_ofensivo"":0.8779,""indice_defensivo"":1.5214,""indice_composto"":1.1353},""xg_casa"":2.14,""xg_fora"":1,""xg_total"":3.14,""xs_casa"":5.3,""xs_fora"":2.94,""xs_total"":8.24,""p_btts"":0.4908,""db"":{""xg_casa"":2.14,""xg_fora"":1,""p_casa_marca"":0.8823,""p_fora_marca"":0.6321},""xcard_casa"":2.07,""xcard_fora"":1.39,""xcard_total"":3.46,""xfouls_casa"":12.44,""xfouls_fora"":10.97,""xfouls_total"":23.41,""xsaves_casa"":1.23,""xsaves_fora"":4.7,""xsaves_total"":5.93,""xtotalshots_casa"":18.33,""xtotalshots_fora"":6.3,""xtotalshots_total"":24.63,""sofascore_casa"":null,""sofascore_fora"":null,""fifa_casa"":null,""fifa_fora"":null,""fs_sofa_casa"":1,""fs_sofa_fora"":1,""fs_fifa_casa"":1,""fs_fifa_fora"":1,""fs_casa"":1,""fs_fora"":1}","completed","6a397813149b2d017eca16c5","2026-06-22T17:59:47.799000","2026-07-11T15:53:01.869000","6a397687c9763709d6ee2143","lauremank622@gmail.com","false"